{"stats":{"minecraft:picked_up":{"minecraft:birch_log":15,"chococraft:loverly_gysahl_green":1,"minecraft:crafting_table":3,"minecraft:oak_log":1,"chococraft:gysahl_green_seeds":4,"minecraft:dirt":4,"chococraft:gysahl_green":15,"chococraft:gold_gysahl":1,"minecraft:wheat_seeds":1,"minecraft:cobblestone":43},"minecraft:mined":{"minecraft:birch_log":15,"minecraft:birch_leaves":1,"minecraft:crafting_table":3,"minecraft:grass":3,"chococraft:gysahl_green":5,"minecraft:grass_block":2,"minecraft:oak_log":1,"minecraft:dirt":1,"minecraft:stone":44},"minecraft:killed_by":{"alexsmobs:rhinoceros":1},"minecraft:crafted":{"minecraft:oak_planks":4,"minecraft:crafting_table":1,"minecraft:stick":8,"minecraft:wooden_pickaxe":1,"minecraft:stone_pickaxe":1,"minecraft:wooden_axe":1,"minecraft:birch_planks":60,"minecraft:stone_axe":1},"minecraft:custom":{"minecraft:time_since_rest":2884,"minecraft:sprint_one_cm":29071,"minecraft:damage_taken":420,"minecraft:walk_one_cm":22726,"minecraft:drop":13,"minecraft:damage_dealt":27,"minecraft:talked_to_villager":1,"minecraft:interact_with_crafting_table":4,"minecraft:swim_one_cm":6379,"minecraft:fly_one_cm":46368,"minecraft:open_chest":1,"minecraft:play_time":9484,"minecraft:deaths":1,"minecraft:sneak_time":70,"minecraft:walk_under_water_one_cm":3061,"minecraft:jump":237,"minecraft:time_since_death":2844,"minecraft:walk_on_water_one_cm":1880,"minecraft:total_world_time":9484,"minecraft:fall_one_cm":9925},"minecraft:used":{"minecraft:wooden_axe":16,"minecraft:stone_pickaxe":41,"minecraft:wooden_pickaxe":6,"minecraft:stone_axe":8,"minecraft:crafting_table":3,"chococraft:gysahl_green":6},"minecraft:dropped":{"minecraft:dirt":4,"chococraft:loverly_gysahl_green":1,"minecraft:wheat_seeds":1,"chococraft:gold_gysahl":1,"minecraft:wooden_axe":1,"chococraft:gysahl_green_seeds":4,"minecraft:wooden_pickaxe":1}},"DataVersion":3120}