{"stats":{"minecraft:dropped":{"minecraft:stone_axe":1,"minecraft:wheat_seeds":3,"chococraft:loverly_gysahl_green":1,"chococraft:gold_gysahl":1,"minecraft:bowl":5,"minecraft:crafting_table":1,"minecraft:birch_sapling":1,"minecraft:wheat":7,"minecraft:feather":1,"minecraft:rotten_flesh":1,"chococraft:gysahl_green_seeds":10,"minecraft:spruce_stairs":2,"minecraft:dirt":4,"minecraft:wooden_axe":3,"minecraft:acacia_fence_gate":2,"minecraft:stone_pickaxe":1,"minecraft:wooden_pickaxe":3,"chococraft:straw":3,"minecraft:spruce_sapling":1,"minecraft:egg":1},"minecraft:killed":{"minecraft:cat":1,"minecraft:pig":4,"minecraft:witch":1,"aquaculture:red_grouper":1,"born_in_chaos_v1:decrepit_skeleton":1,"minecraft:zombie":2,"minecraft:chicken":1,"minecraft:cow":2},"minecraft:mined":{"minecraft:dark_oak_planks":2,"minecraft:dark_oak_log":21,"minecraft:crafting_table":10,"minecraft:grass_block":8,"minecraft:tall_grass":3,"minecraft:cobblestone":3,"minecraft:spruce_leaves":1,"minecraft:spruce_stairs":1,"minecraft:hay_block":26,"minecraft:birch_planks":2,"minecraft:furnace":1,"minecraft:acacia_fence_gate":1,"minecraft:birch_log":32,"minecraft:iron_ore":19,"minecraft:birch_leaves":12,"minecraft:gray_bed":1,"minecraft:andesite":2,"minecraft:grass":16,"chococraft:gysahl_green":13,"minecraft:coal_ore":51,"minecraft:oak_log":1,"minecraft:dirt_path":1,"minecraft:dirt":11,"minecraft:tripwire_hook":1,"minecraft:stone":101,"minecraft:oak_leaves":1},"minecraft:killed_by":{"irons_spellbooks:necromancer":1,"iceandfire:myrmex_worker":1,"iceandfire:ice_dragon":1,"minecraft:skeleton":3,"alexsmobs:rhinoceros":1,"minecraft:zombie":1,"iceandfire:ghost":2,"graveyard:skeleton_creeper":1},"minecraft:used":{"minecraft:water_bucket":8,"minecraft:birch_planks":2,"minecraft:stone_pickaxe":150,"minecraft:wooden_pickaxe":21,"minecraft:iron_sword":5,"minecraft:golden_apple":1,"minecraft:dirt":12,"minecraft:crafting_table":11,"aquaculture:red_grouper":1,"minecraft:dark_oak_planks":2,"minecraft:wooden_axe":68,"minecraft:chicken":1,"minecraft:bread":6,"minecraft:iron_pickaxe":12,"chococraft:straw":3,"minecraft:stone_axe":64,"minecraft:cobblestone":5,"minecraft:beef":1,"minecraft:hay_block":2,"minecraft:cooked_porkchop":1,"minecraft:furnace":1,"minecraft:porkchop":5,"minecraft:bucket":9,"minecraft:andesite":2,"chococraft:gysahl_green":16,"minecraft:cooked_beef":2,"minecraft:potato":18,"minecraft:beetroot_soup":3,"minecraft:experience_bottle":1},"minecraft:crafted":{"blue_skies:blue_journal":1,"chococraft:straw":3,"minecraft:oak_planks":4,"minecraft:cooked_porkchop":3,"minecraft:crafting_table":3,"minecraft:wooden_pickaxe":2,"minecraft:furnace":1,"minecraft:bucket":1,"minecraft:birch_planks":128,"minecraft:stone_axe":2,"minecraft:bread":49,"minecraft:stick":20,"minecraft:iron_ingot":10,"minecraft:iron_pickaxe":1,"minecraft:stone_pickaxe":2,"minecraft:wooden_axe":2,"minecraft:dark_oak_planks":84,"minecraft:wheat":95},"minecraft:custom":{"minecraft:interact_with_furnace":9,"minecraft:interact_with_anvil":1,"minecraft:mob_kills":13,"minecraft:traded_with_villager":3,"minecraft:interact_with_crafting_table":22,"minecraft:open_barrel":9,"minecraft:interact_with_campfire":4,"minecraft:interact_with_grindstone":3,"minecraft:leave_game":3,"minecraft:time_since_death":0,"minecraft:climb_one_cm":3556,"minecraft:time_since_rest":89,"minecraft:sprint_one_cm":421896,"minecraft:damage_absorbed":10,"minecraft:damage_taken":4064,"minecraft:walk_one_cm":223115,"minecraft:drop":50,"minecraft:damage_dealt":2096,"minecraft:damage_dealt_absorbed":80,"minecraft:swim_one_cm":46561,"minecraft:talked_to_villager":7,"minecraft:fly_one_cm":528713,"minecraft:open_chest":21,"minecraft:play_time":88605,"minecraft:crouch_one_cm":948,"minecraft:deaths":11,"minecraft:sneak_time":1192,"minecraft:walk_under_water_one_cm":18317,"minecraft:jump":2867,"minecraft:walk_on_water_one_cm":18825,"minecraft:total_world_time":88605,"minecraft:interact_with_smoker":2,"minecraft:fall_one_cm":80623},"minecraft:picked_up":{"minecraft:wooden_axe":1,"minecraft:birch_log":32,"minecraft:crafting_table":11,"chococraft:loverly_gysahl_green":1,"minecraft:wheat":5,"minecraft:feather":2,"minecraft:cooked_beef":3,"minecraft:chicken":1,"minecraft:tripwire_hook":1,"minecraft:andesite":2,"minecraft:leather":2,"minecraft:wooden_pickaxe":1,"minecraft:birch_planks":2,"minecraft:oak_log":1,"minecraft:dirt":19,"minecraft:lantern":1,"chococraft:gysahl_green":31,"chococraft:gold_gysahl":1,"minecraft:wheat_seeds":4,"minecraft:beef":4,"minecraft:acacia_fence_gate":2,"chococraft:straw":3,"minecraft:gray_bed":1,"minecraft:birch_sapling":1,"minecraft:furnace":1,"minecraft:egg":1,"minecraft:raw_iron":19,"minecraft:bowl":3,"minecraft:spruce_stairs":2,"minecraft:porkchop":8,"aquaculture:red_grouper":1,"chococraft:gysahl_green_seeds":10,"minecraft:spruce_sapling":1,"minecraft:dark_oak_log":21,"minecraft:dark_oak_planks":2,"minecraft:rotten_flesh":1,"minecraft:hay_block":26,"minecraft:coal":51,"minecraft:cobblestone":103}},"DataVersion":3120}