{"stats":{"minecraft:picked_up":{"minecraft:birch_log":15,"minecraft:feather":2,"chococraft:loverly_gysahl_green":1,"minecraft:crafting_table":4,"minecraft:cooked_beef":3,"minecraft:chicken":1,"minecraft:leather":2,"aquaculture:red_grouper":1,"minecraft:oak_log":1,"chococraft:gysahl_green_seeds":4,"minecraft:dirt":4,"chococraft:gysahl_green":21,"chococraft:gold_gysahl":1,"minecraft:wheat_seeds":4,"minecraft:hay_block":5,"minecraft:beef":4,"minecraft:acacia_fence_gate":2,"minecraft:cobblestone":43},"minecraft:killed":{"minecraft:zombie":1,"aquaculture:red_grouper":1,"minecraft:chicken":1,"minecraft:cow":2,"born_in_chaos_v1:decrepit_skeleton":1},"minecraft:mined":{"minecraft:hay_block":5,"minecraft:acacia_fence_gate":1,"minecraft:birch_log":15,"minecraft:birch_leaves":1,"minecraft:crafting_table":3,"minecraft:grass":11,"chococraft:gysahl_green":5,"minecraft:grass_block":2,"minecraft:oak_log":1,"minecraft:dirt":1,"minecraft:tall_grass":1,"minecraft:stone":44},"minecraft:killed_by":{"iceandfire:myrmex_worker":1,"minecraft:skeleton":1,"alexsmobs:rhinoceros":1,"minecraft:zombie":1},"minecraft:crafted":{"minecraft:oak_planks":4,"minecraft:crafting_table":1,"minecraft:stick":8,"minecraft:wooden_pickaxe":1,"minecraft:stone_pickaxe":1,"minecraft:wooden_axe":1,"minecraft:birch_planks":60,"minecraft:stone_axe":1,"minecraft:bread":12},"minecraft:custom":{"minecraft:time_since_rest":624,"minecraft:sprint_one_cm":103238,"minecraft:damage_taken":1260,"minecraft:walk_one_cm":59690,"minecraft:mob_kills":6,"minecraft:drop":19,"minecraft:damage_dealt":1021,"minecraft:traded_with_villager":2,"minecraft:damage_dealt_absorbed":80,"minecraft:talked_to_villager":2,"minecraft:interact_with_crafting_table":4,"minecraft:swim_one_cm":16125,"minecraft:fly_one_cm":193112,"minecraft:open_chest":2,"minecraft:play_time":25277,"minecraft:interact_with_campfire":4,"minecraft:deaths":4,"minecraft:sneak_time":104,"minecraft:walk_under_water_one_cm":8587,"minecraft:jump":808,"minecraft:leave_game":1,"minecraft:time_since_death":596,"minecraft:walk_on_water_one_cm":5191,"minecraft:total_world_time":25277,"minecraft:fall_one_cm":31922},"minecraft:used":{"minecraft:wooden_axe":16,"minecraft:chicken":1,"minecraft:stone_pickaxe":41,"minecraft:wooden_pickaxe":6,"minecraft:stone_axe":35,"minecraft:crafting_table":3,"chococraft:gysahl_green":6,"minecraft:cooked_beef":2,"aquaculture:red_grouper":1},"minecraft:dropped":{"minecraft:dirt":4,"chococraft:loverly_gysahl_green":1,"minecraft:wheat_seeds":3,"chococraft:gold_gysahl":1,"minecraft:crafting_table":1,"minecraft:wooden_axe":1,"minecraft:feather":1,"minecraft:acacia_fence_gate":2,"chococraft:gysahl_green_seeds":4,"minecraft:wooden_pickaxe":1}},"DataVersion":3120}