{"stats":{"minecraft:picked_up":{"iceandfire:dragon_skull_lightning":1,"chococraft:loverly_gysahl_green":5,"minecraft:crafting_table":10,"minecraft:wooden_pickaxe":2,"irons_spellbooks:arcane_essence":2,"minecraft:cobbled_deepslate":64,"minecraft:beef":14,"minecraft:melon_slice":65,"minecraft:furnace":2,"minecraft:stick":2,"minecraft:raw_iron":3,"iceandfire:dragonbone":11,"minecraft:oak_fence":2,"minecraft:torch":3,"minecraft:acacia_log":28,"minecraft:porkchop":18,"quark:blossom_log":7,"minecraft:arrow":3,"minecraft:rotten_flesh":10,"minecraft:hay_block":2,"minecraft:mangrove_roots":1,"minecraft:cobblestone":77,"minecraft:birch_log":6,"minecraft:jungle_log":2,"minecraft:black_bed":1,"minecraft:leather":6,"minecraft:smoker":2,"minecraft:oak_log":22,"minecraft:acacia_boat":2,"minecraft:dirt":61,"minecraft:white_banner":1,"chococraft:chocobo_feather":2,"minecraft:bone":2,"chococraft:gysahl_green":60,"minecraft:acacia_planks":6,"chococraft:gold_gysahl":1,"minecraft:wheat_seeds":9,"minecraft:iron_ingot":1,"minecraft:iron_sword":1,"minecraft:gravel":3,"chococraft:gysahl_green_seeds":22,"minecraft:acacia_stairs":1,"minecraft:spider_eye":1,"minecraft:stripped_acacia_log":2,"minecraft:diamond":3,"minecraft:emerald":7,"minecraft:oak_sapling":1,"minecraft:mangrove_propagule":1,"minecraft:coal":73},"minecraft:killed":{"minecraft:vindicator":1,"minecraft:spider":1,"minecraft:skeleton":2,"minecraft:horse":1,"irons_spellbooks:summoned_skeleton":1,"mowziesmobs:umvuthana":2,"minecraft:pig":9,"irons_spellbooks:necromancer":1,"minecraft:pillager":8,"minecraft:zombie":9,"minecraft:cow":8},"minecraft:mined":{"minecraft:deepslate_diamond_ore":3,"minecraft:mangrove_roots":1,"minecraft:acacia_log":28,"minecraft:grass_block":8,"minecraft:jungle_log":2,"minecraft:sandstone":5,"minecraft:spawner":1,"minecraft:hay_block":2,"minecraft:furnace":2,"minecraft:iron_ore":1,"minecraft:cobbled_deepslate":1,"minecraft:acacia_stairs":1,"chococraft:gysahl_green":23,"minecraft:vine":1,"minecraft:deepslate_iron_ore":2,"minecraft:stripped_acacia_log":2,"minecraft:stone":63,"minecraft:acacia_leaves":2,"minecraft:glass_pane":1,"minecraft:smoker":2,"minecraft:oak_fence":2,"minecraft:crafting_table":10,"minecraft:torch":1,"minecraft:melon":14,"minecraft:tall_grass":6,"minecraft:cobblestone":13,"minecraft:wall_torch":1,"minecraft:birch_log":6,"minecraft:birch_leaves":7,"minecraft:black_bed":1,"minecraft:mangrove_leaves":4,"minecraft:grass":96,"minecraft:oak_log":22,"minecraft:coal_ore":34,"minecraft:sand":1,"minecraft:dirt":28,"minecraft:cobweb":2,"minecraft:acacia_planks":6,"minecraft:oak_leaves":13,"minecraft:deepslate":64},"minecraft:killed_by":{"iceandfire:deathworm":1,"minecraft:ravager":1,"rottencreatures:swampy":1,"irons_spellbooks:necromancer":1,"minecraft:skeleton":1,"alexsmobs:rhinoceros":1,"minecraft:zombie":2},"minecraft:crafted":{"minecraft:oak_planks":88,"minecraft:furnace":2,"quark:acacia_chest":1,"minecraft:stone_pickaxe":2,"minecraft:wheat":18,"minecraft:cooked_beef":6,"quark:blossom_planks":28,"minecraft:cooked_porkchop":10,"minecraft:crafting_table":4,"minecraft:wooden_pickaxe":3,"minecraft:iron_sword":1,"minecraft:birch_planks":24,"minecraft:stone_axe":2,"minecraft:acacia_boat":2,"minecraft:air":0,"minecraft:shield":1,"minecraft:stick":32,"minecraft:iron_ingot":4,"minecraft:iron_pickaxe":1,"minecraft:stone_sword":2,"minecraft:acacia_planks":120,"minecraft:torch":44},"minecraft:custom":{"minecraft:mob_kills":44,"minecraft:interact_with_crafting_table":24,"minecraft:open_barrel":3,"minecraft:damage_dealt_resisted":30,"minecraft:leave_game":3,"minecraft:time_since_death":21534,"minecraft:climb_one_cm":21848,"minecraft:sprint_one_cm":435079,"minecraft:walk_one_cm":259953,"minecraft:damage_blocked_by_shield":425,"minecraft:drop":39,"minecraft:talked_to_villager":1,"minecraft:play_time":122631,"minecraft:deaths":8,"minecraft:sneak_time":4133,"minecraft:walk_under_water_one_cm":19488,"minecraft:boat_one_cm":1006,"minecraft:jump":2849,"minecraft:walk_on_water_one_cm":21718,"minecraft:total_world_time":122631,"minecraft:interact_with_furnace":7,"minecraft:raid_trigger":1,"minecraft:sleep_in_bed":5,"minecraft:time_since_rest":21559,"minecraft:damage_taken":4380,"minecraft:damage_dealt":7273,"minecraft:swim_one_cm":51622,"minecraft:fly_one_cm":608361,"minecraft:open_chest":21,"minecraft:crouch_one_cm":10392,"minecraft:interact_with_smoker":6,"minecraft:fall_one_cm":83575},"minecraft:used":{"minecraft:oak_fence":2,"minecraft:stone_sword":117,"minecraft:shield":9,"minecraft:iron_sword":10,"minecraft:rotten_flesh":2,"minecraft:torch":61,"minecraft:dirt":38,"minecraft:beef":1,"minecraft:mangrove_roots":1,"minecraft:furnace":3,"quark:blossom_planks":8,"minecraft:cooked_beef":6,"minecraft:acacia_planks":26,"minecraft:cobbled_deepslate":59,"minecraft:acacia_boat":3,"minecraft:stone_pickaxe":24,"minecraft:wooden_pickaxe":54,"iceandfire:dragon_skull_lightning":1,"minecraft:glow_berries":9,"minecraft:crafting_table":13,"quark:acacia_chest":1,"minecraft:smoker":1,"minecraft:acacia_stairs":1,"minecraft:apple":5,"minecraft:melon_slice":8,"minecraft:mangrove_propagule":1,"minecraft:bread":6,"minecraft:iron_pickaxe":97,"minecraft:stone_axe":101,"minecraft:cobblestone":31,"minecraft:cooked_porkchop":10,"minecraft:white_banner":1,"minecraft:porkchop":4,"chococraft:gysahl_green":33},"minecraft:dropped":{"minecraft:iron_sword":1,"chococraft:loverly_gysahl_green":2,"minecraft:wheat_seeds":7,"minecraft:cobblestone":1,"chococraft:gysahl_green_seeds":22,"minecraft:dirt":14,"minecraft:amethyst_shard":5,"minecraft:string":8,"minecraft:furnace":1,"minecraft:stone_sword":1,"minecraft:cobbled_deepslate":5,"chococraft:chocobo_feather":2,"minecraft:rotten_flesh":1,"iceandfire:bestiary":1,"minecraft:oak_sapling":1,"minecraft:spider_eye":1,"minecraft:arrow":1,"minecraft:wooden_pickaxe":4,"minecraft:stone_pickaxe":1,"chococraft:gysahl_green":21}},"DataVersion":3120}