{"stats":{"minecraft:mined":{"minecraft:iron_ore":1,"minecraft:birch_log":6,"minecraft:crafting_table":1,"minecraft:grass":15,"chococraft:gysahl_green":14,"minecraft:grass_block":3,"minecraft:oak_log":22,"minecraft:melon":14,"minecraft:dirt":9,"minecraft:tall_grass":1,"minecraft:stone":11,"minecraft:oak_leaves":6},"minecraft:killed_by":{"alexsmobs:rhinoceros":1},"minecraft:crafted":{"minecraft:oak_planks":88,"minecraft:crafting_table":1,"minecraft:stick":8,"minecraft:wooden_pickaxe":1,"minecraft:stone_pickaxe":1,"minecraft:stone_sword":1,"minecraft:birch_planks":24,"minecraft:stone_axe":1},"minecraft:used":{"minecraft:stone_sword":20,"minecraft:melon_slice":2,"minecraft:stone_pickaxe":3,"minecraft:wooden_pickaxe":9,"minecraft:stone_axe":33,"minecraft:dirt":5,"minecraft:crafting_table":1,"minecraft:porkchop":3,"chococraft:gysahl_green":16},"minecraft:custom":{"minecraft:time_since_rest":616,"minecraft:sprint_one_cm":71073,"minecraft:damage_taken":665,"minecraft:walk_one_cm":40726,"minecraft:mob_kills":6,"minecraft:drop":7,"minecraft:damage_dealt":751,"minecraft:talked_to_villager":1,"minecraft:swim_one_cm":2803,"minecraft:interact_with_crafting_table":3,"minecraft:fly_one_cm":110555,"minecraft:open_chest":2,"minecraft:crouch_one_cm":2300,"minecraft:play_time":17662,"minecraft:deaths":1,"minecraft:sneak_time":1451,"minecraft:walk_under_water_one_cm":3352,"minecraft:damage_dealt_resisted":30,"minecraft:jump":462,"minecraft:walk_on_water_one_cm":1728,"minecraft:time_since_death":9126,"minecraft:sleep_in_bed":2,"minecraft:total_world_time":17662,"minecraft:fall_one_cm":13709},"minecraft:killed":{"minecraft:zombie":2,"minecraft:pig":2,"mowziesmobs:umvuthana":2},"minecraft:picked_up":{"minecraft:birch_log":6,"chococraft:loverly_gysahl_green":3,"minecraft:crafting_table":1,"minecraft:raw_iron":1,"minecraft:porkchop":3,"minecraft:oak_log":22,"chococraft:gysahl_green_seeds":14,"minecraft:dirt":12,"minecraft:rotten_flesh":1,"chococraft:gysahl_green":40,"minecraft:wheat_seeds":2,"minecraft:melon_slice":65,"minecraft:cobblestone":11},"minecraft:dropped":{"minecraft:wheat_seeds":1,"minecraft:rotten_flesh":1,"chococraft:gysahl_green_seeds":14,"minecraft:wooden_pickaxe":1}},"DataVersion":3120}