{"stats":{"minecraft:picked_up":{"irons_spellbooks:scroll":11,"minecraft:chiseled_deepslate":2,"minecraft:iron_chestplate":3,"chococraft:loverly_gysahl_green":5,"minecraft:black_carpet":2,"minecraft:brown_bed":1,"minecraft:stone_brick_stairs":26,"minecraft:polished_deepslate":1,"minecraft:string":85,"minecraft:soul_soil":5,"minecraft:smooth_stone_slab":11,"alexsmobs:blood_sac":2,"minecraft:deepslate_tiles":20,"irons_spellbooks:arcane_essence":74,"minecraft:diamond_leggings":1,"minecraft:gold_nugget":26,"minecraft:cobbled_deepslate":7100,"minecraft:deepslate_tile_wall":1,"minecraft:iron_pickaxe":1,"irons_spellbooks:blank_rune":2,"minecraft:melon_slice":98,"minecraft:coal_block":8,"minecraft:iron_boots":1,"minecraft:furnace":2,"minecraft:stick":2,"minecraft:polished_deepslate_stairs":6,"minecraft:oak_fence":2,"minecraft:torch":32,"minecraft:acacia_log":28,"quark:blossom_log":7,"minecraft:porkchop":18,"minecraft:pointed_dripstone":8,"minecraft:diorite":290,"minecraft:deepslate_tile_stairs":4,"minecraft:mangrove_stairs":2,"minecraft:rotten_flesh":287,"graveyard:gray_urn":1,"minecraft:mangrove_roots":1,"minecraft:deepslate_brick_stairs":7,"minecraft:obsidian":14,"minecraft:iron_bars":2,"minecraft:cobblestone":6225,"minecraft:birch_log":6,"minecraft:enchanting_table":2,"minecraft:feather":2,"minecraft:iron_door":2,"minecraft:andesite":654,"minecraft:jungle_log":50,"minecraft:black_bed":1,"minecraft:smoker":6,"minecraft:potato":2,"minecraft:flint":10,"minecraft:tuff":516,"minecraft:magenta_bed":2,"artifacts:flame_pendant":1,"minecraft:acacia_boat":2,"minecraft:wither_skeleton_skull":4,"minecraft:lapis_lazuli":16,"minecraft:dirt":515,"minecraft:gray_concrete_powder":4,"minecraft:name_tag":1,"artifacts:shock_pendant":1,"born_in_chaos_v1:monster_skin":1,"minecraft:bone":66,"minecraft:acacia_planks":10,"minecraft:bow":2,"minecraft:wheat_seeds":9,"minecraft:cobbled_deepslate_wall":1,"minecraft:deepslate_brick_slab":7,"minecraft:raw_gold":1,"minecraft:mossy_stone_bricks":27,"artifacts:antidote_vessel":1,"minecraft:diamond_helmet":1,"minecraft:bamboo":27,"minecraft:moss_block":78,"minecraft:oak_planks":31,"minecraft:mossy_stone_brick_stairs":2,"minecraft:black_terracotta":2,"minecraft:music_disc_13":1,"irons_spellbooks:legendary_ink":1,"minecraft:sand":17,"minecraft:jungle_planks":75,"minecraft:diamond_block":1,"minecraft:acacia_stairs":1,"minecraft:dark_oak_log":1,"minecraft:mossy_cobblestone":1,"minecraft:stripped_acacia_log":2,"minecraft:polished_andesite":8,"minecraft:dispenser":1,"minecraft:yellow_carpet":2,"minecraft:diamond":16,"iceandfire:crackled_stone":7,"minecraft:polished_blackstone_pressure_plate":2,"minecraft:granite":551,"minecraft:golden_apple":2,"minecraft:spruce_sign":5,"minecraft:emerald":7,"minecraft:oak_sapling":1,"born_in_chaos_v1:rotten_fish":4,"minecraft:netherrack":1310,"minecraft:dark_oak_fence":2,"rottencreatures:magma_rotten_flesh":1,"minecraft:diamond_pickaxe":1,"minecraft:lingering_potion":1,"iceandfire:dragon_skull_lightning":1,"minecraft:coarse_dirt":1,"minecraft:crafting_table":10,"iceandfire:witherbone":7,"minecraft:chicken":1,"minecraft:clay_ball":38,"minecraft:wooden_pickaxe":2,"minecraft:stone_brick_wall":7,"minecraft:gold_block":2,"minecraft:orange_banner":1,"minecraft:chain":1,"minecraft:stripped_mangrove_log":2,"minecraft:red_bed":1,"minecraft:moss_carpet":11,"graveyard:corruption":13,"quark:indigo_corundum":6,"minecraft:cracked_stone_bricks":93,"minecraft:beef":14,"minecraft:iron_nugget":20,"minecraft:egg":2,"minecraft:raw_iron":11,"minecraft:sandstone":1,"iceandfire:dragonbone":11,"minecraft:polished_deepslate_slab":11,"minecraft:fire_charge":2,"born_in_chaos_v1:pieceofdarkmetal":2,"minecraft:carrot":1,"minecraft:redstone":1,"minecraft:stone_pressure_plate":10,"minecraft:dark_oak_planks":3,"minecraft:tnt":36,"quark:yellow_corundum":2,"minecraft:arrow":27,"minecraft:jungle_stairs":1,"minecraft:deepslate_bricks":34,"minecraft:diamond_boots":1,"minecraft:hay_block":36,"minecraft:cracked_deepslate_bricks":6,"quark:indigo_corundum_cluster":14,"sophisticatedbackpacks:copper_backpack":1,"minecraft:rail":3,"minecraft:bone_block":8,"born_in_chaos_v1:fused_bone":2,"minecraft:cracked_deepslate_tiles":11,"born_in_chaos_v1:corpse_maggot":31,"born_in_chaos_v1:monster_flesh":1,"minecraft:leather":9,"minecraft:oak_log":31,"minecraft:chainmail_chestplate":2,"alexsmobs:mosquito_proboscis":1,"minecraft:nether_wart_block":1,"minecraft:gunpowder":2,"quark:limestone":62,"minecraft:white_banner":1,"chococraft:chocobo_feather":2,"minecraft:red_carpet":3,"chococraft:gysahl_green":60,"minecraft:stone_bricks":209,"chococraft:gold_gysahl":1,"minecraft:iron_ingot":14,"minecraft:stone_pickaxe":1,"minecraft:cobweb":21,"irons_spellbooks:cinder_essence":2,"minecraft:mangrove_planks":1,"iceandfire:crackled_cobblestone":7,"minecraft:gray_bed":1,"minecraft:iron_sword":4,"minecraft:flowering_azalea":1,"minecraft:dark_oak_stairs":1,"minecraft:book":1,"minecraft:scaffolding":8,"minecraft:dripstone_block":7,"minecraft:gravel":248,"minecraft:lava_bucket":1,"irons_spellbooks:blood_staff":3,"minecraft:soul_torch":1,"chococraft:gysahl_green_seeds":22,"minecraft:spruce_log":2,"minecraft:crying_obsidian":12,"minecraft:spider_eye":3,"minecraft:stripped_jungle_wood":3,"minecraft:baked_potato":1,"minecraft:ender_pearl":2,"minecraft:mangrove_propagule":1,"minecraft:coal":97},"minecraft:killed":{"minecraft:cave_spider":2,"born_in_chaos_v1:mr_pumpkin":1,"born_in_chaos_v1:zombie_lumberjack":2,"born_in_chaos_v1:skeleton_demoman":1,"rottencreatures:burned":14,"minecraft:spider":6,"graveyard:wraith":15,"born_in_chaos_v1:siamese_skeletonsright":2,"born_in_chaos_v1:baby_skeleton_minion":1,"minecraft:skeleton":28,"graveyard:acolyte":3,"minecraft:chicken":1,"irons_spellbooks:summoned_skeleton":3,"artifacts:mimic":3,"born_in_chaos_v1:bonescaller":1,"minecraft:pig":9,"minecraft:zombie_villager":3,"irons_spellbooks:necromancer":6,"minecraft:creeper":5,"alexsmobs:crimson_mosquito":5,"minecraft:pillager":8,"irons_spellbooks:summoned_vex":7,"minecraft:zombie":216,"born_in_chaos_v1:dread_hound":1,"born_in_chaos_v1:corpse_fly":5,"graveyard:corrupted_pillager":3,"born_in_chaos_v1:siamese_skeletonsleft":2,"minecraft:cow":8,"irons_spellbooks:summoned_zombie":28,"graveyard:corrupted_vindicator":4,"minecraft:vindicator":1,"quark:toretoise":1,"born_in_chaos_v1:zombie_bruiser":2,"born_in_chaos_v1:maggot":51,"minecraft:horse":1,"born_in_chaos_v1:corpse_fish":4,"mowziesmobs:umvuthana":2,"rottencreatures:undead_miner":5,"born_in_chaos_v1:baby_skeleton":2,"born_in_chaos_v1:decrepit_skeleton":4,"born_in_chaos_v1:dark_vortex":1,"minecraft:wither_skeleton":12,"minecraft:enderman":1},"minecraft:mined":{"minecraft:dark_oak_planks":3,"minecraft:stone_pressure_plate":2,"graveyard:gray_urn":1,"minecraft:black_terracotta":3,"irons_spellbooks:armor_pile":2,"minecraft:jungle_leaves":1,"minecraft:obsidian":14,"minecraft:cave_vines_plant":1,"minecraft:granite":10,"minecraft:acacia_log":28,"minecraft:deepslate_tile_wall":1,"minecraft:stone_brick_wall":2,"minecraft:grass_block":8,"minecraft:jungle_log":26,"minecraft:soul_soil":9,"quark:yellow_corundum":3,"minecraft:coal_block":8,"minecraft:deepslate_bricks":35,"minecraft:deepslate_tile_stairs":3,"minecraft:polished_blackstone_pressure_plate":2,"minecraft:spawner":14,"iceandfire:crackled_cobblestone":8,"minecraft:iron_ore":1,"minecraft:cobbled_deepslate":4,"minecraft:fire":3,"graveyard:leaning_wither_skeleton":1,"minecraft:moss_carpet":9,"minecraft:deepslate_lapis_ore":3,"minecraft:brown_bed":1,"minecraft:dark_oak_stairs":1,"chococraft:gysahl_green":23,"minecraft:polished_deepslate_slab":11,"minecraft:iron_bars":2,"quark:limestone":6,"minecraft:deepslate_brick_stairs":4,"quark:indigo_corundum":8,"minecraft:azalea":1,"minecraft:tripwire":2,"minecraft:piston_head":2,"minecraft:gray_terracotta":4,"minecraft:soul_wall_torch":1,"graveyard:light_gray_urn":2,"minecraft:potted_brown_mushroom":1,"minecraft:polished_deepslate_stairs":1,"minecraft:smoker":6,"minecraft:deepslate_tile_slab":1,"minecraft:clay":14,"minecraft:torch":6,"minecraft:blast_furnace":1,"minecraft:jungle_stairs":1,"minecraft:polished_andesite_stairs":2,"minecraft:melon":22,"minecraft:cobblestone":32,"graveyard:skeleton_hand":1,"minecraft:oak_planks":31,"minecraft:cyan_bed":1,"graveyard:lying_skeleton":1,"minecraft:iron_door":2,"minecraft:wall_torch":2,"minecraft:repeater":2,"iceandfire:crackled_stone":11,"minecraft:warped_planks":1,"minecraft:birch_log":6,"minecraft:tnt":128,"minecraft:black_bed":1,"graveyard:skull_pile":2,"minecraft:smooth_stone_slab":26,"minecraft:stone_brick_stairs":14,"minecraft:grass":103,"minecraft:cracked_deepslate_tiles":15,"minecraft:oak_log":33,"minecraft:sand":17,"minecraft:dirt":34,"graveyard:cyan_urn":1,"quark:indigo_corundum_cluster":3,"minecraft:wither_skeleton_skull":4,"minecraft:dispenser":1,"minecraft:netherrack":42,"minecraft:oak_leaves":14,"minecraft:deepslate":159,"minecraft:deepslate_tiles":19,"minecraft:diamond_ore":1,"minecraft:crying_obsidian":12,"minecraft:tuff":47,"minecraft:red_carpet":2,"minecraft:mossy_cobblestone":9,"minecraft:deepslate_diamond_ore":10,"minecraft:stripped_mangrove_log":2,"minecraft:dark_oak_log":1,"minecraft:mangrove_roots":1,"minecraft:orange_banner":1,"minecraft:dark_oak_fence":1,"minecraft:jungle_planks":23,"minecraft:stripped_jungle_wood":3,"minecraft:redstone_wire":3,"minecraft:moss_block":6,"minecraft:sandstone":6,"minecraft:deepslate_brick_slab":6,"minecraft:hay_block":10,"minecraft:furnace":2,"minecraft:acacia_stairs":1,"minecraft:andesite":46,"minecraft:chiseled_deepslate":2,"minecraft:gold_block":2,"minecraft:polished_deepslate":4,"minecraft:deepslate_iron_ore":4,"minecraft:vine":28,"minecraft:stripped_acacia_log":2,"minecraft:bamboo":1,"minecraft:stone":446,"minecraft:bone_block":2,"minecraft:podzol":3,"minecraft:oak_slab":2,"minecraft:acacia_leaves":2,"minecraft:flowering_azalea":1,"minecraft:glass_pane":1,"minecraft:soul_sand":3,"minecraft:oak_fence":2,"minecraft:crafting_table":10,"minecraft:cobbled_deepslate_wall":1,"minecraft:copper_ore":2,"minecraft:tall_grass":8,"minecraft:deepslate_coal_ore":2,"minecraft:cracked_deepslate_bricks":9,"minecraft:diorite":23,"minecraft:coarse_dirt":1,"minecraft:gray_concrete_powder":4,"graveyard:vase_block":3,"minecraft:gray_bed":1,"minecraft:birch_leaves":7,"minecraft:mangrove_leaves":4,"minecraft:coal_ore":39,"minecraft:gravel":19,"minecraft:cobweb":63,"minecraft:cracked_stone_bricks":71,"minecraft:acacia_planks":10,"minecraft:polished_andesite":7,"minecraft:stone_bricks":168,"minecraft:mossy_stone_bricks":2,"minecraft:fern":4},"minecraft:killed_by":{"minecraft:ravager":1,"graveyard:acolyte":4,"irons_spellbooks:citadel_keeper":1,"alexsmobs:rhinoceros":1,"minecraft:zombie":9,"minecraft:player":1,"iceandfire:deathworm":1,"rottencreatures:swampy":1,"irons_spellbooks:necromancer":1,"irons_spellbooks:dead_king":61,"minecraft:skeleton":1,"iceandfire:lightning_dragon":2},"minecraft:crafted":{"minecraft:oak_planks":124,"minecraft:golden_boots":2,"sophisticatedbackpacks:backpack":1,"quark:blossom_planks":28,"minecraft:cooked_porkchop":14,"minecraft:crafting_table":9,"minecraft:spruce_planks":8,"minecraft:wooden_pickaxe":3,"minecraft:gold_block":17,"minecraft:birch_planks":24,"minecraft:diamond_pickaxe":1,"minecraft:shield":3,"minecraft:stick":92,"quark:oak_chest":3,"minecraft:iron_ingot":4,"minecraft:iron_pickaxe":1,"minecraft:iron_block":15,"minecraft:stone_sword":2,"minecraft:coal":36,"quark:jungle_chest":1,"minecraft:furnace":2,"quark:acacia_chest":1,"minecraft:diamond":9,"minecraft:stone_pickaxe":2,"minecraft:jungle_fence":3,"minecraft:wheat":369,"minecraft:cooked_beef":12,"minecraft:coal_block":8,"minecraft:diamond_sword":1,"minecraft:iron_sword":2,"minecraft:mangrove_planks":8,"minecraft:stone_axe":2,"minecraft:jungle_slab":6,"minecraft:acacia_boat":2,"minecraft:bread":135,"minecraft:air":0,"irons_spellbooks:inscription_table":1,"minecraft:acacia_planks":120,"minecraft:torch":240},"minecraft:broken":{"minecraft:iron_boots":1,"minecraft:iron_chestplate":1,"minecraft:iron_sword":2,"minecraft:chainmail_leggings":1,"minecraft:iron_helmet":1},"minecraft:custom":{"minecraft:interact_with_crafting_table":46,"minecraft:open_barrel":110,"minecraft:leave_game":11,"minecraft:time_since_death":5615,"minecraft:sprint_one_cm":1278621,"minecraft:damage_blocked_by_shield":1908,"minecraft:drop":627,"minecraft:talked_to_villager":2,"minecraft:play_time":513512,"minecraft:deaths":84,"minecraft:jump":8847,"minecraft:walk_on_water_one_cm":34102,"minecraft:enchant_item":1,"minecraft:interact_with_furnace":7,"minecraft:sleep_in_bed":6,"minecraft:damage_dealt":51740,"minecraft:player_kills":4,"minecraft:crouch_one_cm":156534,"minecraft:interact_with_smoker":15,"minecraft:mob_kills":499,"minecraft:damage_dealt_resisted":1649,"minecraft:climb_one_cm":54809,"minecraft:walk_one_cm":1378020,"minecraft:damage_dealt_absorbed":291,"minecraft:sneak_time":47879,"minecraft:walk_under_water_one_cm":71367,"minecraft:interact_with_lectern":1,"minecraft:boat_one_cm":1251,"minecraft:interact_with_blast_furnace":2,"minecraft:total_world_time":513512,"minecraft:raid_trigger":1,"minecraft:time_since_rest":5660,"minecraft:damage_absorbed":476,"minecraft:damage_taken":36289,"minecraft:trigger_trapped_chest":18,"minecraft:swim_one_cm":70489,"minecraft:fly_one_cm":1450191,"minecraft:open_chest":168,"minecraft:fall_one_cm":227356},"minecraft:used":{"minecraft:moss_block":2,"minecraft:moss_carpet":4,"minecraft:polished_deepslate":1,"minecraft:ladder":3,"minecraft:shield":37,"minecraft:iron_sword":865,"minecraft:rotten_flesh":3,"minecraft:iron_chestplate":1,"minecraft:jungle_planks":59,"minecraft:carrot":22,"minecraft:cracked_deepslate_tiles":9,"minecraft:axolotl_bucket":1,"minecraft:tuff":24,"minecraft:obsidian":5,"minecraft:polished_deepslate_stairs":3,"born_in_chaos_v1:corpse_maggot":5,"minecraft:lava_bucket":47,"minecraft:stone_brick_stairs":3,"minecraft:stone_bricks":87,"minecraft:red_carpet":1,"minecraft:mangrove_roots":1,"minecraft:furnace":3,"minecraft:gray_bed":1,"minecraft:egg":1,"minecraft:potato":1,"minecraft:mossy_stone_bricks":6,"minecraft:diorite":1,"minecraft:oak_planks":77,"minecraft:stone_pickaxe":24,"minecraft:mangrove_planks":8,"minecraft:ender_pearl":4,"minecraft:wooden_pickaxe":54,"minecraft:diamond_axe":48,"minecraft:golden_apple":10,"minecraft:glow_berries":9,"minecraft:stone_brick_wall":1,"minecraft:lingering_potion":1,"minecraft:deepslate_tiles":13,"minecraft:crying_obsidian":3,"minecraft:melon_slice":41,"minecraft:bread":80,"minecraft:string":4,"minecraft:iron_door":2,"minecraft:diamond_sword":84,"minecraft:andesite":22,"chococraft:gysahl_green":33,"minecraft:coarse_dirt":1,"minecraft:cobweb":4,"minecraft:oak_fence":2,"minecraft:iron_bars":2,"minecraft:stone_sword":117,"minecraft:cracked_deepslate_bricks":2,"minecraft:flint_and_steel":1,"minecraft:netherrack":18,"minecraft:torch":317,"minecraft:dirt":39,"minecraft:diamond_helmet":1,"minecraft:yellow_carpet":2,"minecraft:granite":119,"minecraft:iron_boots":1,"minecraft:golden_carrot":30,"minecraft:soul_soil":1,"minecraft:beef":1,"minecraft:deepslate_tile_stairs":2,"quark:blossom_planks":8,"minecraft:cooked_beef":12,"minecraft:cobbled_deepslate":169,"minecraft:acacia_planks":78,"minecraft:pointed_dripstone":8,"minecraft:brown_bed":1,"minecraft:acacia_boat":4,"minecraft:water_bucket":1,"minecraft:polished_andesite":1,"minecraft:baked_potato":1,"iceandfire:dragon_skull_lightning":1,"minecraft:deepslate_bricks":9,"minecraft:cracked_stone_bricks":31,"minecraft:polished_deepslate_slab":2,"quark:acacia_chest":1,"minecraft:red_bed":1,"minecraft:crafting_table":19,"minecraft:magenta_bed":2,"minecraft:smoker":3,"minecraft:diamond_pickaxe":752,"minecraft:acacia_stairs":1,"minecraft:apple":5,"minecraft:mangrove_propagule":1,"minecraft:iron_pickaxe":579,"minecraft:stone_axe":101,"minecraft:cobblestone":118,"minecraft:porkchop":4,"minecraft:white_banner":1,"minecraft:cooked_porkchop":12,"minecraft:bucket":48,"quark:oak_chest":3,"minecraft:soul_torch":1,"minecraft:chainmail_leggings":1,"irons_spellbooks:inscription_table":1},"minecraft:dropped":{"minecraft:iron_sword":2,"minecraft:moss_block":75,"chococraft:loverly_gysahl_green":2,"minecraft:lapis_lazuli":16,"minecraft:ender_pearl":5,"minecraft:diamond":10,"minecraft:cooked_porkchop":2,"minecraft:jungle_fence":1,"minecraft:leather":3,"minecraft:mangrove_planks":1,"minecraft:cracked_stone_bricks":61,"born_in_chaos_v1:pieceofdarkmetal":2,"quark:limestone":64,"minecraft:deepslate_tile_stairs":2,"minecraft:rail":3,"graveyard:corruption":9,"minecraft:red_carpet":1,"minecraft:flint":10,"minecraft:music_disc_13":1,"born_in_chaos_v1:monster_flesh":1,"minecraft:dirt":488,"born_in_chaos_v1:monster_skin":1,"minecraft:dark_oak_fence":2,"minecraft:dispenser":1,"minecraft:polished_blackstone_pressure_plate":1,"irons_spellbooks:cinder_essence":2,"minecraft:mangrove_stairs":2,"irons_spellbooks:arcane_essence":83,"minecraft:gold_nugget":26,"minecraft:amethyst_shard":5,"minecraft:bone_block":8,"minecraft:iron_pickaxe":2,"rottencreatures:magma_rotten_flesh":1,"minecraft:bone":24,"minecraft:gravel":241,"minecraft:iron_nugget":20,"minecraft:cobbled_deepslate":5738,"minecraft:stripped_jungle_wood":3,"minecraft:black_carpet":2,"minecraft:wheat":2,"minecraft:deepslate_brick_slab":4,"minecraft:black_terracotta":2,"minecraft:rotten_flesh":250,"minecraft:oak_planks":13,"relics:space_dissector":1,"irons_spellbooks:blood_staff":3,"minecraft:chainmail_chestplate":2,"minecraft:chiseled_deepslate":1,"alexsmobs:blood_sac":2,"minecraft:deepslate_tiles":5,"minecraft:gunpowder":2,"minecraft:stone_brick_wall":4,"minecraft:jungle_log":24,"born_in_chaos_v1:corpse_maggot":21,"iceandfire:bestiary":1,"minecraft:arrow":7,"alexsmobs:mosquito_proboscis":1,"minecraft:scaffolding":8,"minecraft:stone_brick_stairs":14,"minecraft:netherrack":1219,"minecraft:enchanting_table":2,"minecraft:golden_boots":1,"minecraft:egg":1,"minecraft:enchanted_book":3,"minecraft:iron_ingot":13,"minecraft:netherite_pickaxe":1,"minecraft:wheat_seeds":7,"minecraft:tnt":63,"minecraft:dripstone_block":6,"minecraft:iron_helmet":1,"minecraft:cobblestone":5445,"minecraft:book":1,"chococraft:gysahl_green_seeds":25,"minecraft:granite":473,"quark:yellow_corundum":2,"irons_spellbooks:ancient_knowledge_fragment":2,"minecraft:coal":17,"minecraft:golden_apple":7,"minecraft:stick":4,"minecraft:polished_andesite":1,"irons_spellbooks:scroll":12,"minecraft:cobweb":6,"minecraft:jungle_slab":3,"minecraft:deepslate_brick_stairs":2,"minecraft:diorite":343,"minecraft:golden_carrot":21,"minecraft:torch":9,"quark:indigo_corundum_cluster":11,"minecraft:nether_wart_block":1,"born_in_chaos_v1:fused_bone":2,"minecraft:fire_charge":2,"minecraft:iron_leggings":1,"minecraft:flowering_azalea":1,"minecraft:string":38,"minecraft:redstone":1,"minecraft:furnace":1,"minecraft:moss_carpet":5,"minecraft:soul_soil":4,"minecraft:soul_torch":20,"minecraft:stone_sword":1,"minecraft:smooth_stone_slab":4,"chococraft:chocobo_feather":2,"minecraft:tuff":309,"iceandfire:witherbone":7,"minecraft:raw_iron":5,"born_in_chaos_v1:rotten_fish":4,"minecraft:polished_deepslate_slab":8,"minecraft:clay_ball":38,"minecraft:iron_boots":2,"minecraft:pumpkin_seeds":3,"minecraft:deepslate_bricks":9,"minecraft:potato":1,"minecraft:shield":1,"minecraft:iron_chestplate":3,"minecraft:diamond_pickaxe":1,"minecraft:andesite":548,"minecraft:mossy_stone_bricks":16,"minecraft:oak_sapling":1,"minecraft:spider_eye":3,"minecraft:stone_bricks":67,"minecraft:bamboo":27,"minecraft:diamond_boots":1,"minecraft:bow":1,"minecraft:stone_pickaxe":2,"minecraft:wooden_pickaxe":4,"minecraft:raw_gold":10,"chococraft:gysahl_green":21}},"DataVersion":3120}