{"stats":{"minecraft:dropped":{"minecraft:potion":1},"minecraft:used":{"minecraft:coarse_dirt":3,"minecraft:potion":1},"minecraft:picked_up":{"minecraft:coarse_dirt":3},"minecraft:custom":{"minecraft:jump":18,"minecraft:time_since_rest":3760,"minecraft:sprint_one_cm":123,"minecraft:play_time":3760,"minecraft:time_since_death":3760,"minecraft:walk_one_cm":1929,"minecraft:sneak_time":86,"minecraft:walk_under_water_one_cm":7245,"minecraft:total_world_time":3760,"minecraft:swim_one_cm":796,"minecraft:drop":1,"minecraft:fall_one_cm":269,"minecraft:fly_one_cm":22495},"minecraft:mined":{"minecraft:grass":1,"minecraft:coarse_dirt":3,"minecraft:oak_leaves":2}},"DataVersion":3120}