{"stats":{"minecraft:mined":{"minecraft:acacia_leaves":2,"minecraft:glass_pane":1,"minecraft:deepslate_diamond_ore":3,"minecraft:mangrove_roots":1,"minecraft:oak_fence":2,"minecraft:crafting_table":7,"minecraft:torch":1,"minecraft:acacia_log":28,"minecraft:grass_block":5,"minecraft:melon":14,"minecraft:cobblestone":6,"minecraft:tall_grass":2,"minecraft:sandstone":5,"minecraft:wall_torch":1,"minecraft:spawner":1,"minecraft:hay_block":2,"minecraft:furnace":2,"minecraft:cobbled_deepslate":1,"minecraft:birch_log":6,"minecraft:iron_ore":1,"minecraft:acacia_stairs":1,"minecraft:black_bed":1,"minecraft:mangrove_leaves":4,"minecraft:grass":34,"minecraft:coal_ore":34,"chococraft:gysahl_green":20,"minecraft:oak_log":22,"minecraft:deepslate_iron_ore":2,"minecraft:dirt":18,"minecraft:stripped_acacia_log":2,"minecraft:acacia_planks":6,"minecraft:stone":44,"minecraft:oak_leaves":6,"minecraft:deepslate":64},"minecraft:killed_by":{"iceandfire:deathworm":1,"alexsmobs:rhinoceros":1,"minecraft:zombie":1,"minecraft:ravager":1,"rottencreatures:swampy":1},"minecraft:crafted":{"minecraft:oak_planks":88,"quark:blossom_planks":28,"minecraft:cooked_porkchop":10,"minecraft:crafting_table":2,"minecraft:wooden_pickaxe":3,"minecraft:furnace":2,"minecraft:birch_planks":24,"minecraft:stone_axe":2,"minecraft:air":0,"minecraft:shield":1,"minecraft:stick":32,"minecraft:iron_pickaxe":1,"minecraft:stone_pickaxe":2,"minecraft:stone_sword":2,"minecraft:acacia_planks":120,"minecraft:torch":44,"minecraft:wheat":18},"minecraft:used":{"minecraft:oak_fence":2,"minecraft:stone_sword":54,"minecraft:stone_pickaxe":24,"minecraft:wooden_pickaxe":54,"iceandfire:dragon_skull_lightning":1,"minecraft:rotten_flesh":2,"minecraft:glow_berries":9,"minecraft:torch":61,"minecraft:dirt":16,"minecraft:crafting_table":9,"minecraft:acacia_stairs":1,"minecraft:bread":1,"minecraft:mangrove_propagule":1,"minecraft:melon_slice":8,"minecraft:iron_pickaxe":86,"minecraft:stone_axe":101,"minecraft:beef":1,"minecraft:cobblestone":6,"minecraft:cooked_porkchop":9,"minecraft:furnace":2,"minecraft:mangrove_roots":1,"minecraft:porkchop":3,"quark:blossom_planks":8,"chococraft:gysahl_green":30,"minecraft:cobbled_deepslate":59,"minecraft:acacia_planks":16},"minecraft:custom":{"minecraft:interact_with_furnace":4,"minecraft:mob_kills":24,"minecraft:interact_with_crafting_table":17,"minecraft:damage_dealt_resisted":30,"minecraft:time_since_death":21240,"minecraft:sleep_in_bed":3,"minecraft:climb_one_cm":20065,"minecraft:time_since_rest":21278,"minecraft:sprint_one_cm":266795,"minecraft:damage_taken":2715,"minecraft:walk_one_cm":196571,"minecraft:drop":24,"minecraft:damage_dealt":4062,"minecraft:swim_one_cm":21840,"minecraft:talked_to_villager":1,"minecraft:fly_one_cm":309604,"minecraft:open_chest":14,"minecraft:crouch_one_cm":8197,"minecraft:play_time":77662,"minecraft:deaths":5,"minecraft:sneak_time":3450,"minecraft:walk_under_water_one_cm":13644,"minecraft:jump":1563,"minecraft:walk_on_water_one_cm":14220,"minecraft:total_world_time":77662,"minecraft:fall_one_cm":48153},"minecraft:killed":{"minecraft:pig":6,"minecraft:spider":1,"irons_spellbooks:necromancer":1,"minecraft:skeleton":1,"minecraft:pillager":2,"minecraft:zombie":9,"irons_spellbooks:summoned_skeleton":1,"minecraft:cow":1,"mowziesmobs:umvuthana":2},"minecraft:picked_up":{"minecraft:birch_log":6,"iceandfire:dragon_skull_lightning":1,"minecraft:crafting_table":7,"chococraft:loverly_gysahl_green":4,"minecraft:black_bed":1,"minecraft:wooden_pickaxe":2,"minecraft:oak_log":22,"minecraft:dirt":36,"minecraft:white_banner":1,"chococraft:chocobo_feather":2,"minecraft:bone":2,"minecraft:acacia_planks":6,"chococraft:gysahl_green":57,"chococraft:gold_gysahl":1,"irons_spellbooks:arcane_essence":2,"minecraft:wheat_seeds":5,"minecraft:cobbled_deepslate":64,"minecraft:beef":1,"minecraft:iron_ingot":1,"minecraft:melon_slice":65,"minecraft:furnace":2,"minecraft:raw_iron":3,"iceandfire:dragonbone":11,"minecraft:gravel":3,"minecraft:oak_fence":2,"minecraft:torch":3,"minecraft:acacia_log":28,"minecraft:porkchop":13,"quark:blossom_log":7,"chococraft:gysahl_green_seeds":20,"minecraft:acacia_stairs":1,"minecraft:spider_eye":1,"minecraft:stripped_acacia_log":2,"minecraft:arrow":2,"minecraft:rotten_flesh":10,"minecraft:diamond":3,"minecraft:hay_block":2,"minecraft:mangrove_roots":1,"minecraft:emerald":1,"minecraft:coal":37,"minecraft:mangrove_propagule":1,"minecraft:cobblestone":51},"minecraft:dropped":{"chococraft:loverly_gysahl_green":1,"minecraft:wheat_seeds":3,"chococraft:chocobo_feather":2,"minecraft:cobblestone":1,"minecraft:rotten_flesh":1,"chococraft:gysahl_green_seeds":20,"minecraft:dirt":11,"minecraft:spider_eye":1,"minecraft:stone_pickaxe":1,"minecraft:arrow":1,"minecraft:wooden_pickaxe":4,"chococraft:gysahl_green":21}},"DataVersion":3120}