{"stats":{"minecraft:picked_up":{"irons_spellbooks:scroll":11,"chococraft:loverly_gysahl_green":5,"minecraft:iron_chestplate":1,"minecraft:black_carpet":2,"minecraft:brown_bed":1,"minecraft:stone_brick_stairs":26,"minecraft:polished_deepslate":1,"minecraft:string":15,"irons_spellbooks:arcane_essence":74,"minecraft:deepslate_tiles":4,"minecraft:cobbled_deepslate":135,"irons_spellbooks:blank_rune":2,"minecraft:melon_slice":65,"minecraft:coal_block":8,"minecraft:furnace":2,"minecraft:stick":2,"minecraft:polished_deepslate_stairs":6,"minecraft:oak_fence":2,"minecraft:torch":30,"minecraft:acacia_log":28,"quark:blossom_log":7,"minecraft:porkchop":18,"minecraft:mangrove_stairs":2,"minecraft:rotten_flesh":181,"minecraft:mangrove_roots":1,"minecraft:deepslate_brick_stairs":3,"minecraft:obsidian":7,"minecraft:iron_bars":2,"minecraft:cobblestone":242,"minecraft:birch_log":6,"minecraft:feather":2,"minecraft:iron_door":2,"minecraft:andesite":2,"minecraft:jungle_log":2,"minecraft:black_bed":1,"minecraft:potato":1,"minecraft:smoker":3,"minecraft:tuff":48,"minecraft:magenta_bed":2,"minecraft:acacia_boat":2,"minecraft:dirt":61,"born_in_chaos_v1:monster_skin":1,"minecraft:bone":27,"minecraft:acacia_planks":10,"minecraft:wheat_seeds":9,"minecraft:diamond_helmet":1,"minecraft:mossy_stone_bricks":24,"minecraft:moss_block":1,"minecraft:oak_planks":17,"minecraft:mossy_stone_brick_stairs":2,"minecraft:black_terracotta":2,"irons_spellbooks:legendary_ink":1,"minecraft:jungle_planks":75,"minecraft:sand":17,"minecraft:acacia_stairs":1,"minecraft:diamond_block":1,"minecraft:dark_oak_log":1,"minecraft:stripped_acacia_log":2,"minecraft:polished_andesite":2,"minecraft:dispenser":1,"minecraft:diamond":7,"minecraft:polished_blackstone_pressure_plate":2,"minecraft:granite":2,"minecraft:golden_apple":1,"minecraft:emerald":7,"minecraft:oak_sapling":1,"minecraft:netherrack":3,"minecraft:lingering_potion":1,"iceandfire:dragon_skull_lightning":1,"minecraft:crafting_table":10,"iceandfire:witherbone":7,"minecraft:chicken":1,"minecraft:wooden_pickaxe":2,"minecraft:stone_brick_wall":5,"minecraft:gold_block":2,"minecraft:chain":1,"minecraft:stripped_mangrove_log":2,"minecraft:moss_carpet":5,"minecraft:cracked_stone_bricks":92,"minecraft:beef":14,"minecraft:egg":2,"minecraft:polished_deepslate_slab":11,"minecraft:raw_iron":7,"minecraft:sandstone":1,"iceandfire:dragonbone":11,"minecraft:fire_charge":2,"minecraft:carrot":1,"minecraft:dark_oak_planks":3,"minecraft:tnt":27,"minecraft:arrow":9,"minecraft:jungle_stairs":1,"minecraft:deepslate_bricks":10,"minecraft:hay_block":2,"minecraft:cracked_deepslate_bricks":3,"born_in_chaos_v1:corpse_maggot":15,"minecraft:leather":9,"minecraft:oak_log":22,"minecraft:white_banner":1,"chococraft:chocobo_feather":2,"minecraft:red_carpet":3,"chococraft:gysahl_green":60,"minecraft:stone_bricks":185,"chococraft:gold_gysahl":1,"minecraft:iron_ingot":1,"minecraft:stone_pickaxe":1,"minecraft:gray_bed":1,"minecraft:iron_sword":4,"minecraft:dark_oak_stairs":1,"minecraft:book":1,"minecraft:scaffolding":8,"minecraft:dripstone_block":1,"minecraft:gravel":6,"minecraft:lava_bucket":1,"irons_spellbooks:blood_staff":3,"chococraft:gysahl_green_seeds":22,"minecraft:soul_torch":1,"minecraft:crying_obsidian":3,"minecraft:spider_eye":3,"minecraft:baked_potato":1,"minecraft:mangrove_propagule":1,"minecraft:coal":85},"minecraft:killed":{"born_in_chaos_v1:zombie_lumberjack":1,"rottencreatures:burned":13,"minecraft:spider":3,"minecraft:skeleton":13,"minecraft:chicken":1,"irons_spellbooks:summoned_skeleton":2,"minecraft:pig":9,"irons_spellbooks:necromancer":6,"minecraft:creeper":1,"minecraft:pillager":8,"irons_spellbooks:summoned_vex":7,"minecraft:zombie":196,"born_in_chaos_v1:corpse_fly":1,"minecraft:cow":8,"irons_spellbooks:summoned_zombie":26,"minecraft:vindicator":1,"born_in_chaos_v1:maggot":43,"minecraft:horse":1,"mowziesmobs:umvuthana":2,"rottencreatures:undead_miner":1,"born_in_chaos_v1:decrepit_skeleton":1,"born_in_chaos_v1:dark_vortex":1,"minecraft:wither_skeleton":12},"minecraft:mined":{"minecraft:dark_oak_planks":3,"minecraft:black_terracotta":3,"minecraft:jungle_leaves":1,"minecraft:obsidian":7,"minecraft:granite":2,"minecraft:acacia_log":28,"minecraft:grass_block":8,"minecraft:stone_brick_wall":2,"minecraft:jungle_log":2,"minecraft:coal_block":8,"minecraft:deepslate_bricks":10,"minecraft:polished_blackstone_pressure_plate":2,"minecraft:spawner":11,"minecraft:iron_ore":1,"minecraft:cobbled_deepslate":1,"minecraft:fire":2,"minecraft:moss_carpet":8,"minecraft:dark_oak_stairs":1,"minecraft:brown_bed":1,"chococraft:gysahl_green":23,"minecraft:polished_deepslate_slab":11,"minecraft:iron_bars":2,"minecraft:deepslate_brick_stairs":1,"minecraft:azalea":1,"minecraft:gray_terracotta":4,"minecraft:soul_wall_torch":1,"minecraft:polished_deepslate_stairs":1,"minecraft:smoker":3,"minecraft:torch":6,"minecraft:jungle_stairs":1,"minecraft:melon":14,"minecraft:polished_andesite_stairs":2,"minecraft:cobblestone":18,"minecraft:oak_planks":16,"minecraft:iron_door":2,"minecraft:wall_torch":2,"minecraft:warped_planks":1,"minecraft:birch_log":6,"minecraft:tnt":28,"minecraft:black_bed":1,"minecraft:stone_brick_stairs":14,"minecraft:grass":96,"minecraft:cracked_deepslate_tiles":1,"minecraft:oak_log":22,"minecraft:sand":17,"minecraft:dirt":28,"minecraft:dispenser":1,"minecraft:netherrack":8,"minecraft:oak_leaves":13,"minecraft:deepslate":129,"minecraft:deepslate_tiles":3,"minecraft:diamond_ore":1,"minecraft:crying_obsidian":3,"minecraft:red_carpet":2,"minecraft:tuff":46,"minecraft:mossy_cobblestone":1,"minecraft:stripped_mangrove_log":2,"minecraft:deepslate_diamond_ore":4,"minecraft:dark_oak_log":1,"minecraft:mangrove_roots":1,"minecraft:jungle_planks":23,"minecraft:moss_block":5,"minecraft:sandstone":6,"minecraft:hay_block":2,"minecraft:furnace":2,"minecraft:acacia_stairs":1,"minecraft:andesite":1,"minecraft:gold_block":2,"minecraft:deepslate_iron_ore":4,"minecraft:vine":21,"minecraft:stripped_acacia_log":2,"minecraft:stone":336,"minecraft:acacia_leaves":2,"minecraft:flowering_azalea":1,"minecraft:glass_pane":1,"minecraft:oak_fence":2,"minecraft:crafting_table":10,"minecraft:tall_grass":6,"minecraft:copper_ore":2,"minecraft:deepslate_coal_ore":2,"minecraft:cracked_deepslate_bricks":3,"minecraft:diorite":12,"minecraft:gray_bed":1,"minecraft:birch_leaves":7,"minecraft:mangrove_leaves":4,"minecraft:coal_ore":39,"minecraft:gravel":17,"minecraft:cobweb":14,"minecraft:cracked_stone_bricks":70,"minecraft:acacia_planks":10,"minecraft:polished_andesite":1,"minecraft:stone_bricks":151},"minecraft:killed_by":{"minecraft:ravager":1,"alexsmobs:rhinoceros":1,"minecraft:zombie":9,"minecraft:player":1,"iceandfire:deathworm":1,"rottencreatures:swampy":1,"irons_spellbooks:necromancer":1,"irons_spellbooks:dead_king":61,"minecraft:skeleton":1,"iceandfire:lightning_dragon":2},"minecraft:crafted":{"minecraft:oak_planks":88,"sophisticatedbackpacks:backpack":1,"quark:blossom_planks":28,"minecraft:cooked_porkchop":14,"minecraft:crafting_table":6,"minecraft:wooden_pickaxe":3,"minecraft:gold_block":17,"minecraft:birch_planks":24,"minecraft:diamond_pickaxe":1,"minecraft:shield":1,"minecraft:stick":52,"quark:oak_chest":1,"minecraft:iron_pickaxe":1,"minecraft:iron_ingot":4,"minecraft:iron_block":15,"minecraft:stone_sword":2,"minecraft:coal":9,"quark:jungle_chest":1,"minecraft:furnace":2,"quark:acacia_chest":1,"minecraft:diamond":9,"minecraft:stone_pickaxe":2,"minecraft:jungle_fence":3,"minecraft:wheat":18,"minecraft:cooked_beef":12,"minecraft:iron_sword":2,"minecraft:mangrove_planks":8,"minecraft:stone_axe":2,"minecraft:jungle_slab":6,"minecraft:acacia_boat":2,"minecraft:air":0,"irons_spellbooks:inscription_table":1,"minecraft:acacia_planks":120,"minecraft:torch":96},"minecraft:broken":{"minecraft:iron_boots":1,"minecraft:iron_chestplate":1,"minecraft:iron_sword":1,"minecraft:chainmail_leggings":1,"minecraft:iron_helmet":1},"minecraft:custom":{"minecraft:interact_with_crafting_table":38,"minecraft:open_barrel":75,"minecraft:leave_game":7,"minecraft:time_since_death":8060,"minecraft:sprint_one_cm":945697,"minecraft:damage_blocked_by_shield":1035,"minecraft:drop":211,"minecraft:talked_to_villager":2,"minecraft:play_time":333016,"minecraft:deaths":79,"minecraft:jump":6055,"minecraft:walk_on_water_one_cm":25312,"minecraft:interact_with_furnace":7,"minecraft:sleep_in_bed":6,"minecraft:damage_dealt":30765,"minecraft:player_kills":4,"minecraft:crouch_one_cm":119560,"minecraft:interact_with_smoker":10,"minecraft:mob_kills":369,"minecraft:damage_dealt_resisted":1455,"minecraft:climb_one_cm":28391,"minecraft:walk_one_cm":780253,"minecraft:damage_dealt_absorbed":211,"minecraft:sneak_time":35284,"minecraft:walk_under_water_one_cm":33407,"minecraft:boat_one_cm":1251,"minecraft:interact_with_blast_furnace":2,"minecraft:total_world_time":333016,"minecraft:raid_trigger":1,"minecraft:time_since_rest":8094,"minecraft:damage_taken":28820,"minecraft:damage_absorbed":344,"minecraft:trigger_trapped_chest":17,"minecraft:swim_one_cm":51622,"minecraft:fly_one_cm":1125868,"minecraft:open_chest":97,"minecraft:fall_one_cm":158540},"minecraft:used":{"minecraft:moss_block":1,"minecraft:moss_carpet":4,"minecraft:polished_deepslate":1,"minecraft:shield":23,"minecraft:iron_sword":556,"minecraft:rotten_flesh":3,"minecraft:iron_chestplate":1,"minecraft:jungle_planks":59,"minecraft:carrot":22,"minecraft:tuff":22,"minecraft:axolotl_bucket":1,"minecraft:obsidian":5,"minecraft:polished_deepslate_stairs":3,"born_in_chaos_v1:corpse_maggot":1,"minecraft:lava_bucket":5,"minecraft:stone_brick_stairs":3,"minecraft:stone_bricks":87,"minecraft:red_carpet":1,"minecraft:mangrove_roots":1,"minecraft:furnace":3,"minecraft:gray_bed":1,"minecraft:egg":1,"minecraft:mossy_stone_bricks":6,"minecraft:mangrove_planks":8,"minecraft:oak_planks":2,"minecraft:stone_pickaxe":24,"minecraft:ender_pearl":1,"minecraft:wooden_pickaxe":54,"minecraft:golden_apple":6,"minecraft:glow_berries":9,"minecraft:stone_brick_wall":1,"minecraft:lingering_potion":1,"minecraft:deepslate_tiles":3,"minecraft:crying_obsidian":3,"minecraft:melon_slice":8,"minecraft:bread":6,"minecraft:iron_door":2,"chococraft:gysahl_green":33,"minecraft:cobweb":4,"minecraft:oak_fence":2,"minecraft:iron_bars":2,"minecraft:stone_sword":117,"minecraft:flint_and_steel":1,"minecraft:torch":179,"minecraft:dirt":38,"minecraft:diamond_helmet":1,"minecraft:granite":2,"minecraft:iron_boots":1,"minecraft:golden_carrot":24,"minecraft:beef":1,"quark:blossom_planks":8,"minecraft:cooked_beef":12,"minecraft:acacia_planks":78,"minecraft:cobbled_deepslate":66,"minecraft:brown_bed":1,"minecraft:acacia_boat":4,"minecraft:water_bucket":1,"minecraft:polished_andesite":1,"minecraft:baked_potato":1,"iceandfire:dragon_skull_lightning":1,"minecraft:cracked_stone_bricks":31,"minecraft:polished_deepslate_slab":2,"minecraft:crafting_table":16,"quark:acacia_chest":1,"minecraft:magenta_bed":2,"minecraft:smoker":3,"minecraft:diamond_pickaxe":288,"minecraft:acacia_stairs":1,"minecraft:apple":5,"minecraft:mangrove_propagule":1,"minecraft:iron_pickaxe":549,"minecraft:stone_axe":101,"minecraft:cobblestone":91,"minecraft:porkchop":4,"minecraft:white_banner":1,"minecraft:cooked_porkchop":12,"minecraft:bucket":6,"quark:oak_chest":1,"minecraft:soul_torch":1,"minecraft:chainmail_leggings":1,"irons_spellbooks:inscription_table":1},"minecraft:dropped":{"minecraft:iron_sword":2,"chococraft:loverly_gysahl_green":2,"minecraft:cooked_porkchop":2,"minecraft:jungle_fence":1,"minecraft:leather":3,"minecraft:cracked_stone_bricks":61,"minecraft:red_carpet":1,"minecraft:dirt":14,"minecraft:dispenser":1,"born_in_chaos_v1:monster_skin":1,"minecraft:polished_blackstone_pressure_plate":1,"minecraft:mangrove_stairs":2,"irons_spellbooks:arcane_essence":83,"minecraft:amethyst_shard":5,"minecraft:bone":1,"minecraft:cobbled_deepslate":36,"minecraft:black_carpet":2,"minecraft:rotten_flesh":147,"minecraft:black_terracotta":2,"relics:space_dissector":1,"irons_spellbooks:blood_staff":3,"born_in_chaos_v1:corpse_maggot":9,"minecraft:stone_brick_wall":4,"iceandfire:bestiary":1,"minecraft:arrow":1,"minecraft:scaffolding":8,"minecraft:stone_brick_stairs":14,"minecraft:netherrack":3,"minecraft:enchanting_table":1,"minecraft:egg":1,"minecraft:enchanted_book":3,"minecraft:netherite_pickaxe":1,"minecraft:wheat_seeds":7,"minecraft:tnt":54,"minecraft:cobblestone":102,"minecraft:book":1,"chococraft:gysahl_green_seeds":25,"irons_spellbooks:ancient_knowledge_fragment":2,"minecraft:coal":7,"minecraft:golden_apple":7,"minecraft:polished_andesite":1,"minecraft:stick":1,"irons_spellbooks:scroll":12,"minecraft:jungle_slab":3,"minecraft:golden_carrot":21,"minecraft:torch":9,"minecraft:fire_charge":2,"minecraft:string":8,"minecraft:furnace":1,"minecraft:moss_carpet":1,"minecraft:soul_torch":20,"minecraft:stone_sword":1,"chococraft:chocobo_feather":2,"minecraft:tuff":14,"iceandfire:witherbone":7,"minecraft:raw_iron":2,"minecraft:polished_deepslate_slab":8,"minecraft:deepslate_bricks":2,"minecraft:potato":1,"minecraft:diamond_pickaxe":1,"minecraft:andesite":1,"minecraft:mossy_stone_bricks":14,"minecraft:oak_sapling":1,"minecraft:stone_bricks":61,"minecraft:spider_eye":3,"minecraft:stone_pickaxe":2,"minecraft:wooden_pickaxe":4,"minecraft:raw_gold":2,"chococraft:gysahl_green":21}},"DataVersion":3120}