{"stats":{"minecraft:picked_up":{"minecraft:iron_chestplate":4,"minecraft:brown_bed":1,"minecraft:polished_deepslate":1,"iceandfire:manuscript":5,"minecraft:polished_blackstone_brick_stairs":1,"minecraft:string":88,"minecraft:soul_soil":5,"minecraft:red_nether_bricks":7,"minecraft:diamond_leggings":1,"minecraft:gold_nugget":31,"minecraft:cobbled_deepslate":7100,"minecraft:spruce_planks":28,"irons_spellbooks:blank_rune":2,"minecraft:melon_slice":98,"minecraft:coal_block":8,"minecraft:big_dripleaf":6,"minecraft:acacia_log":28,"quark:blossom_log":7,"minecraft:deepslate_tile_stairs":4,"minecraft:iron_bars":2,"minecraft:birch_log":6,"minecraft:magma_block":2,"minecraft:feather":2,"minecraft:iron_door":2,"minecraft:jungle_log":50,"minecraft:smoker":6,"minecraft:flint":10,"minecraft:magenta_bed":4,"minecraft:gray_concrete_powder":4,"artifacts:shock_pendant":1,"minecraft:warped_hyphae":1,"artifacts:antidote_vessel":1,"minecraft:diamond_helmet":1,"minecraft:glowstone_dust":48,"minecraft:moss_block":78,"minecraft:chiseled_polished_blackstone":4,"irons_spellbooks:legendary_ink":1,"minecraft:acacia_stairs":1,"minecraft:dark_oak_log":4,"minecraft:stripped_acacia_log":2,"minecraft:polished_andesite":8,"minecraft:dispenser":2,"iceandfire:crackled_stone":7,"minecraft:writable_book":1,"enchantinginfuser:enchanting_infuser":1,"minecraft:granite":551,"minecraft:bread":5,"born_in_chaos_v1:rotten_fish":5,"minecraft:dark_oak_fence":2,"minecraft:crimson_roots":15,"minecraft:diamond_pickaxe":1,"minecraft:crafting_table":11,"iceandfire:dragon_skull_lightning":1,"minecraft:coarse_dirt":1,"iceandfire:witherbone":7,"minecraft:clay_ball":38,"minecraft:golden_pickaxe":1,"minecraft:orange_banner":1,"minecraft:stripped_mangrove_log":2,"minecraft:red_bed":1,"minecraft:cracked_stone_bricks":93,"minecraft:beef":14,"minecraft:iron_nugget":20,"minecraft:birch_sapling":1,"minecraft:egg":2,"minecraft:polished_deepslate_slab":11,"minecraft:sandstone":1,"minecraft:fire_charge":2,"born_in_chaos_v1:pieceofdarkmetal":2,"minecraft:carrot":1,"minecraft:redstone":1,"minecraft:tnt":36,"quark:yellow_corundum":2,"minecraft:deepslate_bricks":35,"minecraft:diamond_boots":1,"minecraft:hay_block":36,"minecraft:cracked_deepslate_bricks":6,"quark:indigo_corundum_cluster":14,"sophisticatedbackpacks:copper_backpack":1,"minecraft:polished_blackstone":5,"minecraft:bone_block":8,"minecraft:rail":3,"born_in_chaos_v1:monster_flesh":1,"minecraft:tripwire_hook":2,"minecraft:filled_map":1,"minecraft:oak_log":35,"quark:limestone":62,"alexsmobs:mosquito_proboscis":6,"minecraft:white_banner":1,"chococraft:chocobo_feather":2,"chococraft:gysahl_green":60,"minecraft:stone_bricks":210,"minecraft:stone_pickaxe":1,"minecraft:cobweb":39,"minecraft:mangrove_planks":1,"minecraft:gray_bed":1,"minecraft:iron_sword":5,"minecraft:flowering_azalea":1,"minecraft:dark_oak_stairs":1,"minecraft:gravel":249,"minecraft:spruce_log":2,"minecraft:crying_obsidian":12,"minecraft:baked_potato":1,"minecraft:mangrove_propagule":1,"minecraft:ender_pearl":7,"irons_spellbooks:scroll":12,"minecraft:chiseled_deepslate":3,"chococraft:loverly_gysahl_green":5,"minecraft:black_carpet":2,"minecraft:nether_brick_fence":1,"minecraft:stone_brick_stairs":26,"minecraft:smooth_stone_slab":11,"minecraft:deepslate_tiles":21,"irons_spellbooks:arcane_essence":74,"alexsmobs:blood_sac":17,"minecraft:iron_pickaxe":1,"minecraft:deepslate_tile_wall":1,"minecraft:iron_boots":1,"minecraft:furnace":2,"minecraft:tipped_arrow":12,"minecraft:stick":3,"iceandfire:ghost_chest":1,"minecraft:polished_deepslate_stairs":6,"minecraft:oak_fence":2,"minecraft:torch":32,"minecraft:spruce_stairs":6,"minecraft:porkchop":35,"minecraft:pointed_dripstone":8,"minecraft:diorite":290,"minecraft:mangrove_stairs":2,"minecraft:rotten_flesh":377,"graveyard:gray_urn":1,"minecraft:mangrove_roots":1,"minecraft:deepslate_brick_stairs":7,"minecraft:obsidian":14,"minecraft:cobblestone":6235,"minecraft:crimson_hyphae":8,"minecraft:enchanting_table":2,"minecraft:leather_chestplate":2,"minecraft:magma_cream":1,"minecraft:andesite":654,"minecraft:black_bed":1,"minecraft:potato":2,"minecraft:tuff":516,"minecraft:wither_skeleton_skull":4,"artifacts:flame_pendant":1,"minecraft:acacia_boat":2,"minecraft:lapis_lazuli":16,"minecraft:dirt":537,"minecraft:name_tag":1,"born_in_chaos_v1:monster_skin":1,"minecraft:leather_boots":1,"irons_spellbooks:hogskin":12,"minecraft:bone":85,"minecraft:acacia_planks":12,"minecraft:bow":2,"minecraft:wheat_seeds":12,"minecraft:cobbled_deepslate_wall":1,"minecraft:deepslate_brick_slab":7,"minecraft:raw_gold":1,"minecraft:mossy_stone_bricks":29,"minecraft:bamboo":27,"minecraft:mossy_stone_brick_stairs":2,"minecraft:oak_planks":31,"minecraft:black_terracotta":2,"irons_spellbooks:fireward_ring":1,"minecraft:music_disc_13":1,"minecraft:sand":17,"minecraft:jungle_planks":79,"minecraft:diamond_block":1,"minecraft:mossy_cobblestone":1,"minecraft:yellow_carpet":2,"born_in_chaos_v1:fire_dust":11,"minecraft:diamond":16,"minecraft:polished_blackstone_pressure_plate":2,"minecraft:cracked_polished_blackstone_bricks":86,"minecraft:golden_apple":2,"minecraft:spruce_sign":5,"minecraft:emerald":14,"minecraft:oak_sapling":1,"minecraft:netherrack":3704,"rottencreatures:magma_rotten_flesh":3,"minecraft:lingering_potion":1,"minecraft:chicken":1,"minecraft:wooden_pickaxe":2,"minecraft:stone_brick_wall":7,"minecraft:gold_block":9,"minecraft:chain":1,"minecraft:moss_carpet":11,"minecraft:blackstone":49,"quark:indigo_corundum":6,"graveyard:corruption":13,"minecraft:light_gray_wool":6,"minecraft:lectern":1,"minecraft:raw_iron":11,"iceandfire:dragonbone":11,"minecraft:copper_ingot":2,"minecraft:polished_blackstone_bricks":69,"minecraft:stone_pressure_plate":10,"minecraft:dark_oak_planks":3,"minecraft:weeping_vines":23,"minecraft:arrow":43,"minecraft:jungle_stairs":1,"minecraft:nether_bricks":21,"born_in_chaos_v1:fused_bone":2,"minecraft:cracked_deepslate_tiles":11,"born_in_chaos_v1:corpse_maggot":44,"minecraft:basalt":15,"minecraft:crimson_stem":7,"minecraft:leather":14,"minecraft:chainmail_chestplate":2,"iceandfire:ectoplasm":3,"minecraft:nether_wart_block":28,"minecraft:gunpowder":2,"minecraft:red_carpet":3,"chococraft:gold_gysahl":1,"minecraft:iron_ingot":14,"artifacts:whoopee_cushion":1,"minecraft:stripped_oak_wood":2,"irons_spellbooks:cinder_essence":2,"iceandfire:crackled_cobblestone":7,"minecraft:book":1,"minecraft:scaffolding":8,"minecraft:dripstone_block":7,"minecraft:lava_bucket":1,"irons_spellbooks:blood_staff":3,"chococraft:gysahl_green_seeds":22,"minecraft:soul_torch":1,"minecraft:spider_eye":4,"minecraft:stripped_jungle_wood":3,"minecraft:coal":109},"minecraft:killed":{"minecraft:cave_spider":2,"born_in_chaos_v1:mr_pumpkin":1,"born_in_chaos_v1:zombie_lumberjack":2,"born_in_chaos_v1:skeleton_demoman":1,"graveyard:wraith":15,"born_in_chaos_v1:siamese_skeletonsright":2,"born_in_chaos_v1:baby_skeleton_minion":1,"minecraft:skeleton":43,"graveyard:acolyte":3,"minecraft:chicken":1,"alexsmobs:laviathan":1,"alexsmobs:skelewag":1,"minecraft:magma_cube":27,"born_in_chaos_v1:bone_imp":3,"minecraft:pillager":18,"irons_spellbooks:summoned_vex":7,"minecraft:zombie":242,"born_in_chaos_v1:corpse_fly":5,"minecraft:cow":8,"graveyard:corrupted_vindicator":4,"minecraft:vindicator":2,"quark:toretoise":1,"minecraft:zoglin":8,"born_in_chaos_v1:firelight":17,"minecraft:horse":1,"rottencreatures:undead_miner":5,"born_in_chaos_v1:decrepit_skeleton":6,"iceandfire:ghost":5,"born_in_chaos_v1:dark_vortex":1,"minecraft:enderman":2,"rottencreatures:burned":15,"minecraft:spider":7,"irons_spellbooks:summoned_skeleton":3,"artifacts:mimic":3,"minecraft:piglin":7,"born_in_chaos_v1:bonescaller":1,"minecraft:pig":9,"minecraft:zombie_villager":3,"irons_spellbooks:necromancer":6,"minecraft:creeper":5,"alexsmobs:crimson_mosquito":29,"cataclysm:deepling_brute":1,"born_in_chaos_v1:dread_hound":1,"graveyard:corrupted_pillager":3,"born_in_chaos_v1:siamese_skeletonsleft":2,"irons_spellbooks:summoned_zombie":28,"born_in_chaos_v1:zombie_bruiser":2,"born_in_chaos_v1:maggot":62,"born_in_chaos_v1:corpse_fish":4,"mowziesmobs:umvuthana":2,"born_in_chaos_v1:baby_skeleton":2,"minecraft:hoglin":6,"minecraft:wither_skeleton":12},"minecraft:mined":{"minecraft:dark_oak_planks":3,"graveyard:gray_urn":1,"minecraft:black_terracotta":3,"irons_spellbooks:armor_pile":2,"minecraft:jungle_leaves":1,"minecraft:obsidian":14,"minecraft:granite":10,"minecraft:chiseled_polished_blackstone":7,"minecraft:acacia_log":28,"minecraft:deepslate_tile_wall":1,"minecraft:stone_brick_wall":2,"minecraft:jungle_log":26,"quark:yellow_corundum":3,"minecraft:deepslate_bricks":35,"minecraft:coal_block":8,"minecraft:deepslate_tile_stairs":3,"minecraft:spawner":16,"minecraft:polished_blackstone_bricks":79,"minecraft:weeping_vines_plant":20,"minecraft:magma_block":1,"minecraft:cobbled_deepslate":4,"minecraft:sticky_piston":1,"minecraft:fire":12,"minecraft:moss_carpet":9,"minecraft:deepslate_lapis_ore":3,"minecraft:polished_deepslate_slab":11,"quark:limestone":6,"minecraft:deepslate_brick_stairs":4,"minecraft:tripwire":2,"minecraft:piston_head":2,"minecraft:soul_wall_torch":1,"graveyard:light_gray_urn":2,"minecraft:potted_brown_mushroom":1,"minecraft:smoker":6,"minecraft:crimson_nylium":17,"minecraft:soul_fire":2,"minecraft:deepslate_tile_slab":1,"minecraft:torch":6,"minecraft:blast_furnace":1,"minecraft:melon":22,"minecraft:polished_andesite_stairs":2,"minecraft:cyan_bed":1,"minecraft:repeater":2,"iceandfire:crackled_stone":11,"minecraft:magenta_bed":4,"minecraft:black_bed":1,"minecraft:stone_brick_stairs":14,"minecraft:grass":114,"graveyard:cyan_urn":1,"quark:indigo_corundum_cluster":3,"minecraft:deepslate":159,"minecraft:deepslate_tiles":19,"minecraft:mossy_cobblestone":9,"minecraft:dark_oak_log":4,"minecraft:orange_banner":1,"minecraft:nether_bricks":2,"minecraft:dark_oak_fence":1,"minecraft:jungle_planks":30,"minecraft:stripped_jungle_wood":3,"minecraft:crimson_roots":5,"minecraft:redstone_wire":3,"minecraft:moss_block":6,"minecraft:andesite":46,"minecraft:vine":31,"minecraft:bamboo":1,"minecraft:bone_block":2,"minecraft:oak_slab":2,"minecraft:glass_pane":1,"minecraft:soul_sand":3,"minecraft:cobbled_deepslate_wall":1,"minecraft:tall_grass":10,"minecraft:copper_ore":2,"minecraft:cracked_deepslate_bricks":9,"minecraft:diorite":23,"minecraft:coarse_dirt":1,"graveyard:vase_block":3,"minecraft:birch_leaves":8,"minecraft:mangrove_leaves":4,"minecraft:gravel":20,"minecraft:cobweb":63,"minecraft:acacia_planks":12,"minecraft:polished_blackstone":12,"minecraft:stone_bricks":169,"minecraft:fern":8,"minecraft:stone_pressure_plate":2,"minecraft:spruce_planks":30,"minecraft:cave_vines_plant":1,"minecraft:grass_block":13,"minecraft:cracked_polished_blackstone_bricks":100,"minecraft:soul_soil":9,"minecraft:frosted_ice":2,"minecraft:polished_blackstone_pressure_plate":2,"minecraft:gilded_blackstone":1,"iceandfire:crackled_cobblestone":8,"minecraft:glowstone":15,"minecraft:iron_ore":1,"graveyard:leaning_wither_skeleton":1,"minecraft:dark_oak_stairs":1,"minecraft:brown_bed":1,"chococraft:gysahl_green":23,"minecraft:iron_bars":2,"quark:indigo_corundum":8,"minecraft:azalea":1,"minecraft:gray_terracotta":4,"minecraft:blackstone":43,"minecraft:polished_deepslate_stairs":1,"minecraft:clay":14,"minecraft:jungle_stairs":1,"iceandfire:ghost_chest":2,"minecraft:cobblestone":34,"graveyard:skeleton_hand":1,"graveyard:lying_skeleton":1,"minecraft:oak_planks":31,"minecraft:iron_door":2,"minecraft:wall_torch":2,"minecraft:warped_planks":1,"minecraft:nether_wart_block":12,"minecraft:birch_log":6,"minecraft:light_gray_wool":7,"minecraft:stripped_oak_wood":2,"minecraft:tnt":128,"graveyard:skull_pile":2,"minecraft:smooth_stone_slab":26,"minecraft:cracked_deepslate_tiles":15,"minecraft:oak_log":37,"minecraft:sand":17,"minecraft:dirt":49,"minecraft:wither_skeleton_skull":4,"minecraft:dispenser":2,"minecraft:netherrack":553,"minecraft:oak_leaves":21,"minecraft:diamond_ore":1,"minecraft:crying_obsidian":14,"minecraft:red_carpet":2,"minecraft:tuff":47,"minecraft:stripped_mangrove_log":2,"minecraft:deepslate_diamond_ore":10,"enchantinginfuser:enchanting_infuser":1,"minecraft:mangrove_roots":1,"minecraft:weeping_vines":2,"minecraft:spruce_leaves":5,"minecraft:sandstone":6,"minecraft:crimson_stem":11,"minecraft:hay_block":10,"minecraft:deepslate_brick_slab":6,"minecraft:furnace":2,"minecraft:acacia_stairs":1,"minecraft:chiseled_deepslate":2,"minecraft:gold_block":20,"minecraft:polished_deepslate":4,"minecraft:deepslate_iron_ore":4,"minecraft:shroomlight":1,"minecraft:stripped_acacia_log":2,"minecraft:stone":454,"minecraft:podzol":3,"minecraft:acacia_leaves":2,"minecraft:flowering_azalea":1,"minecraft:basalt":14,"minecraft:oak_fence":2,"minecraft:crafting_table":11,"minecraft:lectern":1,"minecraft:deepslate_coal_ore":2,"minecraft:polished_blackstone_brick_stairs":1,"minecraft:spruce_stairs":4,"minecraft:gray_concrete_powder":4,"minecraft:gray_bed":1,"minecraft:warped_hyphae":1,"minecraft:coal_ore":39,"minecraft:cracked_stone_bricks":72,"minecraft:polished_andesite":7,"minecraft:mossy_stone_bricks":4,"minecraft:crimson_hyphae":8},"minecraft:killed_by":{"minecraft:ravager":1,"graveyard:acolyte":4,"minecraft:vindicator":2,"irons_spellbooks:citadel_keeper":1,"alexsmobs:rhinoceros":1,"minecraft:zombie":9,"alexsmobs:skelewag":1,"born_in_chaos_v1:firelight":1,"rottencreatures:swampy":1,"iceandfire:ghost":1,"minecraft:piglin":1,"minecraft:player":1,"iceandfire:deathworm":1,"irons_spellbooks:necromancer":1,"irons_spellbooks:dead_king":61,"minecraft:hoglin":2,"minecraft:skeleton":3,"iceandfire:lightning_dragon":2,"alexsmobs:crimson_mosquito":2},"minecraft:crafted":{"minecraft:nether_brick":9,"minecraft:cooked_porkchop":14,"enchantinginfuser:enchanting_infuser":1,"quark:oak_chest":4,"minecraft:iron_pickaxe":1,"minecraft:iron_block":15,"quark:jungle_chest":1,"minecraft:diamond":9,"minecraft:stone_pickaxe":2,"minecraft:jungle_fence":3,"minecraft:dark_oak_planks":12,"alexsmobs:blood_sprayer":3,"minecraft:wheat":369,"minecraft:coal_block":8,"minecraft:enchanting_table":1,"sophisticatedbackpacks:gold_backpack":2,"minecraft:jungle_slab":6,"irons_spellbooks:inscription_table":1,"minecraft:oak_planks":148,"minecraft:golden_boots":2,"sophisticatedbackpacks:backpack":1,"quark:blossom_planks":28,"minecraft:crafting_table":14,"minecraft:spruce_planks":8,"minecraft:wooden_pickaxe":4,"minecraft:gold_block":17,"minecraft:birch_planks":24,"minecraft:diamond_pickaxe":1,"minecraft:shield":3,"minecraft:stick":100,"sophisticatedbackpacks:diamond_backpack":2,"minecraft:iron_ingot":22,"minecraft:stone_sword":2,"minecraft:wooden_sword":4,"minecraft:coal":36,"minecraft:furnace":3,"quark:acacia_chest":1,"sophisticatedbackpacks:iron_backpack":2,"minecraft:cooked_beef":12,"minecraft:crimson_planks":28,"minecraft:diamond_sword":1,"minecraft:iron_sword":2,"minecraft:mangrove_planks":8,"minecraft:stone_axe":2,"minecraft:bread":135,"minecraft:acacia_boat":2,"minecraft:air":0,"minecraft:jungle_planks":96,"minecraft:oak_boat":2,"minecraft:acacia_planks":120,"minecraft:torch":240},"minecraft:custom":{"minecraft:interact_with_crafting_table":63,"minecraft:open_barrel":110,"minecraft:leave_game":17,"minecraft:time_since_death":2417,"minecraft:damage_blocked_by_shield":2628,"minecraft:play_time":717923,"minecraft:deaths":98,"minecraft:jump":12293,"minecraft:enchant_item":1,"minecraft:interact_with_furnace":14,"minecraft:sleep_in_bed":12,"minecraft:waystone_activated":1,"minecraft:damage_dealt":70082,"minecraft:interact_with_smoker":15,"minecraft:inspect_dispenser":2,"minecraft:damage_dealt_absorbed":587,"minecraft:sneak_time":79690,"minecraft:interact_with_lectern":2,"minecraft:interact_with_blast_furnace":2,"minecraft:total_world_time":717923,"minecraft:time_since_rest":2446,"minecraft:swim_one_cm":76086,"minecraft:fly_one_cm":2103965,"minecraft:open_chest":250,"minecraft:fall_one_cm":330886,"minecraft:sprint_one_cm":1626566,"minecraft:drop":812,"minecraft:talked_to_villager":3,"minecraft:walk_on_water_one_cm":38270,"minecraft:player_kills":4,"minecraft:crouch_one_cm":259912,"minecraft:mob_kills":670,"minecraft:damage_dealt_resisted":1708,"minecraft:climb_one_cm":74281,"minecraft:walk_one_cm":1762519,"minecraft:walk_under_water_one_cm":78216,"minecraft:boat_one_cm":1723,"minecraft:raid_trigger":1,"minecraft:damage_taken":45059,"minecraft:damage_absorbed":556,"minecraft:trigger_trapped_chest":24},"minecraft:broken":{"minecraft:golden_boots":1,"minecraft:diamond_helmet":1,"minecraft:iron_boots":1,"minecraft:iron_chestplate":1,"minecraft:iron_sword":2,"minecraft:chainmail_leggings":1,"minecraft:diamond_leggings":1,"minecraft:iron_helmet":1},"minecraft:used":{"irons_spellbooks:inscription_table":1,"minecraft:moss_block":2,"minecraft:polished_blackstone":4,"minecraft:ladder":3,"minecraft:rotten_flesh":3,"minecraft:cracked_deepslate_tiles":9,"minecraft:lava_bucket":55,"minecraft:warped_hyphae":1,"minecraft:birch_sapling":1,"iceandfire:ghost_chest":1,"minecraft:stone_brick_stairs":3,"minecraft:bow":10,"minecraft:furnace":4,"minecraft:egg":1,"minecraft:potato":1,"minecraft:mossy_stone_bricks":6,"minecraft:diorite":1,"minecraft:blackstone":10,"minecraft:wooden_pickaxe":56,"minecraft:glow_berries":9,"minecraft:golden_apple":12,"minecraft:deepslate_tiles":13,"minecraft:crying_obsidian":3,"minecraft:diamond_sword":154,"minecraft:nether_wart_block":7,"minecraft:oak_boat":2,"minecraft:iron_bars":2,"minecraft:stone_sword":117,"minecraft:netherrack":878,"minecraft:torch":317,"minecraft:crimson_hyphae":1,"minecraft:yellow_carpet":2,"minecraft:beef":1,"quark:blossom_planks":8,"minecraft:acacia_planks":78,"minecraft:cobbled_deepslate":169,"minecraft:pointed_dripstone":8,"minecraft:water_bucket":1,"iceandfire:dragon_skull_lightning":1,"minecraft:deepslate_bricks":9,"minecraft:cracked_stone_bricks":31,"minecraft:polished_blackstone_bricks":36,"minecraft:polished_deepslate_slab":2,"minecraft:crafting_table":25,"minecraft:red_bed":1,"minecraft:white_bed":1,"minecraft:diamond_pickaxe":1484,"minecraft:mangrove_propagule":1,"minecraft:iron_pickaxe":579,"enchantinginfuser:enchanting_infuser":1,"minecraft:cobblestone":118,"minecraft:porkchop":17,"minecraft:cooked_porkchop":12,"quark:oak_chest":4,"minecraft:moss_carpet":4,"minecraft:polished_deepslate":1,"minecraft:shield":53,"minecraft:iron_sword":1129,"minecraft:iron_chestplate":1,"minecraft:jungle_planks":155,"minecraft:carrot":29,"minecraft:tuff":24,"minecraft:axolotl_bucket":1,"minecraft:obsidian":5,"minecraft:polished_deepslate_stairs":3,"born_in_chaos_v1:corpse_maggot":5,"minecraft:crimson_roots":1,"minecraft:stone_bricks":87,"minecraft:red_carpet":1,"minecraft:mangrove_roots":1,"minecraft:gray_bed":1,"minecraft:chiseled_polished_blackstone":4,"minecraft:stone_pickaxe":24,"minecraft:oak_planks":95,"minecraft:mangrove_planks":8,"minecraft:ender_pearl":6,"minecraft:diamond_axe":76,"minecraft:mushroom_stew":2,"minecraft:stone_brick_wall":1,"minecraft:lingering_potion":1,"minecraft:melon_slice":76,"minecraft:bread":127,"minecraft:string":4,"minecraft:iron_door":2,"minecraft:andesite":22,"chococraft:gysahl_green":53,"minecraft:coarse_dirt":1,"minecraft:cobweb":4,"minecraft:oak_fence":2,"minecraft:flint_and_steel":1,"minecraft:cracked_deepslate_bricks":2,"minecraft:dirt":42,"minecraft:spruce_stairs":2,"minecraft:diamond_helmet":1,"minecraft:granite":119,"minecraft:iron_boots":1,"minecraft:crimson_planks":4,"minecraft:light_gray_wool":2,"minecraft:golden_carrot":30,"minecraft:soul_soil":1,"minecraft:deepslate_tile_stairs":2,"minecraft:cooked_beef":12,"minecraft:brown_bed":1,"minecraft:acacia_boat":4,"minecraft:polished_andesite":1,"minecraft:baked_potato":1,"quark:acacia_chest":1,"minecraft:magenta_bed":3,"minecraft:smoker":3,"minecraft:acacia_stairs":1,"minecraft:apple":5,"minecraft:cracked_polished_blackstone_bricks":4,"minecraft:stone_axe":101,"minecraft:white_banner":1,"minecraft:bucket":56,"minecraft:pumpkin_pie":10,"minecraft:soul_torch":1,"minecraft:chainmail_leggings":1},"minecraft:dropped":{"minecraft:iron_sword":3,"minecraft:porkchop":4,"chococraft:loverly_gysahl_green":2,"minecraft:lapis_lazuli":16,"minecraft:diamond":10,"minecraft:cooked_porkchop":2,"irons_spellbooks:fireward_ring":1,"minecraft:weeping_vines":21,"iceandfire:ectoplasm":3,"minecraft:cracked_stone_bricks":61,"quark:limestone":64,"born_in_chaos_v1:pieceofdarkmetal":2,"minecraft:rail":3,"graveyard:corruption":9,"minecraft:red_carpet":1,"born_in_chaos_v1:monster_flesh":1,"minecraft:dirt":507,"minecraft:dark_oak_fence":2,"irons_spellbooks:cinder_essence":2,"minecraft:mangrove_stairs":2,"irons_spellbooks:arcane_essence":83,"minecraft:wooden_sword":1,"minecraft:writable_book":1,"minecraft:gold_nugget":31,"minecraft:bone_block":8,"minecraft:iron_pickaxe":2,"minecraft:dark_oak_planks":3,"rottencreatures:magma_rotten_flesh":3,"quark:ancient_tome":2,"minecraft:bone":37,"minecraft:iron_nugget":20,"minecraft:cobbled_deepslate":5738,"minecraft:black_carpet":2,"minecraft:wheat":20,"minecraft:deepslate_brick_slab":4,"minecraft:rotten_flesh":333,"minecraft:oak_planks":16,"minecraft:glowstone_dust":48,"minecraft:nether_brick_fence":1,"irons_spellbooks:blood_staff":3,"minecraft:chiseled_deepslate":2,"alexsmobs:blood_sac":2,"minecraft:deepslate_tiles":6,"minecraft:jungle_log":24,"minecraft:leather_boots":1,"iceandfire:bestiary":1,"alexsmobs:blood_sprayer":1,"minecraft:red_nether_bricks":7,"minecraft:stone_brick_stairs":14,"minecraft:lectern":1,"minecraft:egg":1,"alexsmobs:mosquito_proboscis":1,"minecraft:crimson_planks":4,"minecraft:enchanted_book":3,"minecraft:golden_boots":1,"minecraft:iron_ingot":25,"minecraft:netherite_pickaxe":1,"minecraft:wheat_seeds":10,"minecraft:tnt":63,"minecraft:polished_blackstone":1,"minecraft:golden_horse_armor":1,"minecraft:dripstone_block":6,"minecraft:iron_helmet":1,"minecraft:cobblestone":5447,"minecraft:book":1,"artifacts:whoopee_cushion":1,"chococraft:gysahl_green_seeds":25,"minecraft:granite":473,"minecraft:coal":28,"minecraft:golden_apple":7,"minecraft:polished_andesite":1,"minecraft:cobweb":24,"minecraft:jungle_slab":3,"minecraft:golden_carrot":21,"artifacts:plastic_drinking_hat":1,"minecraft:string":38,"minecraft:furnace":1,"minecraft:moss_carpet":5,"minecraft:soul_soil":4,"minecraft:soul_torch":20,"minecraft:stone_sword":1,"minecraft:smooth_stone_slab":4,"born_in_chaos_v1:rotten_fish":4,"minecraft:polished_deepslate_slab":8,"minecraft:clay_ball":38,"minecraft:iron_boots":2,"minecraft:nether_bricks":10,"minecraft:pumpkin_seeds":3,"minecraft:big_dripleaf":6,"minecraft:potato":1,"minecraft:spruce_planks":28,"minecraft:diamond_pickaxe":1,"minecraft:spider_eye":3,"minecraft:stone_bricks":68,"minecraft:bamboo":27,"minecraft:bow":1,"minecraft:crimson_hyphae":1,"minecraft:magma_block":2,"minecraft:moss_block":75,"minecraft:golden_pickaxe":1,"minecraft:ender_pearl":10,"minecraft:jungle_fence":1,"minecraft:leather":3,"minecraft:mangrove_planks":1,"relics:reflection_necklace":1,"minecraft:flint":10,"minecraft:music_disc_13":2,"minecraft:deepslate_tile_stairs":2,"minecraft:cracked_polished_blackstone_bricks":82,"minecraft:polished_blackstone_pressure_plate":1,"minecraft:dispenser":1,"born_in_chaos_v1:monster_skin":1,"minecraft:polished_blackstone_brick_stairs":1,"irons_spellbooks:hogskin":12,"minecraft:crimson_roots":14,"minecraft:amethyst_shard":5,"minecraft:polished_blackstone_bricks":33,"minecraft:gravel":242,"minecraft:blackstone":28,"minecraft:stripped_jungle_wood":3,"minecraft:black_terracotta":2,"relics:space_dissector":1,"sophisticatedbackpacks:diamond_backpack":1,"minecraft:chainmail_chestplate":2,"minecraft:leather_chestplate":2,"minecraft:gunpowder":2,"born_in_chaos_v1:corpse_maggot":34,"minecraft:stone_brick_wall":4,"minecraft:basalt":15,"minecraft:arrow":7,"minecraft:scaffolding":8,"minecraft:quartz":16,"minecraft:netherrack":2818,"minecraft:enchanting_table":2,"minecraft:bread":19,"minecraft:diamond_leggings":1,"quark:yellow_corundum":2,"minecraft:spruce_stairs":4,"irons_spellbooks:ancient_knowledge_fragment":2,"minecraft:stick":7,"irons_spellbooks:scroll":16,"minecraft:deepslate_brick_stairs":2,"minecraft:diorite":343,"minecraft:torch":25,"quark:indigo_corundum_cluster":11,"minecraft:nether_wart_block":29,"born_in_chaos_v1:fused_bone":2,"minecraft:fire_charge":2,"minecraft:iron_leggings":1,"minecraft:flowering_azalea":1,"minecraft:tripwire_hook":2,"minecraft:redstone":1,"chococraft:chocobo_feather":2,"minecraft:tuff":309,"minecraft:raw_iron":5,"iceandfire:witherbone":7,"minecraft:deepslate_bricks":10,"irons_spellbooks:frostward_ring":1,"minecraft:shield":1,"minecraft:iron_chestplate":4,"minecraft:andesite":548,"minecraft:mossy_stone_bricks":18,"minecraft:oak_sapling":1,"minecraft:diamond_boots":1,"minecraft:stone_pickaxe":2,"minecraft:wooden_pickaxe":5,"minecraft:raw_gold":10,"minecraft:magma_cream":1,"chococraft:gysahl_green":21}},"DataVersion":3120}