{"stats":{"minecraft:mined":{"minecraft:glass_pane":1,"minecraft:crafting_table":1,"minecraft:grass_block":3,"minecraft:melon":14,"minecraft:tall_grass":2,"minecraft:hay_block":2,"minecraft:birch_log":6,"minecraft:iron_ore":1,"minecraft:acacia_stairs":1,"minecraft:black_bed":1,"minecraft:grass":22,"chococraft:gysahl_green":18,"minecraft:oak_log":22,"minecraft:dirt":9,"minecraft:stripped_acacia_log":2,"minecraft:stone":11,"minecraft:oak_leaves":6},"minecraft:killed_by":{"alexsmobs:rhinoceros":1,"minecraft:ravager":1},"minecraft:crafted":{"minecraft:oak_planks":88,"quark:blossom_planks":28,"minecraft:crafting_table":1,"minecraft:wooden_pickaxe":2,"minecraft:birch_planks":24,"minecraft:stone_axe":1,"minecraft:stick":12,"minecraft:stone_pickaxe":1,"minecraft:stone_sword":1,"minecraft:acacia_planks":8,"minecraft:wheat":18},"minecraft:used":{"minecraft:stone_sword":32,"minecraft:stone_pickaxe":3,"minecraft:wooden_pickaxe":9,"iceandfire:dragon_skull_lightning":1,"minecraft:dirt":5,"minecraft:crafting_table":2,"minecraft:acacia_stairs":1,"minecraft:melon_slice":8,"minecraft:stone_axe":36,"minecraft:porkchop":3,"quark:blossom_planks":5,"chococraft:gysahl_green":24,"minecraft:acacia_planks":6},"minecraft:custom":{"minecraft:mob_kills":8,"minecraft:interact_with_crafting_table":5,"minecraft:damage_dealt_resisted":30,"minecraft:time_since_death":6265,"minecraft:sleep_in_bed":2,"minecraft:climb_one_cm":1882,"minecraft:time_since_rest":6304,"minecraft:sprint_one_cm":109315,"minecraft:damage_taken":1045,"minecraft:walk_one_cm":83002,"minecraft:drop":12,"minecraft:damage_dealt":1191,"minecraft:swim_one_cm":18123,"minecraft:talked_to_villager":1,"minecraft:fly_one_cm":159717,"minecraft:open_chest":11,"minecraft:crouch_one_cm":2549,"minecraft:play_time":29662,"minecraft:deaths":2,"minecraft:sneak_time":1530,"minecraft:walk_under_water_one_cm":3926,"minecraft:jump":740,"minecraft:walk_on_water_one_cm":3272,"minecraft:total_world_time":29662,"minecraft:fall_one_cm":21322},"minecraft:killed":{"minecraft:pig":2,"irons_spellbooks:necromancer":1,"minecraft:zombie":2,"irons_spellbooks:summoned_skeleton":1,"mowziesmobs:umvuthana":2},"minecraft:picked_up":{"minecraft:birch_log":6,"iceandfire:dragon_skull_lightning":1,"minecraft:crafting_table":1,"chococraft:loverly_gysahl_green":3,"minecraft:black_bed":1,"minecraft:oak_log":22,"minecraft:dirt":12,"chococraft:gysahl_green":51,"chococraft:gold_gysahl":1,"irons_spellbooks:arcane_essence":2,"minecraft:wheat_seeds":5,"minecraft:melon_slice":65,"minecraft:raw_iron":1,"iceandfire:dragonbone":11,"minecraft:porkchop":3,"quark:blossom_log":7,"chococraft:gysahl_green_seeds":18,"minecraft:acacia_stairs":1,"minecraft:stripped_acacia_log":2,"minecraft:rotten_flesh":1,"minecraft:hay_block":2,"minecraft:cobblestone":11},"minecraft:dropped":{"minecraft:wheat_seeds":3,"minecraft:rotten_flesh":1,"chococraft:gysahl_green_seeds":18,"minecraft:wooden_pickaxe":1,"chococraft:gysahl_green":21}},"DataVersion":3120}