{"stats":{"minecraft:broken":{"minecraft:golden_boots":1,"minecraft:diamond_helmet":1,"minecraft:iron_boots":1,"minecraft:iron_chestplate":1,"minecraft:iron_sword":2,"minecraft:chainmail_leggings":1,"iceandfire:deathworm_red_leggings":1,"minecraft:diamond_leggings":1,"minecraft:shield":1,"minecraft:iron_helmet":1,"iceandfire:deathworm_white_helmet":1,"iceandfire:deathworm_white_boots":1,"iceandfire:deathworm_red_chestplate":1,"minecraft:diamond_chestplate":1},"minecraft:dropped":{"minecraft:iron_sword":3,"alexsmobs:leafcutter_anthill":1,"minecraft:porkchop":4,"chococraft:loverly_gysahl_green":2,"minecraft:lapis_lazuli":16,"minecraft:glow_ink_sac":8,"minecraft:glass_bottle":1,"minecraft:diamond":10,"irons_spellbooks:fireward_ring":1,"minecraft:cooked_porkchop":2,"minecraft:red_sandstone":1,"minecraft:weeping_vines":21,"iceandfire:ectoplasm":3,"minecraft:cracked_stone_bricks":68,"born_in_chaos_v1:pieceofdarkmetal":7,"quark:limestone":64,"minecraft:rail":3,"graveyard:corruption":34,"graveyard:lying_skeleton":1,"minecraft:red_carpet":1,"minecraft:gold_block":1,"born_in_chaos_v1:monster_flesh":2,"minecraft:dirt":530,"alexsmobs:roadrunner_feather":3,"minecraft:dark_oak_fence":2,"minecraft:cracked_deepslate_tiles":3,"irons_spellbooks:cinder_essence":2,"minecraft:mangrove_stairs":2,"irons_spellbooks:arcane_essence":83,"minecraft:writable_book":1,"minecraft:wooden_sword":1,"minecraft:gold_nugget":31,"alexsmobs:emu_feather":4,"minecraft:bone_meal":31,"minecraft:bone_block":8,"minecraft:sand":102,"minecraft:iron_pickaxe":2,"minecraft:dark_oak_planks":3,"rottencreatures:magma_rotten_flesh":3,"minecraft:bone":96,"quark:ancient_tome":2,"minecraft:ancient_debris":3,"minecraft:iron_nugget":31,"minecraft:cobbled_deepslate":7050,"minecraft:black_carpet":2,"minecraft:birch_sapling":1,"minecraft:netherite_sword":2,"minecraft:wheat":23,"minecraft:obsidian":1,"minecraft:deepslate_brick_slab":4,"minecraft:rotten_flesh":433,"minecraft:oak_planks":30,"minecraft:glowstone_dust":48,"minecraft:end_stone":9,"minecraft:nether_brick_fence":1,"irons_spellbooks:blood_staff":3,"iceandfire:crackled_gravel":1,"alexsmobs:leafcutter_ant_pupa":3,"minecraft:chiseled_deepslate":2,"alexsmobs:blood_sac":2,"minecraft:deepslate_tiles":10,"alexsmobs:cosmic_cod":2,"minecraft:jungle_log":25,"minecraft:leather_boots":2,"iceandfire:bestiary":1,"minecraft:ladder":1,"iceandfire:deathworm_chitin_white":4,"alexsmobs:blood_sprayer":2,"minecraft:red_nether_bricks":7,"minecraft:glass":1,"minecraft:warped_wart_block":2,"minecraft:stone_brick_stairs":14,"minecraft:lectern":1,"minecraft:egg":1,"alexsmobs:mosquito_proboscis":1,"minecraft:enchanted_book":5,"minecraft:crimson_planks":4,"iceandfire:dragonbone_sword":1,"minecraft:golden_boots":1,"minecraft:iron_ingot":25,"minecraft:netherite_pickaxe":1,"minecraft:wheat_seeds":18,"minecraft:sculk_shrieker":1,"minecraft:copper_block":2,"minecraft:tnt":65,"minecraft:polished_blackstone":1,"minecraft:golden_horse_armor":1,"minecraft:dripstone_block":6,"minecraft:oxidized_cut_copper":2,"minecraft:yellow_terracotta":184,"minecraft:iron_helmet":4,"minecraft:feather":7,"minecraft:cobblestone":7709,"minecraft:book":1,"artifacts:whoopee_cushion":1,"alexsmobs:rattlesnake_rattle":1,"chococraft:gysahl_green_seeds":25,"minecraft:granite":587,"minecraft:deepslate_tile_slab":2,"minecraft:polished_blackstone_button":4,"minecraft:coal":45,"minecraft:golden_apple":7,"minecraft:coal_block":11,"minecraft:polished_andesite":2,"minecraft:pufferfish":1,"minecraft:cobweb":24,"minecraft:jungle_slab":3,"minecraft:golden_carrot":21,"iceandfire:copper_nugget":20,"alexsmobs:leafcutter_ant_chamber":37,"artifacts:plastic_drinking_hat":1,"aquaculture:jellyfish":1,"minecraft:brown_terracotta":203,"minecraft:string":77,"minecraft:oxidized_copper":2,"minecraft:spruce_sapling":3,"minecraft:furnace":5,"minecraft:moss_carpet":5,"minecraft:soul_soil":4,"minecraft:soul_torch":20,"minecraft:stone_sword":6,"minecraft:smooth_stone_slab":4,"minecraft:deepslate":7,"born_in_chaos_v1:rotten_fish":11,"minecraft:polished_deepslate_slab":8,"minecraft:clay_ball":42,"minecraft:iron_boots":2,"minecraft:white_terracotta":89,"minecraft:cobbled_deepslate_slab":6,"minecraft:nether_bricks":10,"minecraft:pumpkin_seeds":3,"minecraft:blast_furnace":1,"minecraft:big_dripleaf":6,"minecraft:potato":1,"minecraft:stone":46,"minecraft:spruce_planks":28,"minecraft:diamond_pickaxe":1,"iceandfire:dragonbone_arrow":4,"minecraft:spider_eye":7,"minecraft:stone_bricks":100,"minecraft:bamboo":27,"aquaculture:atlantic_halibut":1,"minecraft:sandstone":49,"minecraft:bow":2,"minecraft:red_sand":9,"minecraft:crimson_hyphae":1,"minecraft:magma_block":2,"iceandfire:dragon_skull_lightning":3,"minecraft:terracotta":542,"minecraft:moss_block":75,"minecraft:oak_log":4,"minecraft:ender_pearl":11,"minecraft:golden_pickaxe":1,"minecraft:jungle_fence":1,"minecraft:leather":8,"minecraft:mangrove_planks":1,"relics:reflection_necklace":1,"minecraft:cod":5,"minecraft:flint":21,"minecraft:music_disc_13":2,"minecraft:deepslate_tile_stairs":2,"minecraft:cracked_polished_blackstone_bricks":82,"minecraft:polished_blackstone_pressure_plate":1,"minecraft:dispenser":1,"born_in_chaos_v1:monster_skin":1,"minecraft:polished_blackstone_brick_stairs":1,"irons_spellbooks:hogskin":16,"minecraft:crimson_roots":14,"minecraft:cut_sandstone":27,"minecraft:amethyst_shard":5,"minecraft:polished_blackstone_bricks":33,"minecraft:gravel":314,"minecraft:blackstone":28,"irons_spellbooks:diamond_spell_book":1,"minecraft:stripped_jungle_wood":3,"minecraft:soul_lantern":2,"minecraft:black_terracotta":2,"iceandfire:fire_lily":1,"relics:space_dissector":1,"sophisticatedbackpacks:diamond_backpack":1,"minecraft:chainmail_chestplate":2,"alexsmobs:kangaroo_hide":1,"minecraft:leather_chestplate":2,"minecraft:gunpowder":6,"born_in_chaos_v1:chipped_black_argillite_brick":2,"born_in_chaos_v1:corpse_maggot":44,"minecraft:stone_brick_wall":4,"minecraft:basalt":15,"minecraft:arrow":12,"minecraft:scaffolding":8,"minecraft:quartz":16,"minecraft:netherrack":4947,"minecraft:enchanting_table":2,"minecraft:bread":34,"minecraft:oak_slab":6,"minecraft:mossy_cobblestone":1,"minecraft:diamond_leggings":1,"born_in_chaos_v1:black_argillite_brick_slab":8,"quark:yellow_corundum":2,"minecraft:tropical_fish":1,"minecraft:spruce_stairs":4,"irons_spellbooks:ancient_knowledge_fragment":2,"minecraft:stick":29,"irons_spellbooks:scroll":18,"minecraft:iron_block":4,"minecraft:deepslate_brick_stairs":2,"minecraft:smooth_red_sandstone":6,"minecraft:diorite":365,"iceandfire:dragonscales_black":26,"iceandfire:armor_copper_boots":4,"minecraft:torch":25,"quark:indigo_corundum_cluster":11,"minecraft:nether_wart_block":29,"born_in_chaos_v1:fused_bone":2,"minecraft:fire_charge":2,"minecraft:iron_leggings":3,"minecraft:flowering_azalea":1,"minecraft:tripwire_hook":2,"minecraft:bucket":1,"minecraft:chiseled_sandstone":1,"minecraft:smooth_basalt":4,"minecraft:redstone":1,"minecraft:kelp":2,"iceandfire:lightning_dragon_heart":2,"chococraft:chocobo_feather":2,"minecraft:light_gray_terracotta":88,"minecraft:tuff":437,"minecraft:raw_iron":5,"iceandfire:witherbone":9,"born_in_chaos_v1:black_argillite_button":4,"iceandfire:silver_ore":4,"minecraft:red_terracotta":6,"irons_spellbooks:frostward_ring":1,"minecraft:flint_and_steel":1,"minecraft:deepslate_bricks":16,"minecraft:filled_map":1,"minecraft:shield":1,"minecraft:orange_terracotta":314,"minecraft:andesite":926,"minecraft:iron_chestplate":5,"iceandfire:tide_bronze_boots":1,"minecraft:mossy_stone_bricks":19,"minecraft:oak_sapling":1,"iceandfire:dragonbone_bow":1,"minecraft:diamond_boots":2,"minecraft:slime_ball":2,"minecraft:stone_pickaxe":2,"minecraft:wooden_pickaxe":5,"minecraft:raw_gold":10,"minecraft:cracked_deepslate_bricks":2,"minecraft:magma_cream":1,"chococraft:gysahl_green":21},"minecraft:killed":{"alexsmobs:lobster":5,"minecraft:cave_spider":9,"born_in_chaos_v1:mr_pumpkin":1,"born_in_chaos_v1:zombie_lumberjack":8,"born_in_chaos_v1:restless_spirit":3,"born_in_chaos_v1:skeleton_demoman":6,"minecraft:dolphin":1,"graveyard:wraith":16,"born_in_chaos_v1:siamese_skeletonsright":3,"born_in_chaos_v1:baby_skeleton_minion":5,"minecraft:pufferfish":1,"minecraft:skeleton":56,"graveyard:acolyte":5,"rottencreatures:zap":1,"alexsmobs:leafcutter_ant":1,"minecraft:chicken":1,"alexsmobs:laviathan":1,"alexsmobs:skelewag":1,"minecraft:tropical_fish":3,"minecraft:magma_cube":30,"born_in_chaos_v1:bone_imp":3,"minecraft:ender_dragon":1,"minecraft:pillager":20,"irons_spellbooks:summoned_vex":8,"minecraft:zombie":268,"born_in_chaos_v1:corpse_fly":18,"alexsmobs:roadrunner":1,"iceandfire:lightning_dragon":4,"born_in_chaos_v1:door_knight":3,"rottencreatures:immortal":1,"minecraft:cow":8,"mowziesmobs:naga":1,"graveyard:nightmare":1,"graveyard:corrupted_vindicator":9,"minecraft:endermite":12,"minecraft:vindicator":3,"quark:toretoise":2,"born_in_chaos_v1:thornshell_crab":1,"minecraft:zoglin":8,"born_in_chaos_v1:firelight":17,"minecraft:horse":1,"minecraft:warden":2,"born_in_chaos_v1:barrel_zombie":1,"rottencreatures:undead_miner":6,"minecraft:husk":1,"born_in_chaos_v1:decrepit_skeleton":12,"born_in_chaos_v1:bloody_gadfly":2,"iceandfire:ghost":6,"born_in_chaos_v1:dark_vortex":3,"minecraft:enderman":10,"graveyard:skeleton_creeper":1,"alexsmobs:cosmic_cod":2,"rottencreatures:burned":15,"minecraft:spider":17,"aquaculture:gar":2,"born_in_chaos_v1:scarlet_persecutor":5,"minecraft:silverfish":9,"aquaculture:perch":1,"aquaculture:atlantic_herring":12,"irons_spellbooks:summoned_skeleton":3,"born_in_chaos_v1:firelight_not_despawn":4,"alexsmobs:kangaroo":5,"artifacts:mimic":5,"alexsmobs:anteater":2,"minecraft:piglin":7,"born_in_chaos_v1:bonescaller":4,"minecraft:pig":9,"minecraft:zombie_villager":11,"born_in_chaos_v1:glutton_fish":1,"irons_spellbooks:necromancer":7,"minecraft:creeper":8,"alexsmobs:crimson_mosquito":29,"born_in_chaos_v1:zombie_fisherman":4,"cataclysm:deepling_brute":1,"born_in_chaos_v1:dread_hound":2,"alexsmobs:fly":1,"graveyard:corrupted_pillager":3,"born_in_chaos_v1:siamese_skeletonsleft":3,"minecraft:blaze":4,"born_in_chaos_v1:missioner":2,"irons_spellbooks:summoned_zombie":30,"alexsmobs:rattlesnake":3,"born_in_chaos_v1:zombie_bruiser":3,"born_in_chaos_v1:maggot":82,"naturalist:bass":1,"aquaculture:brown_trout":2,"born_in_chaos_v1:corpse_fish":13,"iceandfire:deathworm":4,"alexsmobs:flying_fish":1,"mowziesmobs:umvuthana":2,"born_in_chaos_v1:fallen_chaos_knight":4,"born_in_chaos_v1:swarmer":1,"born_in_chaos_v1:baby_skeleton":7,"minecraft:hoglin":6,"alexsmobs:emu":1,"born_in_chaos_v1:nightmare_stalker":1,"minecraft:wither_skeleton":29},"minecraft:mined":{"minecraft:dark_oak_planks":4,"minecraft:white_bed":2,"graveyard:gray_urn":1,"minecraft:black_terracotta":3,"irons_spellbooks:armor_pile":2,"alexsmobs:leafcutter_anthill":2,"minecraft:jungle_leaves":1,"minecraft:obsidian":15,"minecraft:granite":10,"minecraft:acacia_log":28,"minecraft:chiseled_polished_blackstone":7,"minecraft:red_sand":5,"minecraft:deepslate_tile_wall":1,"minecraft:stone_brick_wall":2,"minecraft:jungle_log":26,"minecraft:coal_block":19,"quark:yellow_corundum":3,"minecraft:deepslate_bricks":38,"minecraft:deepslate_tile_stairs":3,"minecraft:spawner":18,"minecraft:weeping_vines_plant":20,"minecraft:polished_blackstone_bricks":79,"minecraft:tall_seagrass":6,"minecraft:magma_block":2,"minecraft:sticky_piston":1,"minecraft:cobbled_deepslate":4,"minecraft:fire":29,"minecraft:moss_carpet":9,"minecraft:pumpkin":5,"minecraft:deepslate_lapis_ore":3,"minecraft:smooth_red_sandstone":6,"minecraft:sculk_shrieker":1,"minecraft:polished_deepslate_slab":11,"quark:limestone":6,"minecraft:oak_stairs":1,"minecraft:deepslate_brick_stairs":4,"minecraft:smooth_sandstone_stairs":1,"minecraft:iron_block":4,"minecraft:tripwire":2,"minecraft:piston_head":2,"minecraft:cut_sandstone":36,"minecraft:soul_wall_torch":1,"graveyard:light_gray_urn":2,"minecraft:potted_brown_mushroom":1,"minecraft:kelp_plant":2,"minecraft:crimson_nylium":17,"minecraft:smoker":13,"minecraft:soul_fire":2,"minecraft:deepslate_tile_slab":3,"minecraft:torch":6,"minecraft:blast_furnace":3,"minecraft:polished_andesite_stairs":2,"minecraft:oxidized_copper":1,"minecraft:melon":22,"minecraft:dead_bush":1,"minecraft:cyan_bed":1,"minecraft:white_terracotta":8,"minecraft:repeater":2,"iceandfire:crackled_stone":11,"minecraft:magenta_bed":4,"minecraft:black_bed":1,"minecraft:stone_brick_stairs":15,"minecraft:grass":126,"graveyard:cyan_urn":1,"minecraft:sandstone_wall":1,"quark:indigo_corundum_cluster":3,"minecraft:smooth_basalt":2,"minecraft:cut_red_sandstone":3,"minecraft:deepslate":199,"minecraft:yellow_terracotta":15,"minecraft:infested_deepslate":1,"minecraft:deepslate_tiles":21,"iceandfire:silver_ore":2,"minecraft:mossy_cobblestone":10,"minecraft:dark_oak_log":4,"minecraft:end_stone":58,"minecraft:orange_banner":1,"minecraft:nether_bricks":2,"minecraft:dark_oak_fence":1,"minecraft:jungle_planks":31,"minecraft:stripped_jungle_wood":3,"minecraft:crimson_roots":5,"minecraft:redstone_wire":3,"alexsmobs:leafcutter_ant_chamber":19,"minecraft:moss_block":6,"minecraft:kelp":1,"minecraft:red_sandstone":1,"minecraft:acacia_wood":4,"minecraft:andesite":54,"minecraft:vine":31,"minecraft:warped_stem":22,"minecraft:brain_coral_wall_fan":1,"minecraft:bamboo":1,"minecraft:bone_block":2,"minecraft:smithing_table":1,"minecraft:oak_slab":2,"minecraft:glass_pane":1,"minecraft:soul_sand":3,"quark:oak_chest":1,"minecraft:cobbled_deepslate_wall":1,"graveyard:tg_rooted_dirt":1,"minecraft:copper_ore":2,"minecraft:tall_grass":10,"minecraft:cracked_deepslate_bricks":10,"minecraft:diorite":29,"minecraft:warped_wart_block":4,"minecraft:coarse_dirt":1,"graveyard:vase_block":3,"minecraft:birch_leaves":14,"minecraft:mangrove_leaves":4,"minecraft:gravel":23,"enchantinginfuser:advanced_enchanting_infuser":3,"minecraft:cobweb":128,"minecraft:brown_terracotta":9,"minecraft:acacia_planks":12,"minecraft:polished_blackstone":12,"minecraft:stone_bricks":214,"minecraft:fern":12,"minecraft:spruce_planks":34,"minecraft:stone_pressure_plate":2,"minecraft:jungle_slab":1,"minecraft:cave_vines_plant":1,"quark:glow_shroom_stem":1,"minecraft:grass_block":15,"minecraft:cracked_polished_blackstone_bricks":100,"minecraft:soul_soil":9,"minecraft:frosted_ice":8,"minecraft:polished_blackstone_pressure_plate":2,"minecraft:gilded_blackstone":1,"iceandfire:crackled_cobblestone":8,"minecraft:glowstone":15,"minecraft:sculk_catalyst":1,"born_in_chaos_v1:black_argillite_brick_slab":2,"minecraft:iron_ore":1,"iceandfire:dragon_bone_wall":1,"graveyard:leaning_wither_skeleton":1,"minecraft:anvil":2,"minecraft:brown_bed":1,"minecraft:dark_oak_stairs":3,"chococraft:gysahl_green":23,"minecraft:iron_bars":2,"quark:indigo_corundum":8,"minecraft:azalea":1,"minecraft:gray_terracotta":4,"minecraft:blackstone":43,"graveyard:middle_bone_staff":1,"minecraft:polished_deepslate_stairs":1,"minecraft:orange_terracotta":48,"minecraft:clay":15,"minecraft:light_gray_terracotta":11,"minecraft:jungle_stairs":1,"iceandfire:ghost_chest":2,"minecraft:cobblestone":37,"graveyard:skeleton_hand":1,"graveyard:lying_skeleton":2,"minecraft:oak_planks":41,"minecraft:wall_torch":2,"minecraft:iron_door":2,"minecraft:seagrass":3,"minecraft:nether_wart_block":12,"minecraft:warped_planks":6,"minecraft:birch_log":6,"minecraft:stripped_oak_wood":2,"minecraft:tnt":130,"minecraft:light_gray_wool":7,"graveyard:skull_pile":2,"minecraft:smooth_stone_slab":26,"minecraft:cracked_deepslate_tiles":17,"minecraft:oak_log":64,"minecraft:dirt":60,"minecraft:sand":72,"minecraft:infested_cracked_stone_bricks":2,"minecraft:wither_skeleton_skull":4,"minecraft:dispenser":2,"minecraft:netherrack":615,"minecraft:ancient_debris":2,"minecraft:oak_leaves":21,"minecraft:crying_obsidian":14,"minecraft:diamond_ore":1,"minecraft:tuff":47,"minecraft:red_carpet":2,"minecraft:candle":1,"minecraft:deepslate_diamond_ore":10,"minecraft:stripped_mangrove_log":2,"enchantinginfuser:enchanting_infuser":2,"minecraft:mangrove_roots":1,"iceandfire:crackled_gravel":1,"minecraft:ladder":1,"minecraft:weeping_vines":2,"minecraft:spruce_leaves":34,"minecraft:sandstone":30,"minecraft:cracked_nether_bricks":2,"minecraft:crimson_stem":11,"minecraft:large_fern":1,"minecraft:hay_block":44,"minecraft:deepslate_brick_slab":6,"minecraft:oxidized_cut_copper":1,"minecraft:furnace":6,"minecraft:chiseled_sandstone":1,"minecraft:acacia_stairs":1,"minecraft:chiseled_deepslate":2,"minecraft:gold_block":20,"minecraft:polished_deepslate":4,"minecraft:bookshelf":45,"minecraft:shroomlight":1,"minecraft:deepslate_iron_ore":4,"minecraft:stripped_acacia_log":2,"minecraft:stone":581,"minecraft:podzol":3,"minecraft:acacia_leaves":4,"minecraft:flowering_azalea":1,"minecraft:infested_stone_bricks":9,"minecraft:basalt":14,"minecraft:oak_fence":2,"minecraft:crafting_table":12,"minecraft:lectern":1,"minecraft:deepslate_coal_ore":2,"born_in_chaos_v1:chipped_black_argillite_brick":3,"minecraft:blue_bed":3,"minecraft:polished_blackstone_brick_stairs":1,"minecraft:spruce_stairs":4,"minecraft:gray_concrete_powder":4,"minecraft:gray_bed":1,"minecraft:warped_hyphae":1,"minecraft:coal_ore":39,"minecraft:cracked_stone_bricks":83,"minecraft:terracotta":49,"minecraft:polished_andesite":17,"minecraft:mossy_stone_bricks":5,"minecraft:crimson_hyphae":8},"minecraft:killed_by":{"born_in_chaos_v1:nightmare_stalker":3,"minecraft:ravager":1,"graveyard:acolyte":4,"minecraft:vindicator":2,"irons_spellbooks:citadel_keeper":1,"alexsmobs:rhinoceros":1,"minecraft:zombie":9,"alexsmobs:skelewag":1,"born_in_chaos_v1:restless_spirit":1,"born_in_chaos_v1:zombie_lumberjack":1,"born_in_chaos_v1:firelight":1,"rottencreatures:swampy":1,"minecraft:warden":1,"iceandfire:ghost":4,"minecraft:wither_skeleton":1,"minecraft:piglin":1,"rottencreatures:immortal":2,"minecraft:player":2,"iceandfire:deathworm":1,"minecraft:enderman":1,"irons_spellbooks:necromancer":1,"minecraft:hoglin":2,"irons_spellbooks:dead_king":61,"minecraft:skeleton":3,"iceandfire:lightning_dragon":39,"born_in_chaos_v1:corpse_fish":2,"alexsmobs:crimson_mosquito":2,"born_in_chaos_v1:missioner":1},"minecraft:used":{"irons_spellbooks:inscription_table":2,"minecraft:moss_block":2,"aquaculture:fish_fillet_raw":3,"minecraft:writable_book":3,"minecraft:polished_blackstone":4,"minecraft:ladder":3,"minecraft:rotten_flesh":3,"minecraft:cracked_deepslate_tiles":9,"minecraft:lava_bucket":81,"minecraft:warped_hyphae":1,"minecraft:birch_sapling":1,"iceandfire:ghost_chest":1,"minecraft:stone_brick_stairs":4,"minecraft:bow":10,"minecraft:furnace":7,"minecraft:egg":1,"minecraft:potato":1,"minecraft:mossy_stone_bricks":6,"minecraft:diorite":1,"aquaculture:atlantic_herring":5,"minecraft:blackstone":10,"minecraft:wooden_pickaxe":56,"minecraft:glow_berries":9,"minecraft:golden_apple":15,"minecraft:sand":17,"minecraft:blast_furnace":2,"alexsmobs:leafcutter_anthill":1,"minecraft:deepslate_tiles":13,"minecraft:red_sandstone":1,"minecraft:crying_obsidian":3,"minecraft:cut_red_sandstone":3,"minecraft:diamond_sword":698,"minecraft:nether_wart_block":7,"minecraft:smithing_table":1,"minecraft:oak_boat":2,"minecraft:iron_bars":2,"minecraft:stone_sword":139,"born_in_chaos_v1:smoked_fish":15,"minecraft:cooked_salmon":15,"minecraft:netherrack":993,"minecraft:torch":317,"minecraft:anvil":2,"minecraft:warped_wart_block":3,"minecraft:crimson_hyphae":1,"minecraft:yellow_carpet":2,"born_in_chaos_v1:chipped_black_argillite_brick":2,"minecraft:beef":1,"quark:blossom_planks":8,"minecraft:cobbled_deepslate":296,"minecraft:acacia_planks":78,"minecraft:orange_terracotta":42,"minecraft:pointed_dripstone":8,"minecraft:water_bucket":17,"iceandfire:dragon_skull_lightning":3,"minecraft:cracked_stone_bricks":35,"minecraft:deepslate_bricks":9,"minecraft:polished_blackstone_bricks":36,"minecraft:polished_deepslate_slab":2,"minecraft:tnt":1,"minecraft:crafting_table":29,"minecraft:red_bed":1,"minecraft:white_bed":5,"minecraft:ender_eye":11,"minecraft:diamond_pickaxe":2113,"minecraft:mangrove_propagule":1,"minecraft:iron_pickaxe":579,"minecraft:leather_helmet":1,"enchantinginfuser:enchanting_infuser":2,"minecraft:cobblestone":174,"minecraft:porkchop":17,"minecraft:cooked_porkchop":12,"quark:oak_chest":8,"minecraft:candle":3,"minecraft:moss_carpet":4,"minecraft:red_sand":2,"minecraft:polished_deepslate":1,"minecraft:shield":71,"minecraft:iron_sword":1159,"minecraft:iron_chestplate":1,"minecraft:jungle_planks":155,"minecraft:carrot":38,"minecraft:tuff":24,"minecraft:axolotl_bucket":1,"minecraft:obsidian":11,"minecraft:polished_deepslate_stairs":3,"iceandfire:chain":1,"enchantinginfuser:advanced_enchanting_infuser":3,"born_in_chaos_v1:corpse_maggot":6,"alexsmobs:cooked_lobster_tail":4,"minecraft:crimson_roots":1,"aquaculture:diamond_fishing_rod":64,"minecraft:stone_bricks":97,"minecraft:red_carpet":1,"minecraft:mangrove_roots":1,"minecraft:gray_bed":1,"aquaculture:fish_fillet_cooked":29,"minecraft:chiseled_polished_blackstone":4,"minecraft:oak_planks":126,"minecraft:stone_pickaxe":24,"minecraft:mangrove_planks":8,"minecraft:ender_pearl":13,"minecraft:sandstone":11,"minecraft:diamond_axe":105,"minecraft:blue_bed":4,"minecraft:yellow_terracotta":20,"minecraft:mushroom_stew":2,"iceandfire:dragonbone_sword_lightning":79,"minecraft:stone_brick_wall":1,"minecraft:lingering_potion":1,"minecraft:end_stone":47,"iceandfire:dragonbone_sword":164,"minecraft:melon_slice":102,"minecraft:bread":223,"minecraft:string":4,"minecraft:iron_door":2,"minecraft:grindstone":1,"minecraft:andesite":22,"chococraft:gysahl_green":53,"minecraft:coarse_dirt":1,"minecraft:cobweb":4,"minecraft:experience_bottle":159,"minecraft:netherite_sword":1,"minecraft:oak_fence":2,"minecraft:trident":23,"minecraft:cracked_deepslate_bricks":2,"minecraft:flint_and_steel":2,"born_in_chaos_v1:shell_mace":63,"minecraft:dirt":53,"minecraft:spruce_stairs":2,"alexsmobs:cooked_kangaroo_meat":7,"minecraft:diamond_helmet":1,"minecraft:granite":119,"minecraft:brown_terracotta":2,"minecraft:bookshelf":23,"iceandfire:dragon_bone_wall":1,"minecraft:oak_stairs":1,"minecraft:iron_boots":1,"minecraft:crimson_planks":4,"minecraft:light_gray_wool":2,"minecraft:golden_carrot":30,"minecraft:dark_oak_pressure_plate":1,"minecraft:soul_soil":1,"minecraft:deepslate_tile_stairs":2,"minecraft:cooked_beef":12,"minecraft:enchanted_golden_apple":3,"minecraft:brown_bed":1,"minecraft:acacia_boat":4,"minecraft:polished_andesite":8,"minecraft:baked_potato":1,"minecraft:cut_sandstone":1,"minecraft:terracotta":129,"quark:acacia_chest":1,"minecraft:magenta_bed":3,"minecraft:warped_planks":89,"minecraft:smoker":10,"minecraft:acacia_stairs":1,"minecraft:apple":7,"iceandfire:dragonbone_bow":146,"minecraft:cracked_polished_blackstone_bricks":4,"minecraft:cracked_nether_bricks":2,"minecraft:stone_axe":101,"minecraft:white_banner":1,"minecraft:bucket":98,"minecraft:pumpkin_pie":10,"minecraft:sculk_catalyst":2,"minecraft:soul_torch":1,"minecraft:chainmail_leggings":1},"minecraft:crafted":{"iceandfire:armor_copper_boots":1,"minecraft:blaze_powder":10,"minecraft:chain":1,"sophisticatedbackpacks:crafting_upgrade":1,"minecraft:bookshelf":7,"minecraft:nether_brick":9,"aquaculture:fish_fillet_raw":59,"minecraft:glass":11,"sophisticatedbackpacks:copper_backpack":1,"iceandfire:deathworm_red_leggings":1,"iceandfire:dragonbone_arrow":5,"minecraft:cooked_porkchop":14,"enchantinginfuser:enchanting_infuser":1,"minecraft:acacia_slab":6,"minecraft:smithing_table":1,"iceandfire:wither_shard":3,"aquaculture:iron_fillet_knife":1,"quark:oak_chest":9,"minecraft:stone_slab":6,"minecraft:iron_pickaxe":1,"minecraft:iron_block":22,"minecraft:gold_ingot":16,"minecraft:netherite_ingot":1,"iceandfire:deathworm_white_boots":2,"iceandfire:dragon_bone_wall":2,"minecraft:iron_nugget":54,"quark:jungle_chest":1,"minecraft:diamond":18,"minecraft:stone_pickaxe":2,"minecraft:jungle_fence":3,"minecraft:dark_oak_planks":12,"alexsmobs:blood_sprayer":3,"iceandfire:chain":1,"minecraft:wheat":495,"minecraft:coal_block":8,"iceandfire:dragonbone_sword":3,"minecraft:enchanting_table":1,"aquaculture:diamond_fishing_rod":1,"sophisticatedbackpacks:gold_backpack":3,"minecraft:jungle_slab":6,"minecraft:iron_leggings":1,"minecraft:white_bed":1,"irons_spellbooks:inscription_table":2,"irons_spellbooks:diamond_spell_book":1,"minecraft:grindstone":1,"minecraft:oak_planks":252,"minecraft:cobblestone_slab":6,"minecraft:stone":3,"minecraft:warped_planks":88,"iceandfire:dragonbone_sword_lightning":1,"minecraft:ender_eye":10,"minecraft:oak_fence":3,"minecraft:golden_boots":2,"sophisticatedbackpacks:backpack":2,"quark:blossom_planks":28,"born_in_chaos_v1:smoked_fish":15,"minecraft:crafting_table":19,"minecraft:spruce_planks":8,"minecraft:wooden_pickaxe":4,"minecraft:gold_block":24,"minecraft:birch_planks":24,"iceandfire:armor_copper_leggings":1,"sophisticatedbackpacks:upgrade_base":1,"iceandfire:armor_copper_chestplate":1,"enchantinginfuser:advanced_enchanting_infuser":1,"minecraft:diamond_pickaxe":2,"minecraft:emerald_block":19,"minecraft:shield":3,"sophisticatedbackpacks:diamond_backpack":3,"minecraft:stick":120,"minecraft:iron_ingot":38,"iceandfire:deathworm_white_helmet":1,"minecraft:stone_sword":2,"iceandfire:armor_copper_helmet":1,"minecraft:wooden_sword":4,"minecraft:cobbled_deepslate_slab":6,"minecraft:coal":54,"minecraft:furnace":4,"minecraft:diamond_block":3,"minecraft:flint_and_steel":1,"quark:acacia_chest":1,"born_in_chaos_v1:bone_handle":2,"minecraft:leather":4,"aquaculture:fish_fillet_cooked":44,"minecraft:netherite_scrap":3,"iceandfire:deathworm_red_chestplate":1,"sophisticatedbackpacks:iron_backpack":3,"minecraft:cooked_beef":12,"minecraft:crimson_planks":28,"minecraft:diamond_sword":1,"alexsmobs:cooked_lobster_tail":4,"minecraft:iron_sword":2,"minecraft:cooked_salmon":15,"minecraft:mangrove_planks":8,"minecraft:stone_axe":2,"minecraft:bread":177,"born_in_chaos_v1:shell_mace":1,"minecraft:acacia_boat":2,"minecraft:air":0,"minecraft:jungle_planks":96,"minecraft:oak_boat":2,"minecraft:white_wool":5,"iceandfire:bestiary":1,"minecraft:anvil":1,"minecraft:acacia_planks":136,"minecraft:torch":240,"minecraft:lapis_block":14},"minecraft:custom":{"minecraft:interact_with_crafting_table":112,"minecraft:open_barrel":135,"minecraft:leave_game":23,"minecraft:time_since_death":59297,"minecraft:damage_blocked_by_shield":3179,"minecraft:play_time":1200533,"minecraft:deaths":152,"minecraft:jump":21126,"minecraft:enchant_item":10,"minecraft:interact_with_furnace":37,"minecraft:traded_with_villager":1,"minecraft:sleep_in_bed":29,"minecraft:waystone_activated":5,"minecraft:damage_dealt":125785,"minecraft:interact_with_smithing_table":1,"minecraft:interact_with_smoker":43,"minecraft:inspect_dispenser":2,"minecraft:interact_with_anvil":10,"minecraft:inspect_hopper":1,"minecraft:damage_dealt_absorbed":707,"minecraft:sneak_time":108145,"minecraft:interact_with_lectern":2,"minecraft:interact_with_blast_furnace":15,"minecraft:total_world_time":1200533,"minecraft:time_since_rest":58389,"minecraft:swim_one_cm":245360,"minecraft:fly_one_cm":4767724,"minecraft:open_chest":433,"minecraft:fish_caught":24,"minecraft:fall_one_cm":577417,"minecraft:damage_resisted":280,"minecraft:sprint_one_cm":2571130,"minecraft:drop":1266,"minecraft:talked_to_villager":7,"minecraft:interact_with_brewingstand":3,"minecraft:walk_on_water_one_cm":94458,"minecraft:player_kills":4,"minecraft:crouch_one_cm":353477,"minecraft:mob_kills":993,"minecraft:interact_with_campfire":9,"minecraft:damage_dealt_resisted":8453,"minecraft:climb_one_cm":84740,"minecraft:walk_one_cm":2701783,"minecraft:walk_under_water_one_cm":184619,"minecraft:boat_one_cm":91671,"minecraft:raid_trigger":1,"minecraft:interact_with_grindstone":4,"minecraft:damage_taken":68321,"minecraft:damage_absorbed":1003,"minecraft:trigger_trapped_chest":25},"minecraft:picked_up":{"minecraft:iron_chestplate":4,"minecraft:anvil":2,"minecraft:smithing_table":1,"minecraft:brown_bed":1,"minecraft:oak_stairs":1,"enchantinginfuser:advanced_enchanting_infuser":3,"minecraft:polished_blackstone_brick_stairs":1,"minecraft:polished_deepslate":1,"iceandfire:manuscript":5,"minecraft:string":179,"minecraft:dark_oak_pressure_plate":1,"minecraft:soul_soil":5,"minecraft:red_nether_bricks":7,"minecraft:pufferfish":3,"minecraft:sculk_shrieker":1,"minecraft:diamond_leggings":1,"alexsmobs:emu_feather":4,"minecraft:gold_nugget":31,"minecraft:cobbled_deepslate":8469,"minecraft:spruce_planks":32,"irons_spellbooks:blank_rune":2,"minecraft:melon_slice":98,"minecraft:coal_block":30,"minecraft:big_dripleaf":6,"minecraft:acacia_log":28,"iceandfire:silver_ore":4,"minecraft:sandstone_wall":1,"quark:blossom_log":7,"iceandfire:lightning_dragon_flesh":9,"minecraft:warped_planks":5,"minecraft:deepslate_tile_stairs":4,"minecraft:stone_sword":6,"minecraft:tropical_fish":2,"minecraft:iron_block":8,"minecraft:bookshelf":34,"minecraft:white_terracotta":89,"minecraft:blaze_rod":8,"alexsmobs:lobster_tail":4,"minecraft:iron_bars":2,"alexsmobs:flying_fish":1,"minecraft:birch_log":10,"iceandfire:dragonscales_black":26,"minecraft:magma_block":2,"iceandfire:tide_bronze_boots":1,"minecraft:feather":9,"minecraft:oxidized_copper":2,"relics:holy_locket":2,"minecraft:iron_door":2,"minecraft:jungle_log":55,"minecraft:smoker":13,"minecraft:flint":22,"born_in_chaos_v1:black_argillite_button":8,"alexsmobs:cooked_kangaroo_meat":8,"minecraft:magenta_bed":4,"minecraft:gray_concrete_powder":4,"artifacts:shock_pendant":1,"minecraft:warped_hyphae":1,"minecraft:diamond_helmet":1,"artifacts:antidote_vessel":1,"minecraft:glowstone_dust":48,"minecraft:moss_block":78,"aquaculture:jellyfish":1,"minecraft:chiseled_polished_blackstone":4,"relics:hunter_belt":2,"irons_spellbooks:legendary_ink":1,"minecraft:warped_wart_block":5,"iceandfire:lightning_dragon_heart":3,"minecraft:acacia_stairs":1,"minecraft:dark_oak_log":4,"minecraft:red_terracotta":6,"minecraft:stripped_acacia_log":2,"minecraft:polished_andesite":18,"alexsmobs:kangaroo_hide":9,"minecraft:dispenser":2,"minecraft:deepslate":7,"iceandfire:crackled_stone":7,"minecraft:writable_book":1,"enchantinginfuser:enchanting_infuser":2,"minecraft:granite":665,"minecraft:bread":5,"aquaculture:box":1,"born_in_chaos_v1:rotten_fish":27,"minecraft:dark_oak_fence":2,"minecraft:crimson_roots":15,"minecraft:diamond_pickaxe":1,"iceandfire:dragon_skull_lightning":6,"minecraft:crafting_table":12,"minecraft:coarse_dirt":1,"iceandfire:witherbone":18,"minecraft:clay_ball":42,"born_in_chaos_v1:seedof_chaos":2,"minecraft:golden_pickaxe":1,"irons_spellbooks:tarnished_helmet":1,"minecraft:orange_banner":1,"minecraft:stripped_mangrove_log":2,"irons_spellbooks:diamond_spell_book":1,"minecraft:red_bed":1,"relics:leather_belt":2,"minecraft:cracked_stone_bricks":106,"minecraft:netherite_sword":2,"minecraft:beef":14,"minecraft:iron_nugget":20,"minecraft:birch_sapling":2,"minecraft:egg":2,"relics:magma_walker":1,"minecraft:sandstone":61,"minecraft:polished_deepslate_slab":11,"minecraft:stone":46,"artifacts:charm_of_sinking":1,"relics:rage_glove":1,"minecraft:fire_charge":2,"iceandfire:deathworm_chitin_white":17,"born_in_chaos_v1:pieceofdarkmetal":22,"minecraft:carrot":3,"minecraft:redstone":1,"graveyard:lying_skeleton":1,"minecraft:tnt":39,"quark:yellow_corundum":2,"minecraft:deepslate_bricks":41,"minecraft:diamond_boots":1,"minecraft:hay_block":70,"minecraft:cracked_deepslate_bricks":8,"minecraft:yellow_terracotta":204,"born_in_chaos_v1:spiny_shell":7,"quark:indigo_corundum_cluster":14,"sophisticatedbackpacks:copper_backpack":2,"minecraft:polished_blackstone":5,"alexsmobs:kangaroo_meat":9,"minecraft:bone_block":8,"minecraft:rail":3,"born_in_chaos_v1:monster_flesh":3,"minecraft:smooth_red_sandstone":6,"minecraft:tripwire_hook":2,"minecraft:acacia_wood":4,"minecraft:filled_map":1,"minecraft:oak_log":65,"minecraft:ancient_debris":5,"quark:limestone":62,"alexsmobs:mosquito_proboscis":6,"minecraft:blue_bed":3,"minecraft:white_banner":1,"chococraft:chocobo_feather":2,"chococraft:gysahl_green":60,"minecraft:stone_bricks":260,"minecraft:kelp":2,"minecraft:warped_stem":22,"minecraft:stone_pickaxe":1,"minecraft:cobweb":39,"iceandfire:armor_copper_boots":3,"minecraft:gray_bed":1,"minecraft:mangrove_planks":1,"minecraft:iron_sword":5,"minecraft:flowering_azalea":1,"minecraft:dark_oak_stairs":3,"iceandfire:copper_nugget":20,"minecraft:smooth_basalt":4,"born_in_chaos_v1:ethereal_spirit":12,"minecraft:cracked_nether_bricks":2,"minecraft:gravel":321,"aquaculture:red_grouper":1,"minecraft:spruce_sapling":3,"minecraft:spruce_log":3,"graveyard:middle_bone_staff":1,"minecraft:crying_obsidian":12,"iceandfire:dragonscales_copper":30,"minecraft:slime_ball":2,"born_in_chaos_v1:black_argillite_brick_slab":8,"minecraft:baked_potato":1,"minecraft:mangrove_propagule":1,"irons_spellbooks:scroll":13,"minecraft:ender_pearl":17,"minecraft:chiseled_deepslate":3,"iceandfire:deathworm_egg":1,"alexsmobs:cosmic_cod":2,"chococraft:loverly_gysahl_green":5,"minecraft:black_carpet":2,"minecraft:nether_brick_fence":1,"minecraft:stone_brick_stairs":27,"minecraft:smooth_stone_slab":11,"minecraft:iron_leggings":1,"alexsmobs:blood_sac":17,"irons_spellbooks:arcane_essence":115,"minecraft:deepslate_tiles":25,"minecraft:red_sand":11,"minecraft:bucket":1,"alexsmobs:leafcutter_ant_chamber":37,"minecraft:iron_pickaxe":1,"minecraft:deepslate_tile_wall":1,"minecraft:iron_boots":1,"minecraft:furnace":8,"minecraft:tipped_arrow":12,"minecraft:stick":26,"iceandfire:ghost_chest":1,"minecraft:brown_terracotta":205,"minecraft:oak_fence":2,"minecraft:polished_deepslate_stairs":6,"minecraft:torch":32,"minecraft:spruce_stairs":6,"minecraft:porkchop":35,"aquaculture:atlantic_halibut":2,"iceandfire:crackled_gravel":1,"minecraft:pointed_dripstone":8,"minecraft:diorite":312,"born_in_chaos_v1:nightmare_claw":1,"iceandfire:dragon_bone_wall":1,"minecraft:mangrove_stairs":2,"minecraft:rotten_flesh":519,"born_in_chaos_v1:sea_terror_eye":2,"graveyard:gray_urn":1,"relics:aqua_walker":1,"minecraft:mangrove_roots":1,"minecraft:deepslate_brick_stairs":7,"irons_spellbooks:magic_cloth":2,"minecraft:obsidian":16,"minecraft:cod":12,"minecraft:cobblestone":8531,"minecraft:crimson_hyphae":8,"minecraft:enchanting_table":2,"minecraft:leather_chestplate":2,"minecraft:magma_cream":1,"minecraft:andesite":982,"minecraft:black_bed":1,"minecraft:potato":2,"minecraft:tuff":612,"minecraft:smooth_sandstone_stairs":1,"artifacts:flame_pendant":2,"minecraft:wither_skeleton_skull":5,"minecraft:acacia_boat":2,"minecraft:lapis_lazuli":16,"minecraft:dirt":571,"minecraft:name_tag":1,"born_in_chaos_v1:monster_skin":2,"minecraft:leather_boots":2,"irons_spellbooks:hogskin":12,"minecraft:bone":165,"minecraft:acacia_planks":12,"minecraft:bow":3,"minecraft:wheat_seeds":20,"minecraft:cobbled_deepslate_wall":1,"minecraft:deepslate_brick_slab":7,"minecraft:raw_gold":1,"minecraft:mossy_stone_bricks":30,"minecraft:bamboo":27,"minecraft:oak_planks":48,"minecraft:mossy_stone_brick_stairs":2,"aquaculture:atlantic_herring":13,"minecraft:black_terracotta":2,"irons_spellbooks:fireward_ring":1,"minecraft:music_disc_13":1,"minecraft:sand":162,"minecraft:jungle_planks":80,"minecraft:diamond_block":1,"minecraft:jungle_slab":1,"minecraft:chiseled_sandstone":1,"minecraft:mossy_cobblestone":2,"minecraft:light_gray_terracotta":88,"minecraft:yellow_carpet":4,"born_in_chaos_v1:fire_dust":14,"minecraft:diamond":16,"minecraft:polished_blackstone_pressure_plate":2,"minecraft:soul_lantern":2,"minecraft:polished_blackstone_button":4,"minecraft:cracked_polished_blackstone_bricks":86,"alexsmobs:rattlesnake_rattle":1,"minecraft:bone_meal":32,"minecraft:golden_apple":2,"minecraft:spruce_sign":5,"minecraft:emerald":17,"minecraft:oak_sapling":1,"minecraft:netherrack":6446,"born_in_chaos_v1:sea_terror_stomach":1,"rottencreatures:magma_rotten_flesh":3,"minecraft:lingering_potion":1,"minecraft:chicken":1,"minecraft:ladder":1,"iceandfire:fire_lily":1,"minecraft:wooden_pickaxe":2,"alexsmobs:roadrunner_feather":3,"minecraft:stone_brick_wall":7,"minecraft:gold_block":9,"minecraft:chain":2,"minecraft:moss_carpet":11,"minecraft:blackstone":49,"graveyard:corruption":39,"quark:indigo_corundum":6,"minecraft:candle":3,"minecraft:light_gray_wool":6,"minecraft:lectern":1,"minecraft:sugar_cane":2,"relics:drowned_belt":1,"minecraft:raw_iron":11,"iceandfire:dragonbone":45,"minecraft:end_stone":56,"iceandfire:deathworm_chitin_red":15,"minecraft:copper_ingot":17,"alexsmobs:leafcutter_anthill":2,"minecraft:polished_blackstone_bricks":69,"minecraft:trident":1,"born_in_chaos_v1:charmof_endurance":1,"alexsmobs:leafcutter_ant_pupa":3,"minecraft:stone_pressure_plate":10,"minecraft:dark_oak_planks":4,"minecraft:arrow":67,"minecraft:weeping_vines":23,"minecraft:jungle_stairs":1,"minecraft:nether_bricks":21,"aquaculture:fish_fillet_raw":12,"relics:reflection_necklace":3,"born_in_chaos_v1:fused_bone":2,"minecraft:cracked_deepslate_tiles":14,"born_in_chaos_v1:corpse_maggot":58,"minecraft:basalt":15,"minecraft:glow_ink_sac":8,"minecraft:crimson_stem":7,"minecraft:salmon":3,"minecraft:leather":19,"minecraft:cut_sandstone":29,"minecraft:chainmail_chestplate":2,"iceandfire:ectoplasm":3,"minecraft:nether_wart_block":28,"minecraft:gunpowder":10,"minecraft:deepslate_tile_slab":2,"minecraft:orange_terracotta":356,"minecraft:red_carpet":7,"chococraft:gold_gysahl":1,"minecraft:red_sandstone":2,"minecraft:iron_ingot":17,"artifacts:whoopee_cushion":1,"born_in_chaos_v1:chipped_black_argillite_brick":4,"minecraft:stripped_oak_wood":2,"irons_spellbooks:cinder_essence":2,"minecraft:oxidized_cut_copper":2,"iceandfire:crackled_cobblestone":7,"minecraft:book":34,"minecraft:sculk_catalyst":2,"minecraft:scaffolding":8,"minecraft:oak_slab":4,"minecraft:dripstone_block":7,"minecraft:lava_bucket":1,"born_in_chaos_v1:dark_rod":2,"irons_spellbooks:blood_staff":3,"chococraft:gysahl_green_seeds":22,"minecraft:soul_torch":1,"minecraft:blast_furnace":3,"irons_spellbooks:dragonskin":8,"minecraft:white_bed":2,"quark:oak_chest":1,"minecraft:spider_eye":34,"minecraft:cut_red_sandstone":3,"minecraft:iron_helmet":3,"minecraft:stripped_jungle_wood":3,"minecraft:terracotta":671,"minecraft:coal":131}},"DataVersion":3120}