{"stats":{"minecraft:mined":{"minecraft:deepslate_diamond_ore":3,"minecraft:mangrove_roots":1,"minecraft:acacia_log":28,"minecraft:grass_block":6,"minecraft:sandstone":5,"minecraft:spawner":1,"minecraft:hay_block":2,"minecraft:furnace":2,"minecraft:iron_ore":1,"minecraft:cobbled_deepslate":1,"minecraft:acacia_stairs":1,"chococraft:gysahl_green":20,"minecraft:deepslate_iron_ore":2,"minecraft:stripped_acacia_log":2,"minecraft:stone":53,"minecraft:acacia_leaves":2,"minecraft:glass_pane":1,"minecraft:smoker":2,"minecraft:oak_fence":2,"minecraft:crafting_table":7,"minecraft:torch":1,"minecraft:melon":14,"minecraft:tall_grass":6,"minecraft:cobblestone":6,"minecraft:wall_torch":1,"minecraft:birch_log":6,"minecraft:birch_leaves":7,"minecraft:black_bed":1,"minecraft:mangrove_leaves":4,"minecraft:grass":91,"minecraft:oak_log":22,"minecraft:coal_ore":34,"minecraft:dirt":22,"minecraft:cobweb":2,"minecraft:acacia_planks":6,"minecraft:oak_leaves":12,"minecraft:deepslate":64},"minecraft:killed_by":{"iceandfire:deathworm":1,"minecraft:ravager":1,"rottencreatures:swampy":1,"irons_spellbooks:necromancer":1,"minecraft:skeleton":1,"alexsmobs:rhinoceros":1,"minecraft:zombie":2},"minecraft:crafted":{"minecraft:oak_planks":88,"minecraft:furnace":2,"minecraft:stone_pickaxe":2,"minecraft:wheat":18,"minecraft:cooked_beef":6,"quark:blossom_planks":28,"minecraft:cooked_porkchop":10,"minecraft:crafting_table":2,"minecraft:wooden_pickaxe":3,"minecraft:birch_planks":24,"minecraft:stone_axe":2,"minecraft:air":0,"minecraft:shield":1,"minecraft:stick":32,"minecraft:iron_pickaxe":1,"minecraft:stone_sword":2,"minecraft:acacia_planks":120,"minecraft:torch":44},"minecraft:used":{"minecraft:oak_fence":2,"minecraft:stone_sword":117,"minecraft:shield":6,"minecraft:rotten_flesh":2,"minecraft:torch":61,"minecraft:dirt":30,"minecraft:beef":1,"minecraft:mangrove_roots":1,"minecraft:furnace":2,"quark:blossom_planks":8,"minecraft:cooked_beef":6,"minecraft:acacia_planks":26,"minecraft:cobbled_deepslate":59,"minecraft:stone_pickaxe":24,"minecraft:wooden_pickaxe":54,"iceandfire:dragon_skull_lightning":1,"minecraft:glow_berries":9,"minecraft:crafting_table":9,"minecraft:smoker":1,"minecraft:acacia_stairs":1,"minecraft:apple":2,"minecraft:melon_slice":8,"minecraft:mangrove_propagule":1,"minecraft:bread":6,"minecraft:iron_pickaxe":97,"minecraft:stone_axe":101,"minecraft:cobblestone":11,"minecraft:porkchop":3,"minecraft:white_banner":1,"minecraft:cooked_porkchop":9,"chococraft:gysahl_green":30},"minecraft:custom":{"minecraft:mob_kills":39,"minecraft:interact_with_crafting_table":17,"minecraft:open_barrel":3,"minecraft:damage_dealt_resisted":30,"minecraft:leave_game":1,"minecraft:time_since_death":4410,"minecraft:climb_one_cm":21578,"minecraft:sprint_one_cm":412249,"minecraft:walk_one_cm":242370,"minecraft:damage_blocked_by_shield":315,"minecraft:drop":34,"minecraft:talked_to_villager":1,"minecraft:play_time":105507,"minecraft:deaths":8,"minecraft:sneak_time":3751,"minecraft:walk_under_water_one_cm":19135,"minecraft:jump":2645,"minecraft:walk_on_water_one_cm":20121,"minecraft:total_world_time":105507,"minecraft:interact_with_furnace":4,"minecraft:raid_trigger":1,"minecraft:sleep_in_bed":5,"minecraft:time_since_rest":4435,"minecraft:damage_taken":4220,"minecraft:damage_dealt":6753,"minecraft:swim_one_cm":46591,"minecraft:fly_one_cm":578954,"minecraft:open_chest":21,"minecraft:crouch_one_cm":9058,"minecraft:interact_with_smoker":6,"minecraft:fall_one_cm":79543},"minecraft:killed":{"minecraft:spider":1,"minecraft:vindicator":1,"minecraft:horse":1,"minecraft:skeleton":1,"irons_spellbooks:summoned_skeleton":1,"mowziesmobs:umvuthana":2,"minecraft:pig":9,"irons_spellbooks:necromancer":1,"minecraft:pillager":8,"minecraft:zombie":9,"minecraft:cow":5},"minecraft:picked_up":{"iceandfire:dragon_skull_lightning":1,"chococraft:loverly_gysahl_green":4,"minecraft:crafting_table":7,"minecraft:wooden_pickaxe":2,"irons_spellbooks:arcane_essence":2,"minecraft:cobbled_deepslate":64,"minecraft:beef":8,"minecraft:melon_slice":65,"minecraft:furnace":2,"minecraft:raw_iron":3,"minecraft:stick":2,"iceandfire:dragonbone":11,"minecraft:oak_fence":2,"minecraft:torch":3,"minecraft:acacia_log":28,"quark:blossom_log":7,"minecraft:porkchop":18,"minecraft:arrow":2,"minecraft:rotten_flesh":10,"minecraft:hay_block":2,"minecraft:mangrove_roots":1,"minecraft:cobblestone":60,"minecraft:birch_log":6,"minecraft:black_bed":1,"minecraft:leather":4,"minecraft:smoker":2,"minecraft:oak_log":22,"minecraft:dirt":53,"minecraft:white_banner":1,"chococraft:chocobo_feather":2,"minecraft:bone":2,"chococraft:gysahl_green":57,"minecraft:acacia_planks":6,"chococraft:gold_gysahl":1,"minecraft:wheat_seeds":9,"minecraft:iron_ingot":1,"minecraft:gravel":3,"chococraft:gysahl_green_seeds":20,"minecraft:acacia_stairs":1,"minecraft:spider_eye":1,"minecraft:stripped_acacia_log":2,"minecraft:diamond":3,"minecraft:emerald":7,"minecraft:oak_sapling":1,"minecraft:mangrove_propagule":1,"minecraft:coal":73},"minecraft:dropped":{"chococraft:loverly_gysahl_green":1,"minecraft:wheat_seeds":7,"minecraft:cobblestone":1,"chococraft:gysahl_green_seeds":20,"minecraft:dirt":14,"minecraft:amethyst_shard":5,"minecraft:string":8,"minecraft:cobbled_deepslate":5,"chococraft:chocobo_feather":2,"minecraft:rotten_flesh":1,"iceandfire:bestiary":1,"minecraft:oak_sapling":1,"minecraft:spider_eye":1,"minecraft:arrow":1,"minecraft:stone_pickaxe":1,"minecraft:wooden_pickaxe":4,"chococraft:gysahl_green":21}},"DataVersion":3120}