{"stats":{"minecraft:dropped":{"minecraft:crafting_table":2,"mythicmetals:morkite":24,"mythicmetals:raw_runite":1,"minecraft:cobblestone":16,"graveyard:corruption":2,"minecraft:stick":2,"mythicmetals:raw_platinum":2,"minecraft:diorite":1,"artifacts:obsidian_skull":1,"minecraft:iron_pickaxe":3,"minecraft:string":1,"minecraft:smooth_basalt":2,"minecraft:furnace":3,"minecraft:stone_axe":3,"minecraft:compass":1,"minecraft:cobbled_deepslate":21,"minecraft:rotten_flesh":6,"minecraft:filled_map":1,"minecraft:leather_chestplate":2,"minecraft:gunpowder":3,"minecraft:spruce_planks":16,"minecraft:andesite":28,"minecraft:oak_sapling":1,"minecraft:azalea":2,"mythicmetals:raw_manganese":8,"minecraft:spruce_log":3,"minecraft:stone_pickaxe":1,"minecraft:calcite":3},"minecraft:custom":{"minecraft:mob_kills":33,"minecraft:interact_with_crafting_table":18,"minecraft:open_barrel":1,"minecraft:leave_game":1,"minecraft:time_since_death":52647,"minecraft:climb_one_cm":6199,"minecraft:sprint_one_cm":347284,"minecraft:walk_one_cm":206813,"minecraft:drop":44,"minecraft:talked_to_villager":1,"minecraft:play_time":107770,"minecraft:deaths":2,"minecraft:sneak_time":3620,"minecraft:walk_under_water_one_cm":10946,"minecraft:boat_one_cm":88986,"minecraft:jump":1091,"minecraft:interact_with_brewingstand":2,"minecraft:walk_on_water_one_cm":10876,"minecraft:total_world_time":107770,"minecraft:interact_with_furnace":41,"minecraft:sleep_in_bed":8,"minecraft:time_since_rest":41257,"minecraft:damage_taken":1638,"minecraft:damage_absorbed":30,"minecraft:damage_dealt":7642,"minecraft:swim_one_cm":30480,"minecraft:fly_one_cm":169617,"minecraft:open_chest":12,"minecraft:crouch_one_cm":8307,"minecraft:fall_one_cm":31891},"minecraft:crafted":{"minecraft:oak_planks":36,"minecraft:furnace":2,"runes:arcane_stone":32,"wizards:wand_arcane":1,"minecraft:iron_boots":1,"minecraft:chest":1,"minecraft:golden_axe":1,"minecraft:crafting_table":4,"minecraft:spruce_planks":36,"minecraft:iron_helmet":1,"minecraft:stone_axe":2,"paladins:iron_mace":2,"minecraft:air":0,"minecraft:oak_boat":1,"minecraft:iron_chestplate":1,"minecraft:diamond_pickaxe":1,"minecraft:stick":52,"minecraft:iron_ingot":52,"minecraft:iron_pickaxe":3,"minecraft:gold_ingot":5,"minecraft:iron_leggings":1,"minecraft:torch":128},"minecraft:picked_up":{"minecraft:crafting_table":6,"minecraft:amethyst_block":8,"minecraft:string":1,"minecraft:red_bed":4,"minecraft:white_carpet":2,"graveyard:corruption":4,"minecraft:cobbled_deepslate":68,"minecraft:spruce_planks":71,"minecraft:echo_shard":8,"minecraft:oak_boat":4,"minecraft:calcite":3,"minecraft:azalea":2,"minecraft:iron_pickaxe":3,"croptopia:mustard_seed":1,"minecraft:sugar_cane":8,"minecraft:furnace":7,"minecraft:raw_iron":62,"mythicmetals:raw_orichalcum":5,"minecraft:stick":2,"minecraft:torch":62,"minecraft:porkchop":1,"wizards:staff_frost":1,"mythicmetals:raw_tin":2,"minecraft:diorite":3,"mythicmetals:morkite":149,"mythicmetals:raw_runite":1,"minecraft:arrow":10,"minecraft:rotten_flesh":14,"mythicmetals:raw_manganese":12,"minecraft:tropical_fish":1,"minecraft:mutton":6,"minecraft:iron_bars":1,"minecraft:white_wool":1,"minecraft:cobblestone":205,"minecraft:leather_chestplate":1,"minecraft:andesite":28,"minecraft:oak_log":9,"artifacts:cloud_in_a_bottle":1,"minecraft:gunpowder":6,"mythicmetals:raw_platinum":2,"minecraft:map":9,"minecraft:lapis_lazuli":16,"wizards:wand_novice":1,"minecraft:bone":12,"minecraft:apple":6,"jewelry:copper_ring":2,"minecraft:raw_gold":11,"minecraft:stone_pickaxe":1,"paladins:acolyte_wand":1,"minecraft:iron_ingot":2,"croptopia:roe":1,"minecraft:oak_planks":8,"minecraft:book":12,"croptopia:chile_pepper_seed":1,"minecraft:smooth_basalt":2,"patchouli:guide_book":1,"croptopia:mustard":1,"minecraft:amethyst_shard":4,"minecraft:spruce_log":54,"croptopia:chile_pepper":2,"minecraft:diamond":12,"minecraft:stone_axe":3,"croptopia:orange":75,"paladins:iron_mace":4,"minecraft:bread":49,"minecraft:oak_sapling":1,"minecraft:coal":97},"minecraft:killed":{"minecraft:cave_spider":1,"adventurez:amethyst_golem":1,"graveyard:revenant":5,"minecraft:skeleton":7,"artifacts:mimic":1,"minecraft:pig":1,"graveyard:ghoul":4,"minecraft:sheep":1,"minecraft:zombie":11,"minecraft:enderman":1},"minecraft:broken":{"minecraft:golden_axe":1,"minecraft:iron_pickaxe":1},"minecraft:used":{"minecraft:spruce_planks":1,"minecraft:chest":1,"minecraft:torch":133,"minecraft:mutton":2,"minecraft:white_carpet":2,"croptopia:chile_pepper":1,"minecraft:furnace":6,"minecraft:cobbled_deepslate":46,"minecraft:golden_axe":21,"minecraft:diorite":1,"minecraft:oak_planks":2,"minecraft:golden_apple":1,"minecraft:red_bed":3,"minecraft:crafting_table":8,"paladins:acolyte_wand":16,"paladins:iron_mace":134,"croptopia:orange":23,"minecraft:diamond_pickaxe":40,"minecraft:apple":6,"minecraft:bread":1,"minecraft:map":1,"minecraft:iron_pickaxe":369,"minecraft:stone_axe":22,"minecraft:cobblestone":66,"minecraft:porkchop":1,"minecraft:oak_boat":3,"wizards:wand_arcane":1,"minecraft:splash_potion":1},"minecraft:killed_by":{"minecraft:skeleton":1,"graveyard:revenant":1},"minecraft:mined":{"minecraft:spruce_planks":1,"croptopia:orange_crop":28,"minecraft:deepslate_diamond_ore":12,"croptopia:mustard_crop":1,"mythicmetals:deepslate_morkite_ore":5,"wardentools:echo_cluster":4,"minecraft:spruce_leaves":2,"mythicmetals:deepslate_orichalcum_ore":5,"minecraft:furnace":7,"minecraft:iron_ore":43,"minecraft:cobbled_deepslate":6,"minecraft:andesite":28,"mythicmetals:tin_ore":1,"minecraft:bookshelf":2,"croptopia:apple_crop":5,"minecraft:cave_vines":1,"minecraft:deepslate_iron_ore":18,"minecraft:iron_bars":2,"minecraft:azalea":2,"minecraft:stone":97,"wardentools:budding_sculk":1,"mythicmetals:platinum_ore":2,"minecraft:red_bed":4,"minecraft:medium_amethyst_bud":1,"minecraft:amethyst_cluster":1,"minecraft:crafting_table":6,"minecraft:torch":1,"minecraft:calcite":3,"wardentools:sculk_crystal_block":15,"minecraft:tall_grass":4,"minecraft:cobblestone":12,"minecraft:deepslate_gold_ore":6,"minecraft:lapis_ore":3,"minecraft:sugar_cane":1,"minecraft:oak_planks":1,"mythicmetals:deepslate_runite_ore":1,"minecraft:diorite":1,"minecraft:amethyst_block":8,"jewelry:deepslate_gem_vein":1,"mythicmetals:manganese_ore":3,"minecraft:white_carpet":2,"minecraft:spruce_log":25,"croptopia:chile_pepper_crop":1,"minecraft:grass":1,"minecraft:coal_ore":42,"minecraft:oak_log":9,"mythicmetals:morkite_ore":26,"minecraft:smooth_basalt":1,"minecraft:gold_ore":5,"minecraft:oak_leaves":7,"minecraft:deepslate":62}},"DataVersion":3120}