{"stats":{"minecraft:picked_up":{"iceandfire:dragon_skull_lightning":1,"minecraft:iron_chestplate":1,"chococraft:loverly_gysahl_green":5,"minecraft:crafting_table":10,"minecraft:wooden_pickaxe":2,"minecraft:gold_block":2,"minecraft:stone_brick_stairs":3,"minecraft:polished_deepslate":1,"minecraft:string":8,"minecraft:moss_carpet":5,"minecraft:cracked_stone_bricks":1,"irons_spellbooks:arcane_essence":2,"minecraft:deepslate_tiles":3,"minecraft:cobbled_deepslate":64,"minecraft:beef":14,"minecraft:melon_slice":65,"minecraft:furnace":2,"minecraft:polished_deepslate_slab":1,"minecraft:sandstone":1,"minecraft:stick":2,"minecraft:raw_iron":5,"iceandfire:dragonbone":11,"minecraft:oak_fence":2,"minecraft:torch":4,"minecraft:acacia_log":28,"minecraft:fire_charge":2,"quark:blossom_log":7,"minecraft:porkchop":18,"minecraft:dark_oak_planks":3,"minecraft:tnt":27,"minecraft:rotten_flesh":10,"minecraft:arrow":5,"minecraft:jungle_stairs":1,"minecraft:deepslate_bricks":7,"minecraft:hay_block":2,"minecraft:cracked_deepslate_bricks":3,"minecraft:mangrove_roots":1,"minecraft:deepslate_brick_stairs":2,"minecraft:obsidian":7,"minecraft:cobblestone":113,"minecraft:birch_log":6,"minecraft:jungle_log":2,"minecraft:black_bed":1,"minecraft:leather":6,"minecraft:smoker":3,"minecraft:oak_log":22,"minecraft:magenta_bed":2,"minecraft:acacia_boat":2,"minecraft:dirt":61,"minecraft:white_banner":1,"chococraft:chocobo_feather":2,"minecraft:bone":5,"chococraft:gysahl_green":60,"minecraft:acacia_planks":10,"chococraft:gold_gysahl":1,"minecraft:wheat_seeds":9,"minecraft:iron_ingot":1,"minecraft:mossy_stone_bricks":4,"minecraft:diamond_helmet":1,"minecraft:moss_block":1,"minecraft:mossy_stone_brick_stairs":2,"minecraft:oak_planks":15,"minecraft:iron_sword":2,"minecraft:dark_oak_stairs":1,"minecraft:lava_bucket":1,"minecraft:gravel":3,"minecraft:sand":17,"minecraft:jungle_planks":57,"chococraft:gysahl_green_seeds":22,"minecraft:crying_obsidian":3,"minecraft:diamond_block":1,"minecraft:dark_oak_log":1,"minecraft:acacia_stairs":1,"minecraft:spider_eye":3,"minecraft:stripped_acacia_log":2,"minecraft:diamond":7,"minecraft:polished_blackstone_pressure_plate":1,"minecraft:golden_apple":1,"minecraft:emerald":7,"minecraft:oak_sapling":1,"minecraft:netherrack":3,"minecraft:coal":76,"minecraft:mangrove_propagule":1},"minecraft:killed":{"born_in_chaos_v1:zombie_lumberjack":1,"minecraft:vindicator":1,"minecraft:spider":3,"born_in_chaos_v1:maggot":2,"minecraft:skeleton":5,"minecraft:horse":1,"irons_spellbooks:summoned_skeleton":1,"mowziesmobs:umvuthana":2,"rottencreatures:undead_miner":1,"minecraft:pig":9,"irons_spellbooks:necromancer":1,"born_in_chaos_v1:decrepit_skeleton":1,"minecraft:pillager":8,"minecraft:zombie":10,"minecraft:wither_skeleton":1,"minecraft:cow":8},"minecraft:mined":{"minecraft:deepslate_tiles":2,"minecraft:dark_oak_planks":3,"minecraft:diamond_ore":1,"minecraft:crying_obsidian":3,"minecraft:deepslate_diamond_ore":4,"minecraft:black_terracotta":2,"minecraft:jungle_leaves":1,"minecraft:dark_oak_log":1,"minecraft:mangrove_roots":1,"minecraft:obsidian":7,"minecraft:acacia_log":28,"minecraft:grass_block":8,"minecraft:jungle_planks":5,"minecraft:jungle_log":2,"minecraft:deepslate_bricks":7,"minecraft:moss_block":4,"minecraft:polished_blackstone_pressure_plate":1,"minecraft:sandstone":6,"minecraft:spawner":1,"minecraft:hay_block":2,"minecraft:furnace":2,"minecraft:fire":1,"minecraft:iron_ore":1,"minecraft:cobbled_deepslate":1,"minecraft:acacia_stairs":1,"minecraft:moss_carpet":7,"minecraft:gold_block":2,"minecraft:dark_oak_stairs":1,"chococraft:gysahl_green":23,"minecraft:deepslate_iron_ore":2,"minecraft:vine":20,"minecraft:stripped_acacia_log":2,"minecraft:azalea":1,"minecraft:stone":93,"minecraft:gray_terracotta":4,"minecraft:acacia_leaves":2,"minecraft:flowering_azalea":1,"minecraft:glass_pane":1,"minecraft:smoker":3,"minecraft:oak_fence":2,"minecraft:crafting_table":10,"minecraft:torch":2,"minecraft:jungle_stairs":1,"minecraft:melon":14,"minecraft:tall_grass":6,"minecraft:cobblestone":18,"minecraft:oak_planks":16,"minecraft:cracked_deepslate_bricks":3,"minecraft:wall_torch":1,"minecraft:birch_log":6,"minecraft:tnt":28,"minecraft:birch_leaves":7,"minecraft:black_bed":1,"minecraft:mangrove_leaves":4,"minecraft:grass":96,"minecraft:cracked_deepslate_tiles":1,"minecraft:oak_log":22,"minecraft:coal_ore":34,"minecraft:sand":17,"minecraft:dirt":28,"minecraft:cobweb":6,"minecraft:acacia_planks":10,"minecraft:netherrack":8,"minecraft:oak_leaves":13,"minecraft:deepslate":64},"minecraft:killed_by":{"iceandfire:deathworm":1,"minecraft:ravager":1,"rottencreatures:swampy":1,"irons_spellbooks:necromancer":1,"minecraft:skeleton":1,"alexsmobs:rhinoceros":1,"minecraft:zombie":2},"minecraft:crafted":{"minecraft:oak_planks":88,"minecraft:furnace":2,"minecraft:diamond":9,"quark:acacia_chest":1,"minecraft:stone_pickaxe":2,"minecraft:wheat":18,"minecraft:cooked_beef":6,"quark:blossom_planks":28,"minecraft:cooked_porkchop":14,"minecraft:crafting_table":4,"minecraft:wooden_pickaxe":3,"minecraft:iron_sword":1,"minecraft:gold_block":11,"minecraft:birch_planks":24,"minecraft:stone_axe":2,"minecraft:acacia_boat":2,"minecraft:air":0,"minecraft:diamond_pickaxe":1,"minecraft:shield":1,"quark:oak_chest":1,"minecraft:stick":36,"minecraft:iron_ingot":4,"minecraft:iron_pickaxe":1,"minecraft:iron_block":10,"minecraft:stone_sword":2,"minecraft:acacia_planks":120,"minecraft:torch":44},"minecraft:custom":{"minecraft:mob_kills":56,"minecraft:interact_with_crafting_table":28,"minecraft:open_barrel":5,"minecraft:damage_dealt_resisted":30,"minecraft:leave_game":3,"minecraft:time_since_death":63097,"minecraft:climb_one_cm":26896,"minecraft:sprint_one_cm":595651,"minecraft:walk_one_cm":381659,"minecraft:damage_blocked_by_shield":880,"minecraft:drop":49,"minecraft:talked_to_villager":2,"minecraft:play_time":164194,"minecraft:deaths":8,"minecraft:sneak_time":6955,"minecraft:walk_under_water_one_cm":23337,"minecraft:boat_one_cm":1251,"minecraft:jump":3761,"minecraft:walk_on_water_one_cm":22464,"minecraft:total_world_time":164194,"minecraft:interact_with_furnace":7,"minecraft:raid_trigger":1,"minecraft:sleep_in_bed":5,"minecraft:time_since_rest":63122,"minecraft:damage_taken":4762,"minecraft:trigger_trapped_chest":14,"minecraft:damage_dealt":9459,"minecraft:swim_one_cm":51622,"minecraft:fly_one_cm":768502,"minecraft:open_chest":59,"minecraft:crouch_one_cm":19648,"minecraft:interact_with_smoker":9,"minecraft:fall_one_cm":109459},"minecraft:used":{"minecraft:moss_block":1,"minecraft:oak_fence":2,"minecraft:moss_carpet":4,"minecraft:stone_sword":117,"minecraft:polished_deepslate":1,"minecraft:flint_and_steel":1,"minecraft:shield":17,"minecraft:iron_sword":64,"minecraft:rotten_flesh":2,"minecraft:iron_chestplate":1,"minecraft:torch":72,"minecraft:dirt":38,"minecraft:carrot":22,"minecraft:diamond_helmet":1,"minecraft:obsidian":5,"minecraft:lava_bucket":1,"minecraft:iron_boots":1,"minecraft:stone_brick_stairs":1,"minecraft:beef":1,"minecraft:mangrove_roots":1,"minecraft:furnace":3,"quark:blossom_planks":8,"minecraft:cooked_beef":6,"minecraft:acacia_planks":68,"minecraft:cobbled_deepslate":59,"minecraft:acacia_boat":4,"minecraft:oak_planks":2,"minecraft:stone_pickaxe":24,"minecraft:wooden_pickaxe":54,"iceandfire:dragon_skull_lightning":1,"minecraft:cracked_stone_bricks":1,"minecraft:golden_apple":1,"minecraft:polished_deepslate_slab":1,"minecraft:glow_berries":9,"minecraft:crafting_table":14,"minecraft:magenta_bed":2,"quark:acacia_chest":1,"minecraft:smoker":3,"minecraft:deepslate_tiles":2,"minecraft:diamond_pickaxe":66,"minecraft:acacia_stairs":1,"minecraft:apple":5,"minecraft:crying_obsidian":3,"minecraft:bread":6,"minecraft:mangrove_propagule":1,"minecraft:melon_slice":8,"minecraft:iron_pickaxe":100,"minecraft:stone_axe":101,"minecraft:cobblestone":68,"minecraft:white_banner":1,"minecraft:porkchop":4,"minecraft:cooked_porkchop":12,"minecraft:bucket":1,"chococraft:gysahl_green":33,"quark:oak_chest":1,"minecraft:soul_torch":1,"minecraft:cobweb":4,"minecraft:chainmail_leggings":1},"minecraft:dropped":{"minecraft:iron_sword":2,"chococraft:loverly_gysahl_green":2,"minecraft:wheat_seeds":7,"minecraft:cooked_porkchop":2,"minecraft:cobblestone":1,"chococraft:gysahl_green_seeds":25,"minecraft:golden_apple":1,"minecraft:dirt":14,"minecraft:fire_charge":2,"minecraft:amethyst_shard":5,"minecraft:string":8,"minecraft:bone":1,"minecraft:furnace":1,"minecraft:moss_carpet":1,"minecraft:stone_sword":1,"minecraft:cobbled_deepslate":5,"chococraft:chocobo_feather":2,"minecraft:rotten_flesh":1,"iceandfire:bestiary":1,"minecraft:oak_sapling":1,"minecraft:spider_eye":2,"minecraft:arrow":1,"minecraft:wooden_pickaxe":4,"minecraft:stone_pickaxe":1,"chococraft:gysahl_green":21,"minecraft:netherrack":3}},"DataVersion":3120}