{"stats":{"minecraft:dropped":{"minecraft:compass":1,"minecraft:filled_map":1,"minecraft:leather_chestplate":2,"minecraft:diorite":1,"minecraft:oak_sapling":1},"minecraft:custom":{"minecraft:interact_with_furnace":3,"minecraft:mob_kills":3,"minecraft:interact_with_crafting_table":4,"minecraft:leave_game":1,"minecraft:time_since_death":41770,"minecraft:sleep_in_bed":4,"minecraft:climb_one_cm":5680,"minecraft:time_since_rest":3604,"minecraft:sprint_one_cm":95786,"minecraft:damage_taken":300,"minecraft:walk_one_cm":62439,"minecraft:drop":6,"minecraft:damage_dealt":725,"minecraft:swim_one_cm":22660,"minecraft:talked_to_villager":1,"minecraft:fly_one_cm":75813,"minecraft:open_chest":8,"minecraft:crouch_one_cm":1754,"minecraft:play_time":41770,"minecraft:sneak_time":931,"minecraft:walk_under_water_one_cm":8469,"minecraft:boat_one_cm":88986,"minecraft:jump":407,"minecraft:interact_with_brewingstand":2,"minecraft:walk_on_water_one_cm":5252,"minecraft:total_world_time":41770,"minecraft:fall_one_cm":9444},"minecraft:crafted":{"minecraft:golden_axe":1,"minecraft:oak_planks":36,"minecraft:crafting_table":2,"paladins:iron_mace":2,"minecraft:air":0,"minecraft:oak_boat":1,"minecraft:stick":20,"minecraft:iron_ingot":4,"minecraft:iron_pickaxe":1,"minecraft:torch":48},"minecraft:picked_up":{"minecraft:crafting_table":2,"minecraft:leather_chestplate":1,"minecraft:oak_log":9,"minecraft:red_bed":1,"minecraft:white_carpet":2,"minecraft:bone":2,"minecraft:apple":5,"minecraft:oak_boat":3,"croptopia:mustard_seed":1,"minecraft:sugar_cane":4,"minecraft:furnace":1,"minecraft:book":6,"croptopia:chile_pepper_seed":1,"minecraft:raw_iron":4,"croptopia:mustard":1,"minecraft:porkchop":1,"mythicmetals:raw_tin":2,"minecraft:diorite":1,"croptopia:chile_pepper":1,"minecraft:arrow":2,"croptopia:orange":27,"minecraft:oak_sapling":1,"minecraft:mutton":2,"minecraft:iron_bars":1,"minecraft:coal":42,"minecraft:white_wool":1,"minecraft:cobblestone":28},"minecraft:killed":{"minecraft:pig":1,"minecraft:skeleton":1,"minecraft:sheep":1},"minecraft:used":{"minecraft:torch":3,"minecraft:white_carpet":2,"minecraft:crafting_table":4,"minecraft:red_bed":1,"paladins:iron_mace":4,"croptopia:orange":1,"minecraft:apple":5,"minecraft:iron_pickaxe":80,"minecraft:map":1,"minecraft:cobblestone":15,"minecraft:furnace":1,"minecraft:porkchop":1,"minecraft:oak_boat":3,"minecraft:golden_axe":12,"minecraft:splash_potion":1},"minecraft:mined":{"croptopia:orange_crop":28,"minecraft:red_bed":1,"croptopia:mustard_crop":1,"minecraft:crafting_table":2,"minecraft:tall_grass":4,"minecraft:cobblestone":4,"minecraft:sugar_cane":1,"minecraft:diorite":1,"minecraft:furnace":1,"minecraft:iron_ore":4,"minecraft:white_carpet":2,"mythicmetals:tin_ore":1,"croptopia:chile_pepper_crop":1,"minecraft:grass":1,"minecraft:bookshelf":2,"minecraft:oak_log":9,"minecraft:coal_ore":42,"croptopia:apple_crop":5,"minecraft:iron_bars":2,"minecraft:stone":24,"minecraft:oak_leaves":7}},"DataVersion":3120}