{"stats":{"minecraft:dropped":{"minecraft:stone_axe":1,"minecraft:compass":1,"mythicmetals:morkite":24,"minecraft:rotten_flesh":4,"minecraft:filled_map":1,"minecraft:leather_chestplate":2,"mythicmetals:raw_platinum":2,"minecraft:gunpowder":3,"minecraft:diorite":1,"mythicmetals:raw_manganese":8,"minecraft:oak_sapling":1},"minecraft:custom":{"minecraft:interact_with_furnace":21,"minecraft:mob_kills":14,"minecraft:interact_with_crafting_table":15,"minecraft:leave_game":1,"minecraft:time_since_death":10647,"minecraft:sleep_in_bed":6,"minecraft:climb_one_cm":5680,"minecraft:time_since_rest":0,"minecraft:sprint_one_cm":221269,"minecraft:damage_taken":962,"minecraft:walk_one_cm":120725,"minecraft:drop":15,"minecraft:damage_dealt":3029,"minecraft:swim_one_cm":30480,"minecraft:talked_to_villager":1,"minecraft:fly_one_cm":110651,"minecraft:open_chest":11,"minecraft:crouch_one_cm":2864,"minecraft:play_time":65770,"minecraft:deaths":2,"minecraft:sneak_time":1440,"minecraft:walk_under_water_one_cm":10368,"minecraft:boat_one_cm":88986,"minecraft:jump":706,"minecraft:interact_with_brewingstand":2,"minecraft:walk_on_water_one_cm":10211,"minecraft:total_world_time":65770,"minecraft:fall_one_cm":14455},"minecraft:crafted":{"minecraft:golden_axe":1,"minecraft:oak_planks":36,"minecraft:crafting_table":4,"minecraft:spruce_planks":36,"minecraft:iron_helmet":1,"minecraft:furnace":2,"minecraft:stone_axe":2,"paladins:iron_mace":2,"minecraft:air":0,"minecraft:oak_boat":1,"minecraft:iron_chestplate":1,"minecraft:stick":36,"minecraft:iron_ingot":22,"minecraft:iron_pickaxe":3,"minecraft:chest":1,"minecraft:torch":80},"minecraft:picked_up":{"minecraft:crafting_table":3,"minecraft:leather_chestplate":1,"minecraft:oak_log":9,"minecraft:gunpowder":6,"mythicmetals:raw_platinum":2,"minecraft:map":9,"minecraft:red_bed":1,"wizards:wand_novice":1,"minecraft:white_carpet":2,"minecraft:bone":8,"minecraft:apple":6,"graveyard:corruption":1,"jewelry:copper_ring":2,"minecraft:spruce_planks":71,"paladins:acolyte_wand":1,"minecraft:iron_ingot":2,"minecraft:oak_boat":4,"minecraft:iron_pickaxe":2,"croptopia:mustard_seed":1,"minecraft:sugar_cane":8,"minecraft:oak_planks":8,"minecraft:furnace":3,"minecraft:book":12,"minecraft:stick":2,"croptopia:chile_pepper_seed":1,"minecraft:raw_iron":32,"patchouli:guide_book":1,"minecraft:torch":61,"croptopia:mustard":1,"minecraft:porkchop":1,"wizards:staff_frost":1,"mythicmetals:raw_tin":2,"mythicmetals:morkite":72,"minecraft:diorite":3,"minecraft:spruce_log":54,"croptopia:chile_pepper":2,"minecraft:arrow":8,"minecraft:rotten_flesh":12,"mythicmetals:raw_manganese":12,"minecraft:stone_axe":2,"croptopia:orange":75,"paladins:iron_mace":4,"minecraft:oak_sapling":1,"minecraft:mutton":6,"minecraft:iron_bars":1,"minecraft:coal":97,"minecraft:white_wool":1,"minecraft:cobblestone":189},"minecraft:killed":{"minecraft:pig":1,"graveyard:revenant":2,"minecraft:skeleton":3,"minecraft:sheep":1,"minecraft:zombie":7},"minecraft:broken":{"minecraft:golden_axe":1,"minecraft:iron_pickaxe":1},"minecraft:used":{"minecraft:diorite":1,"minecraft:oak_planks":2,"minecraft:chest":1,"minecraft:spruce_planks":1,"minecraft:torch":55,"minecraft:mutton":1,"minecraft:white_carpet":2,"paladins:acolyte_wand":16,"minecraft:crafting_table":6,"minecraft:red_bed":1,"croptopia:chile_pepper":1,"paladins:iron_mace":42,"croptopia:orange":6,"minecraft:apple":6,"minecraft:iron_pickaxe":186,"minecraft:map":1,"minecraft:stone_axe":21,"minecraft:cobblestone":34,"minecraft:furnace":3,"minecraft:porkchop":1,"minecraft:oak_boat":3,"minecraft:golden_axe":21,"minecraft:splash_potion":1},"minecraft:killed_by":{"minecraft:skeleton":1,"graveyard:revenant":1},"minecraft:mined":{"minecraft:spruce_planks":1,"mythicmetals:platinum_ore":2,"croptopia:orange_crop":28,"minecraft:red_bed":1,"croptopia:mustard_crop":1,"minecraft:crafting_table":3,"minecraft:torch":1,"minecraft:tall_grass":4,"minecraft:cobblestone":5,"minecraft:spruce_leaves":2,"minecraft:oak_planks":1,"minecraft:sugar_cane":1,"minecraft:diorite":1,"minecraft:furnace":3,"minecraft:iron_ore":29,"mythicmetals:manganese_ore":3,"minecraft:white_carpet":2,"minecraft:spruce_log":25,"mythicmetals:tin_ore":1,"croptopia:chile_pepper_crop":1,"minecraft:grass":1,"minecraft:bookshelf":2,"minecraft:oak_log":9,"minecraft:coal_ore":42,"croptopia:apple_crop":5,"minecraft:iron_bars":2,"mythicmetals:morkite_ore":10,"minecraft:stone":88,"minecraft:oak_leaves":7}},"DataVersion":3120}