{"stats":{"minecraft:picked_up":{"irons_spellbooks:scroll":11,"minecraft:iron_chestplate":3,"chococraft:loverly_gysahl_green":5,"minecraft:black_carpet":2,"minecraft:brown_bed":1,"minecraft:stone_brick_stairs":26,"minecraft:polished_deepslate":1,"minecraft:string":50,"minecraft:smooth_stone_slab":11,"minecraft:deepslate_tiles":20,"irons_spellbooks:arcane_essence":74,"minecraft:diamond_leggings":1,"minecraft:cobbled_deepslate":7058,"minecraft:gold_nugget":18,"minecraft:iron_pickaxe":1,"irons_spellbooks:blank_rune":2,"minecraft:melon_slice":65,"minecraft:coal_block":8,"minecraft:furnace":2,"minecraft:iron_boots":1,"minecraft:stick":2,"minecraft:polished_deepslate_stairs":6,"minecraft:oak_fence":2,"minecraft:torch":30,"minecraft:acacia_log":28,"quark:blossom_log":7,"minecraft:porkchop":18,"minecraft:pointed_dripstone":8,"minecraft:diorite":227,"minecraft:mangrove_stairs":2,"minecraft:rotten_flesh":263,"graveyard:gray_urn":1,"minecraft:mangrove_roots":1,"minecraft:deepslate_brick_stairs":5,"minecraft:obsidian":14,"minecraft:iron_bars":2,"minecraft:cobblestone":3454,"minecraft:birch_log":6,"minecraft:enchanting_table":2,"minecraft:feather":2,"minecraft:iron_door":2,"minecraft:andesite":533,"minecraft:jungle_log":50,"minecraft:black_bed":1,"minecraft:smoker":5,"minecraft:potato":1,"minecraft:flint":10,"minecraft:tuff":516,"minecraft:magenta_bed":2,"minecraft:acacia_boat":2,"minecraft:wither_skeleton_skull":2,"minecraft:lapis_lazuli":16,"minecraft:dirt":467,"minecraft:gray_concrete_powder":4,"minecraft:name_tag":1,"artifacts:shock_pendant":1,"born_in_chaos_v1:monster_skin":1,"minecraft:bone":58,"minecraft:acacia_planks":10,"minecraft:wheat_seeds":9,"minecraft:cobbled_deepslate_wall":1,"minecraft:deepslate_brick_slab":3,"artifacts:antidote_vessel":1,"minecraft:mossy_stone_bricks":27,"minecraft:diamond_helmet":1,"minecraft:bamboo":5,"minecraft:moss_block":14,"minecraft:oak_planks":21,"minecraft:mossy_stone_brick_stairs":2,"minecraft:black_terracotta":2,"minecraft:music_disc_13":1,"irons_spellbooks:legendary_ink":1,"minecraft:sand":17,"minecraft:jungle_planks":75,"minecraft:mossy_cobblestone":1,"minecraft:diamond_block":1,"minecraft:acacia_stairs":1,"minecraft:dark_oak_log":1,"minecraft:stripped_acacia_log":2,"minecraft:polished_andesite":8,"minecraft:dispenser":1,"minecraft:yellow_carpet":2,"minecraft:diamond":16,"iceandfire:crackled_stone":7,"minecraft:polished_blackstone_pressure_plate":2,"minecraft:granite":393,"minecraft:golden_apple":2,"minecraft:spruce_sign":5,"minecraft:emerald":7,"minecraft:oak_sapling":1,"minecraft:netherrack":3,"minecraft:dark_oak_fence":2,"minecraft:diamond_pickaxe":1,"minecraft:lingering_potion":1,"iceandfire:dragon_skull_lightning":1,"minecraft:coarse_dirt":1,"minecraft:crafting_table":10,"iceandfire:witherbone":7,"minecraft:chicken":1,"minecraft:clay_ball":28,"minecraft:wooden_pickaxe":2,"minecraft:stone_brick_wall":7,"minecraft:gold_block":2,"minecraft:chain":1,"minecraft:stripped_mangrove_log":2,"minecraft:red_bed":1,"minecraft:moss_carpet":8,"quark:indigo_corundum":6,"graveyard:corruption":13,"minecraft:cracked_stone_bricks":93,"minecraft:beef":14,"minecraft:egg":2,"minecraft:polished_deepslate_slab":11,"iceandfire:dragonbone":11,"minecraft:raw_iron":7,"minecraft:sandstone":1,"minecraft:fire_charge":2,"born_in_chaos_v1:pieceofdarkmetal":2,"minecraft:redstone":1,"minecraft:carrot":1,"minecraft:stone_pressure_plate":10,"minecraft:dark_oak_planks":3,"quark:yellow_corundum":2,"minecraft:tnt":36,"minecraft:arrow":11,"minecraft:jungle_stairs":1,"minecraft:diamond_boots":1,"minecraft:deepslate_bricks":29,"minecraft:hay_block":10,"minecraft:cracked_deepslate_bricks":6,"quark:indigo_corundum_cluster":14,"sophisticatedbackpacks:copper_backpack":1,"minecraft:bone_block":8,"minecraft:cracked_deepslate_tiles":11,"born_in_chaos_v1:corpse_maggot":17,"born_in_chaos_v1:monster_flesh":1,"minecraft:leather":9,"minecraft:oak_log":31,"quark:limestone":62,"minecraft:white_banner":1,"chococraft:chocobo_feather":2,"minecraft:red_carpet":3,"chococraft:gysahl_green":60,"minecraft:stone_bricks":209,"chococraft:gold_gysahl":1,"minecraft:iron_ingot":14,"minecraft:stone_pickaxe":1,"minecraft:cobweb":21,"iceandfire:crackled_cobblestone":7,"minecraft:gray_bed":1,"minecraft:iron_sword":4,"minecraft:dark_oak_stairs":1,"minecraft:book":1,"minecraft:scaffolding":8,"minecraft:dripstone_block":7,"minecraft:gravel":246,"minecraft:lava_bucket":1,"irons_spellbooks:blood_staff":3,"minecraft:soul_torch":1,"chococraft:gysahl_green_seeds":22,"minecraft:spruce_log":2,"minecraft:crying_obsidian":7,"minecraft:spider_eye":3,"minecraft:baked_potato":1,"minecraft:mangrove_propagule":1,"minecraft:coal":96},"minecraft:killed":{"born_in_chaos_v1:mr_pumpkin":1,"born_in_chaos_v1:zombie_lumberjack":2,"rottencreatures:burned":13,"minecraft:spider":4,"graveyard:wraith":15,"born_in_chaos_v1:siamese_skeletonsright":1,"born_in_chaos_v1:baby_skeleton_minion":1,"minecraft:skeleton":17,"graveyard:acolyte":3,"minecraft:chicken":1,"irons_spellbooks:summoned_skeleton":2,"artifacts:mimic":2,"born_in_chaos_v1:bonescaller":1,"minecraft:pig":9,"minecraft:zombie_villager":1,"irons_spellbooks:necromancer":6,"minecraft:creeper":4,"minecraft:pillager":8,"irons_spellbooks:summoned_vex":7,"minecraft:zombie":208,"born_in_chaos_v1:dread_hound":1,"born_in_chaos_v1:corpse_fly":1,"graveyard:corrupted_pillager":3,"born_in_chaos_v1:siamese_skeletonsleft":1,"minecraft:cow":8,"irons_spellbooks:summoned_zombie":26,"graveyard:corrupted_vindicator":4,"minecraft:vindicator":1,"quark:toretoise":1,"born_in_chaos_v1:zombie_bruiser":2,"born_in_chaos_v1:maggot":45,"minecraft:horse":1,"mowziesmobs:umvuthana":2,"rottencreatures:undead_miner":2,"born_in_chaos_v1:baby_skeleton":2,"born_in_chaos_v1:decrepit_skeleton":3,"born_in_chaos_v1:dark_vortex":1,"minecraft:wither_skeleton":12},"minecraft:mined":{"minecraft:dark_oak_planks":3,"minecraft:stone_pressure_plate":2,"graveyard:gray_urn":1,"minecraft:black_terracotta":3,"minecraft:jungle_leaves":1,"minecraft:obsidian":14,"minecraft:cave_vines_plant":1,"minecraft:granite":10,"minecraft:acacia_log":28,"minecraft:stone_brick_wall":2,"minecraft:grass_block":8,"minecraft:jungle_log":26,"quark:yellow_corundum":3,"minecraft:coal_block":8,"minecraft:deepslate_bricks":29,"minecraft:deepslate_tile_stairs":1,"minecraft:polished_blackstone_pressure_plate":2,"minecraft:spawner":14,"iceandfire:crackled_cobblestone":8,"minecraft:iron_ore":1,"minecraft:cobbled_deepslate":4,"minecraft:fire":2,"graveyard:leaning_wither_skeleton":1,"minecraft:moss_carpet":9,"minecraft:deepslate_lapis_ore":3,"minecraft:brown_bed":1,"minecraft:dark_oak_stairs":1,"chococraft:gysahl_green":23,"minecraft:polished_deepslate_slab":11,"minecraft:iron_bars":2,"quark:limestone":6,"minecraft:deepslate_brick_stairs":3,"quark:indigo_corundum":8,"minecraft:azalea":1,"minecraft:tripwire":2,"minecraft:piston_head":2,"minecraft:gray_terracotta":4,"minecraft:soul_wall_torch":1,"graveyard:light_gray_urn":2,"minecraft:polished_deepslate_stairs":1,"minecraft:smoker":5,"minecraft:deepslate_tile_slab":1,"minecraft:clay":14,"minecraft:torch":6,"minecraft:blast_furnace":1,"minecraft:jungle_stairs":1,"minecraft:polished_andesite_stairs":2,"minecraft:melon":14,"minecraft:cobblestone":30,"graveyard:skeleton_hand":1,"graveyard:lying_skeleton":1,"minecraft:oak_planks":20,"minecraft:iron_door":2,"minecraft:wall_torch":2,"minecraft:repeater":2,"iceandfire:crackled_stone":11,"minecraft:warped_planks":1,"minecraft:birch_log":6,"minecraft:black_bed":1,"minecraft:tnt":128,"graveyard:skull_pile":2,"minecraft:stone_brick_stairs":14,"minecraft:smooth_stone_slab":26,"minecraft:grass":98,"minecraft:cracked_deepslate_tiles":14,"minecraft:oak_log":29,"minecraft:sand":17,"minecraft:dirt":33,"graveyard:cyan_urn":1,"quark:indigo_corundum_cluster":3,"minecraft:wither_skeleton_skull":2,"minecraft:dispenser":1,"minecraft:netherrack":8,"minecraft:oak_leaves":14,"minecraft:deepslate":159,"minecraft:deepslate_tiles":19,"minecraft:diamond_ore":1,"minecraft:crying_obsidian":7,"minecraft:tuff":47,"minecraft:red_carpet":2,"minecraft:mossy_cobblestone":5,"minecraft:stripped_mangrove_log":2,"minecraft:deepslate_diamond_ore":10,"minecraft:dark_oak_log":1,"minecraft:mangrove_roots":1,"minecraft:dark_oak_fence":1,"minecraft:jungle_planks":23,"minecraft:redstone_wire":3,"minecraft:moss_block":6,"minecraft:sandstone":6,"minecraft:hay_block":10,"minecraft:deepslate_brick_slab":4,"minecraft:furnace":2,"minecraft:acacia_stairs":1,"minecraft:andesite":20,"minecraft:chiseled_deepslate":1,"minecraft:gold_block":2,"minecraft:polished_deepslate":4,"minecraft:deepslate_iron_ore":4,"minecraft:vine":27,"minecraft:stripped_acacia_log":2,"minecraft:stone":412,"minecraft:bone_block":2,"minecraft:podzol":3,"minecraft:acacia_leaves":2,"minecraft:flowering_azalea":1,"minecraft:glass_pane":1,"minecraft:oak_fence":2,"minecraft:crafting_table":10,"minecraft:cobbled_deepslate_wall":1,"minecraft:copper_ore":2,"minecraft:tall_grass":8,"minecraft:deepslate_coal_ore":2,"minecraft:cracked_deepslate_bricks":8,"minecraft:diorite":22,"minecraft:coarse_dirt":1,"minecraft:gray_concrete_powder":4,"graveyard:vase_block":3,"minecraft:gray_bed":1,"minecraft:birch_leaves":7,"minecraft:mangrove_leaves":4,"minecraft:coal_ore":39,"minecraft:gravel":19,"minecraft:cobweb":49,"minecraft:cracked_stone_bricks":71,"minecraft:acacia_planks":10,"minecraft:stone_bricks":168,"minecraft:polished_andesite":7,"minecraft:mossy_stone_bricks":2,"minecraft:fern":1},"minecraft:killed_by":{"minecraft:ravager":1,"graveyard:acolyte":4,"alexsmobs:rhinoceros":1,"minecraft:zombie":9,"minecraft:player":1,"iceandfire:deathworm":1,"rottencreatures:swampy":1,"irons_spellbooks:necromancer":1,"irons_spellbooks:dead_king":61,"minecraft:skeleton":1,"iceandfire:lightning_dragon":2},"minecraft:crafted":{"minecraft:oak_planks":116,"sophisticatedbackpacks:backpack":1,"quark:blossom_planks":28,"minecraft:cooked_porkchop":14,"minecraft:crafting_table":7,"minecraft:spruce_planks":8,"minecraft:wooden_pickaxe":3,"minecraft:gold_block":17,"minecraft:birch_planks":24,"minecraft:diamond_pickaxe":1,"minecraft:shield":1,"minecraft:stick":76,"quark:oak_chest":3,"minecraft:iron_ingot":4,"minecraft:iron_pickaxe":1,"minecraft:iron_block":15,"minecraft:stone_sword":2,"minecraft:coal":18,"quark:jungle_chest":1,"minecraft:furnace":2,"quark:acacia_chest":1,"minecraft:diamond":9,"minecraft:stone_pickaxe":2,"minecraft:jungle_fence":3,"minecraft:wheat":135,"minecraft:cooked_beef":12,"minecraft:coal_block":8,"minecraft:diamond_sword":1,"minecraft:iron_sword":2,"minecraft:mangrove_planks":8,"minecraft:stone_axe":2,"minecraft:jungle_slab":6,"minecraft:acacia_boat":2,"minecraft:bread":57,"minecraft:air":0,"irons_spellbooks:inscription_table":1,"minecraft:acacia_planks":120,"minecraft:torch":176},"minecraft:broken":{"minecraft:iron_boots":1,"minecraft:iron_chestplate":1,"minecraft:iron_sword":2,"minecraft:chainmail_leggings":1,"minecraft:iron_helmet":1},"minecraft:custom":{"minecraft:interact_with_crafting_table":42,"minecraft:open_barrel":106,"minecraft:leave_game":10,"minecraft:time_since_death":75021,"minecraft:sprint_one_cm":1133275,"minecraft:damage_blocked_by_shield":1380,"minecraft:drop":473,"minecraft:talked_to_villager":2,"minecraft:play_time":451600,"minecraft:deaths":83,"minecraft:jump":7703,"minecraft:walk_on_water_one_cm":28001,"minecraft:enchant_item":1,"minecraft:interact_with_furnace":7,"minecraft:sleep_in_bed":6,"minecraft:damage_dealt":42652,"minecraft:player_kills":4,"minecraft:crouch_one_cm":149175,"minecraft:interact_with_smoker":14,"minecraft:mob_kills":440,"minecraft:damage_dealt_resisted":1639,"minecraft:climb_one_cm":41197,"minecraft:walk_one_cm":1194519,"minecraft:damage_dealt_absorbed":291,"minecraft:sneak_time":44845,"minecraft:walk_under_water_one_cm":43323,"minecraft:interact_with_lectern":1,"minecraft:boat_one_cm":1251,"minecraft:interact_with_blast_furnace":2,"minecraft:total_world_time":451600,"minecraft:raid_trigger":1,"minecraft:time_since_rest":75050,"minecraft:damage_absorbed":466,"minecraft:damage_taken":33827,"minecraft:trigger_trapped_chest":18,"minecraft:swim_one_cm":57705,"minecraft:fly_one_cm":1303092,"minecraft:open_chest":166,"minecraft:fall_one_cm":201598},"minecraft:used":{"minecraft:moss_block":2,"minecraft:moss_carpet":4,"minecraft:polished_deepslate":1,"minecraft:ladder":3,"minecraft:shield":31,"minecraft:iron_sword":734,"minecraft:rotten_flesh":3,"minecraft:iron_chestplate":1,"minecraft:jungle_planks":59,"minecraft:carrot":22,"minecraft:cracked_deepslate_tiles":9,"minecraft:axolotl_bucket":1,"minecraft:tuff":24,"minecraft:obsidian":5,"minecraft:polished_deepslate_stairs":3,"born_in_chaos_v1:corpse_maggot":1,"minecraft:lava_bucket":42,"minecraft:stone_brick_stairs":3,"minecraft:stone_bricks":87,"minecraft:red_carpet":1,"minecraft:mangrove_roots":1,"minecraft:furnace":3,"minecraft:gray_bed":1,"minecraft:egg":1,"minecraft:mossy_stone_bricks":6,"minecraft:oak_planks":44,"minecraft:stone_pickaxe":24,"minecraft:mangrove_planks":8,"minecraft:ender_pearl":3,"minecraft:wooden_pickaxe":54,"minecraft:diamond_axe":39,"minecraft:golden_apple":9,"minecraft:glow_berries":9,"minecraft:stone_brick_wall":1,"minecraft:lingering_potion":1,"minecraft:deepslate_tiles":13,"minecraft:crying_obsidian":3,"minecraft:melon_slice":8,"minecraft:bread":52,"minecraft:iron_door":2,"minecraft:diamond_sword":57,"minecraft:andesite":21,"chococraft:gysahl_green":33,"minecraft:coarse_dirt":1,"minecraft:cobweb":4,"minecraft:oak_fence":2,"minecraft:iron_bars":2,"minecraft:stone_sword":117,"minecraft:cracked_deepslate_bricks":2,"minecraft:flint_and_steel":1,"minecraft:torch":261,"minecraft:dirt":39,"minecraft:diamond_helmet":1,"minecraft:yellow_carpet":2,"minecraft:granite":119,"minecraft:iron_boots":1,"minecraft:golden_carrot":30,"minecraft:beef":1,"quark:blossom_planks":8,"minecraft:cooked_beef":12,"minecraft:cobbled_deepslate":169,"minecraft:acacia_planks":78,"minecraft:pointed_dripstone":8,"minecraft:brown_bed":1,"minecraft:acacia_boat":4,"minecraft:water_bucket":1,"minecraft:polished_andesite":1,"minecraft:baked_potato":1,"iceandfire:dragon_skull_lightning":1,"minecraft:deepslate_bricks":8,"minecraft:cracked_stone_bricks":31,"minecraft:polished_deepslate_slab":2,"quark:acacia_chest":1,"minecraft:red_bed":1,"minecraft:crafting_table":17,"minecraft:magenta_bed":2,"minecraft:smoker":3,"minecraft:diamond_pickaxe":630,"minecraft:acacia_stairs":1,"minecraft:apple":5,"minecraft:mangrove_propagule":1,"minecraft:iron_pickaxe":579,"minecraft:stone_axe":101,"minecraft:cobblestone":98,"minecraft:porkchop":4,"minecraft:white_banner":1,"minecraft:cooked_porkchop":12,"minecraft:bucket":43,"quark:oak_chest":3,"minecraft:soul_torch":1,"minecraft:chainmail_leggings":1,"irons_spellbooks:inscription_table":1},"minecraft:dropped":{"minecraft:iron_sword":2,"minecraft:moss_block":11,"chococraft:loverly_gysahl_green":2,"minecraft:lapis_lazuli":16,"minecraft:diamond":10,"minecraft:cooked_porkchop":2,"minecraft:jungle_fence":1,"minecraft:leather":3,"minecraft:cracked_stone_bricks":61,"quark:limestone":64,"graveyard:corruption":9,"minecraft:music_disc_13":1,"minecraft:red_carpet":1,"minecraft:flint":2,"born_in_chaos_v1:monster_flesh":1,"minecraft:dirt":440,"minecraft:dark_oak_fence":2,"minecraft:dispenser":1,"born_in_chaos_v1:monster_skin":1,"minecraft:polished_blackstone_pressure_plate":1,"minecraft:mangrove_stairs":2,"irons_spellbooks:arcane_essence":83,"minecraft:gold_nugget":18,"minecraft:amethyst_shard":5,"minecraft:bone_block":8,"minecraft:iron_pickaxe":2,"minecraft:bone":16,"minecraft:gravel":239,"minecraft:cobbled_deepslate":5696,"minecraft:black_carpet":2,"minecraft:wheat":2,"minecraft:black_terracotta":2,"minecraft:rotten_flesh":226,"minecraft:oak_planks":13,"relics:space_dissector":1,"irons_spellbooks:blood_staff":3,"minecraft:deepslate_tiles":5,"minecraft:jungle_log":24,"minecraft:stone_brick_wall":4,"born_in_chaos_v1:corpse_maggot":11,"iceandfire:bestiary":1,"minecraft:arrow":3,"minecraft:scaffolding":8,"minecraft:stone_brick_stairs":14,"minecraft:netherrack":3,"minecraft:enchanting_table":2,"minecraft:egg":1,"minecraft:iron_ingot":13,"minecraft:enchanted_book":3,"minecraft:netherite_pickaxe":1,"minecraft:wheat_seeds":7,"minecraft:tnt":63,"minecraft:dripstone_block":6,"minecraft:cobblestone":2651,"minecraft:book":1,"chococraft:gysahl_green_seeds":25,"minecraft:granite":314,"quark:yellow_corundum":2,"irons_spellbooks:ancient_knowledge_fragment":2,"minecraft:coal":14,"minecraft:golden_apple":7,"minecraft:stick":4,"minecraft:polished_andesite":1,"irons_spellbooks:scroll":12,"minecraft:cobweb":6,"minecraft:jungle_slab":3,"minecraft:diorite":230,"minecraft:golden_carrot":21,"minecraft:torch":9,"quark:indigo_corundum_cluster":11,"minecraft:fire_charge":2,"minecraft:string":9,"minecraft:redstone":1,"minecraft:furnace":1,"minecraft:moss_carpet":2,"minecraft:soul_torch":20,"minecraft:stone_sword":1,"minecraft:smooth_stone_slab":4,"chococraft:chocobo_feather":2,"minecraft:tuff":309,"iceandfire:witherbone":7,"minecraft:raw_iron":2,"minecraft:polished_deepslate_slab":8,"minecraft:clay_ball":28,"minecraft:iron_boots":1,"minecraft:pumpkin_seeds":3,"minecraft:deepslate_bricks":7,"minecraft:potato":1,"minecraft:iron_chestplate":2,"minecraft:diamond_pickaxe":1,"minecraft:andesite":414,"minecraft:mossy_stone_bricks":16,"minecraft:oak_sapling":1,"minecraft:spider_eye":3,"minecraft:stone_bricks":67,"minecraft:bamboo":5,"minecraft:diamond_boots":1,"minecraft:stone_pickaxe":2,"minecraft:wooden_pickaxe":4,"minecraft:raw_gold":9,"chococraft:gysahl_green":21}},"DataVersion":3120}