{"stats":{"minecraft:dropped":{"mythicmetals:morkite":24,"mythicmetals:raw_platinum":2,"minecraft:diorite":1,"minecraft:iron_pickaxe":1,"minecraft:stone_axe":1,"minecraft:compass":1,"minecraft:rotten_flesh":4,"minecraft:filled_map":1,"minecraft:leather_chestplate":2,"minecraft:gunpowder":3,"minecraft:oak_sapling":1,"minecraft:azalea":2,"mythicmetals:raw_manganese":8},"minecraft:custom":{"minecraft:mob_kills":21,"minecraft:interact_with_crafting_table":18,"minecraft:leave_game":1,"minecraft:time_since_death":28647,"minecraft:climb_one_cm":5680,"minecraft:sprint_one_cm":275623,"minecraft:walk_one_cm":157674,"minecraft:drop":17,"minecraft:talked_to_villager":1,"minecraft:play_time":83770,"minecraft:deaths":2,"minecraft:sneak_time":2068,"minecraft:walk_under_water_one_cm":10946,"minecraft:boat_one_cm":88986,"minecraft:jump":892,"minecraft:interact_with_brewingstand":2,"minecraft:walk_on_water_one_cm":10876,"minecraft:total_world_time":83770,"minecraft:interact_with_furnace":41,"minecraft:sleep_in_bed":8,"minecraft:time_since_rest":17257,"minecraft:damage_taken":1223,"minecraft:damage_dealt":4633,"minecraft:swim_one_cm":30480,"minecraft:fly_one_cm":132639,"minecraft:open_chest":12,"minecraft:crouch_one_cm":4482,"minecraft:fall_one_cm":18839},"minecraft:crafted":{"minecraft:oak_planks":36,"minecraft:furnace":2,"minecraft:iron_boots":1,"minecraft:chest":1,"minecraft:golden_axe":1,"minecraft:crafting_table":4,"minecraft:spruce_planks":36,"minecraft:iron_helmet":1,"minecraft:stone_axe":2,"paladins:iron_mace":2,"minecraft:air":0,"minecraft:oak_boat":1,"minecraft:iron_chestplate":1,"minecraft:diamond_pickaxe":1,"minecraft:stick":52,"minecraft:iron_ingot":52,"minecraft:iron_pickaxe":3,"minecraft:gold_ingot":5,"minecraft:iron_leggings":1,"minecraft:torch":128},"minecraft:picked_up":{"minecraft:crafting_table":6,"minecraft:red_bed":3,"minecraft:white_carpet":2,"graveyard:corruption":2,"minecraft:cobbled_deepslate":21,"minecraft:spruce_planks":71,"minecraft:oak_boat":4,"minecraft:azalea":2,"minecraft:iron_pickaxe":2,"croptopia:mustard_seed":1,"minecraft:sugar_cane":8,"minecraft:furnace":7,"minecraft:raw_iron":61,"mythicmetals:raw_orichalcum":3,"minecraft:stick":2,"minecraft:torch":62,"minecraft:porkchop":1,"wizards:staff_frost":1,"mythicmetals:raw_tin":2,"minecraft:diorite":3,"mythicmetals:morkite":149,"minecraft:arrow":10,"minecraft:rotten_flesh":12,"mythicmetals:raw_manganese":12,"minecraft:tropical_fish":1,"minecraft:mutton":6,"minecraft:iron_bars":1,"minecraft:white_wool":1,"minecraft:cobblestone":203,"minecraft:leather_chestplate":1,"minecraft:andesite":8,"minecraft:oak_log":9,"minecraft:gunpowder":6,"mythicmetals:raw_platinum":2,"minecraft:map":9,"minecraft:lapis_lazuli":16,"wizards:wand_novice":1,"minecraft:bone":12,"minecraft:apple":6,"jewelry:copper_ring":2,"minecraft:raw_gold":5,"paladins:acolyte_wand":1,"minecraft:iron_ingot":2,"croptopia:roe":1,"minecraft:oak_planks":8,"minecraft:book":12,"croptopia:chile_pepper_seed":1,"patchouli:guide_book":1,"croptopia:mustard":1,"minecraft:spruce_log":54,"croptopia:chile_pepper":2,"minecraft:diamond":3,"minecraft:stone_axe":2,"croptopia:orange":75,"paladins:iron_mace":4,"minecraft:oak_sapling":1,"minecraft:coal":97},"minecraft:killed":{"graveyard:revenant":4,"minecraft:skeleton":7,"minecraft:pig":1,"minecraft:sheep":1,"minecraft:zombie":8},"minecraft:broken":{"minecraft:golden_axe":1,"minecraft:iron_pickaxe":1},"minecraft:used":{"minecraft:spruce_planks":1,"minecraft:chest":1,"minecraft:torch":97,"minecraft:mutton":1,"minecraft:white_carpet":2,"croptopia:chile_pepper":1,"minecraft:furnace":6,"minecraft:cobbled_deepslate":7,"minecraft:golden_axe":21,"minecraft:diorite":1,"minecraft:oak_planks":2,"minecraft:red_bed":2,"minecraft:crafting_table":8,"paladins:acolyte_wand":16,"paladins:iron_mace":78,"croptopia:orange":13,"minecraft:diamond_pickaxe":3,"minecraft:apple":6,"minecraft:bread":1,"minecraft:map":1,"minecraft:iron_pickaxe":297,"minecraft:stone_axe":22,"minecraft:cobblestone":59,"minecraft:porkchop":1,"minecraft:oak_boat":3,"minecraft:splash_potion":1},"minecraft:killed_by":{"minecraft:skeleton":1,"graveyard:revenant":1},"minecraft:mined":{"minecraft:spruce_planks":1,"croptopia:orange_crop":28,"minecraft:deepslate_diamond_ore":3,"croptopia:mustard_crop":1,"mythicmetals:deepslate_morkite_ore":5,"minecraft:spruce_leaves":2,"mythicmetals:deepslate_orichalcum_ore":3,"minecraft:furnace":7,"minecraft:iron_ore":43,"minecraft:cobbled_deepslate":1,"minecraft:andesite":9,"mythicmetals:tin_ore":1,"minecraft:bookshelf":2,"croptopia:apple_crop":5,"minecraft:cave_vines":1,"minecraft:deepslate_iron_ore":16,"minecraft:iron_bars":2,"minecraft:azalea":2,"minecraft:stone":97,"mythicmetals:platinum_ore":2,"minecraft:red_bed":3,"minecraft:crafting_table":6,"minecraft:torch":1,"minecraft:tall_grass":4,"minecraft:cobblestone":10,"minecraft:lapis_ore":3,"minecraft:sugar_cane":1,"minecraft:oak_planks":1,"minecraft:diorite":1,"mythicmetals:manganese_ore":3,"minecraft:white_carpet":2,"minecraft:spruce_log":25,"croptopia:chile_pepper_crop":1,"minecraft:grass":1,"minecraft:coal_ore":42,"minecraft:oak_log":9,"mythicmetals:morkite_ore":26,"minecraft:gold_ore":5,"minecraft:oak_leaves":7,"minecraft:deepslate":20}},"DataVersion":3120}