{"stats":{"minecraft:mined":{"minecraft:grass_block":3,"minecraft:oak_log":11,"minecraft:dirt":9,"minecraft:stone":9,"minecraft:oak_leaves":5},"minecraft:crafted":{"minecraft:oak_planks":44,"minecraft:stone_axe":1,"minecraft:crafting_table":1,"minecraft:stick":8,"minecraft:stone_pickaxe":1,"minecraft:wooden_pickaxe":1},"minecraft:used":{"minecraft:crafting_table":1,"minecraft:wooden_pickaxe":9},"minecraft:custom":{"minecraft:time_since_rest":5662,"minecraft:crouch_one_cm":1414,"minecraft:play_time":5662,"minecraft:sprint_one_cm":13809,"minecraft:damage_taken":190,"minecraft:walk_one_cm":5547,"minecraft:sneak_time":964,"minecraft:drop":1,"minecraft:jump":80,"minecraft:time_since_death":5662,"minecraft:total_world_time":5662,"minecraft:interact_with_crafting_table":3,"minecraft:fall_one_cm":2659,"minecraft:fly_one_cm":9207},"minecraft:picked_up":{"minecraft:oak_log":11,"minecraft:dirt":12,"minecraft:cobblestone":9},"minecraft:dropped":{"minecraft:wooden_pickaxe":1}},"DataVersion":3120}