{"stats":{"minecraft:mined":{"minecraft:acacia_leaves":2,"minecraft:glass_pane":1,"minecraft:mangrove_roots":1,"minecraft:crafting_table":3,"minecraft:acacia_log":28,"minecraft:grass_block":5,"minecraft:melon":14,"minecraft:tall_grass":2,"minecraft:sandstone":5,"minecraft:hay_block":2,"minecraft:birch_log":6,"minecraft:iron_ore":1,"minecraft:acacia_stairs":1,"minecraft:black_bed":1,"minecraft:mangrove_leaves":4,"minecraft:grass":26,"chococraft:gysahl_green":18,"minecraft:oak_log":22,"minecraft:dirt":18,"minecraft:stripped_acacia_log":2,"minecraft:stone":26,"minecraft:oak_leaves":6},"minecraft:killed_by":{"iceandfire:deathworm":1,"alexsmobs:rhinoceros":1,"minecraft:ravager":1,"rottencreatures:swampy":1},"minecraft:crafted":{"minecraft:oak_planks":88,"quark:blossom_planks":28,"minecraft:crafting_table":2,"minecraft:wooden_pickaxe":3,"minecraft:birch_planks":24,"minecraft:stone_axe":2,"minecraft:stick":16,"minecraft:stone_pickaxe":1,"minecraft:stone_sword":1,"minecraft:acacia_planks":32,"minecraft:wheat":18},"minecraft:used":{"minecraft:stone_sword":32,"minecraft:stone_pickaxe":3,"minecraft:wooden_pickaxe":29,"iceandfire:dragon_skull_lightning":1,"minecraft:dirt":5,"minecraft:crafting_table":4,"minecraft:acacia_stairs":1,"minecraft:mangrove_propagule":1,"minecraft:melon_slice":8,"minecraft:stone_axe":63,"minecraft:mangrove_roots":1,"minecraft:porkchop":3,"quark:blossom_planks":8,"chococraft:gysahl_green":24,"minecraft:acacia_planks":6},"minecraft:custom":{"minecraft:mob_kills":8,"minecraft:interact_with_crafting_table":7,"minecraft:damage_dealt_resisted":30,"minecraft:time_since_death":4105,"minecraft:sleep_in_bed":3,"minecraft:climb_one_cm":4042,"minecraft:time_since_rest":4291,"minecraft:sprint_one_cm":159343,"minecraft:damage_taken":1540,"minecraft:walk_one_cm":109786,"minecraft:drop":14,"minecraft:damage_dealt":1191,"minecraft:swim_one_cm":21840,"minecraft:talked_to_villager":1,"minecraft:fly_one_cm":221345,"minecraft:open_chest":11,"minecraft:crouch_one_cm":2891,"minecraft:play_time":41662,"minecraft:deaths":4,"minecraft:sneak_time":1754,"minecraft:walk_under_water_one_cm":4946,"minecraft:jump":1051,"minecraft:walk_on_water_one_cm":7651,"minecraft:total_world_time":41662,"minecraft:fall_one_cm":29330},"minecraft:killed":{"minecraft:pig":2,"irons_spellbooks:necromancer":1,"minecraft:zombie":2,"irons_spellbooks:summoned_skeleton":1,"mowziesmobs:umvuthana":2},"minecraft:picked_up":{"minecraft:birch_log":6,"iceandfire:dragon_skull_lightning":1,"minecraft:crafting_table":3,"chococraft:loverly_gysahl_green":3,"minecraft:black_bed":1,"minecraft:wooden_pickaxe":1,"minecraft:oak_log":22,"minecraft:dirt":23,"chococraft:gysahl_green":51,"chococraft:gold_gysahl":1,"irons_spellbooks:arcane_essence":2,"minecraft:wheat_seeds":5,"minecraft:melon_slice":65,"minecraft:raw_iron":1,"iceandfire:dragonbone":11,"minecraft:acacia_log":28,"minecraft:porkchop":3,"quark:blossom_log":7,"chococraft:gysahl_green_seeds":18,"minecraft:acacia_stairs":1,"minecraft:stripped_acacia_log":2,"minecraft:rotten_flesh":1,"minecraft:hay_block":2,"minecraft:mangrove_roots":1,"minecraft:mangrove_propagule":1,"minecraft:cobblestone":26},"minecraft:dropped":{"minecraft:wheat_seeds":3,"minecraft:rotten_flesh":1,"chococraft:gysahl_green_seeds":18,"minecraft:dirt":11,"minecraft:wooden_pickaxe":2,"chococraft:gysahl_green":21}},"DataVersion":3120}