{"stats":{"minecraft:dropped":{"minecraft:potion":1,"minecraft:clay_ball":1},"minecraft:used":{"minecraft:dirt":4,"minecraft:potion":1,"minecraft:crafting_table":2,"minecraft:wooden_pickaxe":5,"minecraft:coarse_dirt":5},"minecraft:picked_up":{"minecraft:crafting_table":1,"minecraft:coarse_dirt":5,"minecraft:hay_block":18,"minecraft:oak_log":3,"minecraft:sugar_cane":2,"minecraft:dirt":4,"minecraft:cobblestone":3},"minecraft:custom":{"minecraft:open_chest":6,"minecraft:time_since_rest":5292,"minecraft:crouch_one_cm":1373,"minecraft:play_time":15760,"minecraft:sprint_one_cm":23049,"minecraft:walk_one_cm":18526,"minecraft:deaths":1,"minecraft:sneak_time":423,"minecraft:walk_under_water_one_cm":17036,"minecraft:drop":2,"minecraft:jump":95,"minecraft:time_since_death":11558,"minecraft:walk_on_water_one_cm":2352,"minecraft:sleep_in_bed":1,"minecraft:total_world_time":15760,"minecraft:interact_with_crafting_table":1,"minecraft:swim_one_cm":10170,"minecraft:talked_to_villager":3,"minecraft:fall_one_cm":2057,"minecraft:fly_one_cm":55492},"minecraft:crafted":{"minecraft:oak_planks":12,"minecraft:crafting_table":1,"minecraft:stick":4,"minecraft:wooden_pickaxe":1},"minecraft:mined":{"minecraft:hay_block":18,"minecraft:grass":2,"minecraft:oak_log":3,"minecraft:coarse_dirt":5,"minecraft:dirt":4,"minecraft:stone":5,"minecraft:sugar_cane":1,"minecraft:crafting_table":1,"minecraft:oak_leaves":5}},"DataVersion":3120}