{"stats":{"minecraft:dropped":{"minecraft:iron_sword":3,"minecraft:porkchop":4,"chococraft:loverly_gysahl_green":2,"minecraft:lapis_lazuli":16,"minecraft:diamond":10,"minecraft:cooked_porkchop":2,"irons_spellbooks:fireward_ring":1,"minecraft:weeping_vines":21,"iceandfire:ectoplasm":3,"minecraft:cracked_stone_bricks":61,"quark:limestone":64,"born_in_chaos_v1:pieceofdarkmetal":2,"minecraft:rail":3,"graveyard:corruption":9,"minecraft:red_carpet":1,"born_in_chaos_v1:monster_flesh":2,"minecraft:dirt":525,"minecraft:dark_oak_fence":2,"irons_spellbooks:cinder_essence":2,"minecraft:mangrove_stairs":2,"irons_spellbooks:arcane_essence":83,"minecraft:bone_meal":31,"minecraft:gold_nugget":31,"minecraft:writable_book":1,"minecraft:wooden_sword":1,"minecraft:bone_block":8,"minecraft:sand":90,"minecraft:iron_pickaxe":2,"minecraft:dark_oak_planks":3,"rottencreatures:magma_rotten_flesh":3,"quark:ancient_tome":2,"minecraft:bone":53,"minecraft:ancient_debris":3,"minecraft:iron_nugget":23,"minecraft:cobbled_deepslate":5738,"minecraft:black_carpet":2,"minecraft:birch_sapling":1,"minecraft:wheat":23,"minecraft:deepslate_brick_slab":4,"minecraft:rotten_flesh":375,"minecraft:oak_planks":17,"minecraft:glowstone_dust":48,"minecraft:nether_brick_fence":1,"irons_spellbooks:blood_staff":3,"minecraft:chiseled_deepslate":2,"alexsmobs:blood_sac":2,"minecraft:deepslate_tiles":6,"minecraft:jungle_log":24,"minecraft:leather_boots":1,"iceandfire:bestiary":1,"iceandfire:deathworm_chitin_white":2,"alexsmobs:blood_sprayer":2,"minecraft:red_nether_bricks":7,"minecraft:warped_wart_block":2,"minecraft:stone_brick_stairs":14,"minecraft:lectern":1,"minecraft:egg":1,"alexsmobs:mosquito_proboscis":1,"minecraft:crimson_planks":4,"minecraft:enchanted_book":3,"minecraft:golden_boots":1,"minecraft:iron_ingot":25,"minecraft:netherite_pickaxe":1,"minecraft:wheat_seeds":10,"minecraft:tnt":63,"minecraft:polished_blackstone":1,"minecraft:golden_horse_armor":1,"minecraft:dripstone_block":6,"minecraft:iron_helmet":2,"minecraft:cobblestone":7278,"minecraft:book":1,"artifacts:whoopee_cushion":1,"alexsmobs:rattlesnake_rattle":1,"chococraft:gysahl_green_seeds":25,"minecraft:granite":552,"minecraft:coal":45,"minecraft:golden_apple":7,"minecraft:polished_andesite":1,"minecraft:pufferfish":1,"minecraft:cobweb":24,"minecraft:jungle_slab":3,"minecraft:golden_carrot":21,"artifacts:plastic_drinking_hat":1,"aquaculture:jellyfish":1,"minecraft:string":38,"minecraft:spruce_sapling":3,"minecraft:furnace":1,"minecraft:moss_carpet":5,"minecraft:soul_soil":4,"minecraft:soul_torch":20,"minecraft:stone_sword":6,"minecraft:smooth_stone_slab":4,"born_in_chaos_v1:rotten_fish":6,"minecraft:polished_deepslate_slab":8,"minecraft:clay_ball":42,"minecraft:iron_boots":2,"minecraft:nether_bricks":10,"minecraft:pumpkin_seeds":3,"minecraft:blast_furnace":1,"minecraft:big_dripleaf":6,"minecraft:potato":1,"minecraft:spruce_planks":28,"minecraft:diamond_pickaxe":1,"minecraft:spider_eye":7,"minecraft:stone_bricks":68,"minecraft:bamboo":27,"aquaculture:atlantic_halibut":1,"minecraft:sandstone":49,"minecraft:bow":1,"minecraft:crimson_hyphae":1,"minecraft:magma_block":2,"minecraft:terracotta":47,"minecraft:moss_block":75,"minecraft:golden_pickaxe":1,"minecraft:ender_pearl":10,"minecraft:jungle_fence":1,"minecraft:leather":8,"minecraft:mangrove_planks":1,"relics:reflection_necklace":1,"minecraft:cod":5,"minecraft:flint":15,"minecraft:music_disc_13":2,"minecraft:deepslate_tile_stairs":2,"minecraft:cracked_polished_blackstone_bricks":82,"minecraft:polished_blackstone_pressure_plate":1,"born_in_chaos_v1:monster_skin":1,"minecraft:dispenser":1,"minecraft:polished_blackstone_brick_stairs":1,"irons_spellbooks:hogskin":12,"minecraft:crimson_roots":14,"minecraft:cut_sandstone":27,"minecraft:amethyst_shard":5,"minecraft:polished_blackstone_bricks":33,"minecraft:gravel":276,"minecraft:blackstone":28,"minecraft:stripped_jungle_wood":3,"minecraft:black_terracotta":2,"relics:space_dissector":1,"sophisticatedbackpacks:diamond_backpack":1,"minecraft:chainmail_chestplate":2,"minecraft:leather_chestplate":2,"minecraft:gunpowder":4,"born_in_chaos_v1:chipped_black_argillite_brick":2,"minecraft:stone_brick_wall":4,"born_in_chaos_v1:corpse_maggot":35,"minecraft:basalt":15,"minecraft:arrow":7,"minecraft:scaffolding":8,"minecraft:quartz":16,"minecraft:netherrack":4947,"minecraft:enchanting_table":2,"minecraft:bread":19,"minecraft:diamond_leggings":1,"born_in_chaos_v1:black_argillite_brick_slab":8,"quark:yellow_corundum":2,"minecraft:tropical_fish":1,"minecraft:spruce_stairs":4,"irons_spellbooks:ancient_knowledge_fragment":2,"minecraft:stick":12,"irons_spellbooks:scroll":16,"minecraft:deepslate_brick_stairs":2,"minecraft:diorite":365,"minecraft:torch":25,"quark:indigo_corundum_cluster":11,"minecraft:nether_wart_block":29,"born_in_chaos_v1:fused_bone":2,"minecraft:fire_charge":2,"minecraft:iron_leggings":2,"minecraft:flowering_azalea":1,"minecraft:tripwire_hook":2,"minecraft:chiseled_sandstone":1,"minecraft:redstone":1,"minecraft:kelp":2,"chococraft:chocobo_feather":2,"minecraft:tuff":309,"iceandfire:witherbone":9,"minecraft:raw_iron":5,"born_in_chaos_v1:black_argillite_button":4,"iceandfire:silver_ore":4,"minecraft:flint_and_steel":1,"minecraft:deepslate_bricks":10,"minecraft:filled_map":1,"irons_spellbooks:frostward_ring":1,"minecraft:shield":1,"minecraft:orange_terracotta":30,"minecraft:iron_chestplate":5,"minecraft:andesite":920,"minecraft:mossy_stone_bricks":18,"minecraft:oak_sapling":1,"minecraft:diamond_boots":2,"minecraft:stone_pickaxe":2,"minecraft:wooden_pickaxe":5,"minecraft:raw_gold":10,"minecraft:magma_cream":1,"chococraft:gysahl_green":21},"minecraft:killed_by":{"born_in_chaos_v1:nightmare_stalker":3,"minecraft:ravager":1,"graveyard:acolyte":4,"minecraft:vindicator":2,"irons_spellbooks:citadel_keeper":1,"alexsmobs:rhinoceros":1,"minecraft:zombie":9,"alexsmobs:skelewag":1,"born_in_chaos_v1:restless_spirit":1,"born_in_chaos_v1:zombie_lumberjack":1,"born_in_chaos_v1:firelight":1,"rottencreatures:swampy":1,"iceandfire:ghost":4,"minecraft:wither_skeleton":1,"minecraft:piglin":1,"rottencreatures:immortal":2,"minecraft:player":1,"iceandfire:deathworm":1,"irons_spellbooks:necromancer":1,"irons_spellbooks:dead_king":61,"minecraft:hoglin":2,"minecraft:skeleton":3,"iceandfire:lightning_dragon":28,"born_in_chaos_v1:corpse_fish":2,"alexsmobs:crimson_mosquito":2,"born_in_chaos_v1:missioner":1},"minecraft:crafted":{"minecraft:blaze_powder":8,"sophisticatedbackpacks:crafting_upgrade":1,"minecraft:nether_brick":9,"aquaculture:fish_fillet_raw":59,"sophisticatedbackpacks:copper_backpack":1,"iceandfire:deathworm_red_leggings":1,"minecraft:cooked_porkchop":14,"enchantinginfuser:enchanting_infuser":1,"aquaculture:iron_fillet_knife":1,"quark:oak_chest":8,"minecraft:iron_pickaxe":1,"minecraft:iron_block":22,"minecraft:gold_ingot":16,"iceandfire:deathworm_white_boots":1,"iceandfire:dragon_bone_wall":1,"minecraft:iron_nugget":36,"quark:jungle_chest":1,"minecraft:diamond":18,"minecraft:stone_pickaxe":2,"minecraft:jungle_fence":3,"minecraft:dark_oak_planks":12,"alexsmobs:blood_sprayer":3,"iceandfire:chain":1,"minecraft:wheat":495,"minecraft:coal_block":8,"minecraft:enchanting_table":1,"aquaculture:diamond_fishing_rod":1,"sophisticatedbackpacks:gold_backpack":3,"minecraft:jungle_slab":6,"minecraft:iron_leggings":1,"irons_spellbooks:inscription_table":1,"minecraft:oak_planks":152,"minecraft:warped_planks":88,"minecraft:ender_eye":10,"minecraft:golden_boots":2,"born_in_chaos_v1:smoked_fish":15,"sophisticatedbackpacks:backpack":2,"quark:blossom_planks":28,"minecraft:crafting_table":17,"minecraft:spruce_planks":8,"minecraft:wooden_pickaxe":4,"minecraft:gold_block":24,"minecraft:birch_planks":24,"sophisticatedbackpacks:upgrade_base":1,"minecraft:diamond_pickaxe":1,"minecraft:emerald_block":19,"minecraft:shield":3,"iceandfire:deathworm_white_helmet":1,"minecraft:stick":108,"sophisticatedbackpacks:diamond_backpack":3,"minecraft:iron_ingot":38,"minecraft:stone_sword":2,"minecraft:wooden_sword":4,"minecraft:coal":45,"minecraft:furnace":3,"minecraft:diamond_block":3,"minecraft:flint_and_steel":1,"quark:acacia_chest":1,"born_in_chaos_v1:bone_handle":2,"aquaculture:fish_fillet_cooked":44,"iceandfire:deathworm_red_chestplate":1,"sophisticatedbackpacks:iron_backpack":3,"minecraft:cooked_beef":12,"minecraft:crimson_planks":28,"minecraft:diamond_sword":1,"alexsmobs:cooked_lobster_tail":4,"minecraft:iron_sword":2,"minecraft:cooked_salmon":15,"minecraft:mangrove_planks":8,"minecraft:stone_axe":2,"born_in_chaos_v1:shell_mace":1,"minecraft:bread":177,"minecraft:acacia_boat":2,"minecraft:air":0,"minecraft:jungle_planks":96,"minecraft:oak_boat":2,"minecraft:acacia_planks":120,"minecraft:torch":240,"minecraft:lapis_block":14},"minecraft:custom":{"minecraft:interact_with_crafting_table":91,"minecraft:open_barrel":117,"minecraft:leave_game":19,"minecraft:time_since_death":4797,"minecraft:damage_blocked_by_shield":2999,"minecraft:play_time":924223,"minecraft:deaths":138,"minecraft:jump":16467,"minecraft:enchant_item":1,"minecraft:interact_with_furnace":17,"minecraft:traded_with_villager":1,"minecraft:sleep_in_bed":22,"minecraft:waystone_activated":3,"minecraft:damage_dealt":91150,"minecraft:interact_with_smoker":43,"minecraft:inspect_dispenser":2,"minecraft:damage_dealt_absorbed":587,"minecraft:sneak_time":89269,"minecraft:interact_with_lectern":2,"minecraft:interact_with_blast_furnace":6,"minecraft:total_world_time":924223,"minecraft:time_since_rest":4830,"minecraft:swim_one_cm":230313,"minecraft:fly_one_cm":3175671,"minecraft:open_chest":343,"minecraft:fish_caught":24,"minecraft:fall_one_cm":419325,"minecraft:sprint_one_cm":2065743,"minecraft:drop":988,"minecraft:talked_to_villager":7,"minecraft:interact_with_brewingstand":3,"minecraft:walk_on_water_one_cm":88881,"minecraft:player_kills":4,"minecraft:crouch_one_cm":282938,"minecraft:mob_kills":805,"minecraft:damage_dealt_resisted":6894,"minecraft:climb_one_cm":77695,"minecraft:walk_one_cm":2167951,"minecraft:walk_under_water_one_cm":159697,"minecraft:boat_one_cm":1723,"minecraft:raid_trigger":1,"minecraft:damage_taken":58674,"minecraft:damage_absorbed":556,"minecraft:trigger_trapped_chest":24},"minecraft:mined":{"minecraft:dark_oak_planks":4,"minecraft:white_bed":2,"graveyard:gray_urn":1,"minecraft:black_terracotta":3,"irons_spellbooks:armor_pile":2,"minecraft:jungle_leaves":1,"minecraft:obsidian":14,"minecraft:granite":10,"minecraft:chiseled_polished_blackstone":7,"minecraft:acacia_log":28,"minecraft:deepslate_tile_wall":1,"minecraft:stone_brick_wall":2,"minecraft:jungle_log":26,"quark:yellow_corundum":3,"minecraft:deepslate_bricks":35,"minecraft:coal_block":8,"minecraft:deepslate_tile_stairs":3,"minecraft:spawner":16,"minecraft:tall_seagrass":6,"minecraft:polished_blackstone_bricks":79,"minecraft:weeping_vines_plant":20,"minecraft:magma_block":1,"minecraft:cobbled_deepslate":4,"minecraft:sticky_piston":1,"minecraft:fire":18,"minecraft:moss_carpet":9,"minecraft:deepslate_lapis_ore":3,"minecraft:polished_deepslate_slab":11,"quark:limestone":6,"minecraft:deepslate_brick_stairs":4,"minecraft:tripwire":2,"minecraft:piston_head":2,"minecraft:cut_sandstone":35,"minecraft:soul_wall_torch":1,"graveyard:light_gray_urn":2,"minecraft:potted_brown_mushroom":1,"minecraft:kelp_plant":2,"minecraft:smoker":13,"minecraft:crimson_nylium":17,"minecraft:soul_fire":2,"minecraft:deepslate_tile_slab":1,"minecraft:torch":6,"minecraft:blast_furnace":3,"minecraft:melon":22,"minecraft:polished_andesite_stairs":2,"minecraft:cyan_bed":1,"minecraft:repeater":2,"iceandfire:crackled_stone":11,"minecraft:magenta_bed":4,"minecraft:black_bed":1,"minecraft:stone_brick_stairs":14,"minecraft:grass":117,"graveyard:cyan_urn":1,"quark:indigo_corundum_cluster":3,"minecraft:cut_red_sandstone":3,"minecraft:deepslate":159,"minecraft:deepslate_tiles":19,"iceandfire:silver_ore":2,"minecraft:mossy_cobblestone":9,"minecraft:dark_oak_log":4,"minecraft:orange_banner":1,"minecraft:nether_bricks":2,"minecraft:dark_oak_fence":1,"minecraft:jungle_planks":31,"minecraft:stripped_jungle_wood":3,"minecraft:crimson_roots":5,"minecraft:redstone_wire":3,"minecraft:moss_block":6,"minecraft:kelp":1,"minecraft:andesite":46,"minecraft:vine":31,"minecraft:warped_stem":22,"minecraft:bamboo":1,"minecraft:bone_block":2,"minecraft:oak_slab":2,"minecraft:glass_pane":1,"minecraft:soul_sand":3,"quark:oak_chest":1,"minecraft:cobbled_deepslate_wall":1,"graveyard:tg_rooted_dirt":1,"minecraft:copper_ore":2,"minecraft:tall_grass":10,"minecraft:cracked_deepslate_bricks":9,"minecraft:diorite":23,"minecraft:warped_wart_block":4,"minecraft:coarse_dirt":1,"graveyard:vase_block":3,"minecraft:birch_leaves":14,"minecraft:mangrove_leaves":4,"minecraft:gravel":22,"minecraft:cobweb":63,"minecraft:acacia_planks":12,"minecraft:polished_blackstone":12,"minecraft:stone_bricks":169,"minecraft:fern":9,"minecraft:stone_pressure_plate":2,"minecraft:spruce_planks":32,"minecraft:jungle_slab":1,"minecraft:cave_vines_plant":1,"minecraft:grass_block":15,"minecraft:cracked_polished_blackstone_bricks":100,"minecraft:soul_soil":9,"minecraft:frosted_ice":8,"minecraft:polished_blackstone_pressure_plate":2,"minecraft:gilded_blackstone":1,"iceandfire:crackled_cobblestone":8,"minecraft:glowstone":15,"minecraft:iron_ore":1,"born_in_chaos_v1:black_argillite_brick_slab":2,"graveyard:leaning_wither_skeleton":1,"minecraft:anvil":1,"minecraft:dark_oak_stairs":3,"minecraft:brown_bed":1,"chococraft:gysahl_green":23,"minecraft:iron_bars":2,"quark:indigo_corundum":8,"minecraft:azalea":1,"minecraft:gray_terracotta":4,"minecraft:blackstone":43,"graveyard:middle_bone_staff":1,"minecraft:polished_deepslate_stairs":1,"minecraft:clay":15,"minecraft:jungle_stairs":1,"iceandfire:ghost_chest":2,"minecraft:cobblestone":36,"graveyard:skeleton_hand":1,"graveyard:lying_skeleton":1,"minecraft:oak_planks":34,"minecraft:iron_door":2,"minecraft:wall_torch":2,"minecraft:seagrass":3,"minecraft:warped_planks":6,"minecraft:nether_wart_block":12,"minecraft:birch_log":6,"minecraft:light_gray_wool":7,"minecraft:stripped_oak_wood":2,"minecraft:tnt":128,"graveyard:skull_pile":2,"minecraft:smooth_stone_slab":26,"minecraft:cracked_deepslate_tiles":15,"minecraft:oak_log":37,"minecraft:sand":60,"minecraft:dirt":55,"minecraft:wither_skeleton_skull":4,"minecraft:dispenser":2,"minecraft:netherrack":609,"minecraft:ancient_debris":2,"minecraft:oak_leaves":21,"minecraft:diamond_ore":1,"minecraft:crying_obsidian":14,"minecraft:red_carpet":2,"minecraft:tuff":47,"minecraft:stripped_mangrove_log":2,"minecraft:deepslate_diamond_ore":10,"enchantinginfuser:enchanting_infuser":1,"minecraft:mangrove_roots":1,"minecraft:weeping_vines":2,"minecraft:spruce_leaves":34,"minecraft:cracked_nether_bricks":2,"minecraft:sandstone":30,"minecraft:crimson_stem":11,"minecraft:large_fern":1,"minecraft:hay_block":38,"minecraft:deepslate_brick_slab":6,"minecraft:furnace":2,"minecraft:chiseled_sandstone":1,"minecraft:acacia_stairs":1,"minecraft:chiseled_deepslate":2,"minecraft:gold_block":20,"minecraft:polished_deepslate":4,"minecraft:deepslate_iron_ore":4,"minecraft:shroomlight":1,"minecraft:stripped_acacia_log":2,"minecraft:stone":473,"minecraft:podzol":3,"minecraft:acacia_leaves":2,"minecraft:flowering_azalea":1,"minecraft:basalt":14,"minecraft:oak_fence":2,"minecraft:crafting_table":11,"minecraft:lectern":1,"minecraft:deepslate_coal_ore":2,"born_in_chaos_v1:chipped_black_argillite_brick":3,"minecraft:blue_bed":2,"minecraft:polished_blackstone_brick_stairs":1,"minecraft:spruce_stairs":4,"minecraft:gray_concrete_powder":4,"minecraft:gray_bed":1,"minecraft:warped_hyphae":1,"minecraft:coal_ore":39,"minecraft:cracked_stone_bricks":72,"minecraft:polished_andesite":7,"minecraft:mossy_stone_bricks":4,"minecraft:crimson_hyphae":8},"minecraft:used":{"irons_spellbooks:inscription_table":1,"minecraft:moss_block":2,"aquaculture:fish_fillet_raw":3,"minecraft:writable_book":3,"minecraft:polished_blackstone":4,"minecraft:ladder":3,"minecraft:rotten_flesh":3,"minecraft:cracked_deepslate_tiles":9,"minecraft:lava_bucket":74,"minecraft:warped_hyphae":1,"minecraft:birch_sapling":1,"iceandfire:ghost_chest":1,"minecraft:stone_brick_stairs":3,"minecraft:bow":10,"minecraft:furnace":4,"minecraft:egg":1,"minecraft:potato":1,"minecraft:mossy_stone_bricks":6,"minecraft:diorite":1,"aquaculture:atlantic_herring":5,"minecraft:blackstone":10,"minecraft:wooden_pickaxe":56,"minecraft:glow_berries":9,"minecraft:golden_apple":12,"minecraft:sand":16,"minecraft:blast_furnace":1,"minecraft:deepslate_tiles":13,"minecraft:crying_obsidian":3,"minecraft:cut_red_sandstone":3,"minecraft:diamond_sword":481,"minecraft:nether_wart_block":7,"minecraft:oak_boat":2,"minecraft:iron_bars":2,"minecraft:stone_sword":117,"minecraft:cooked_salmon":2,"minecraft:netherrack":992,"minecraft:torch":317,"minecraft:warped_wart_block":3,"minecraft:crimson_hyphae":1,"minecraft:yellow_carpet":2,"born_in_chaos_v1:chipped_black_argillite_brick":2,"minecraft:beef":1,"quark:blossom_planks":8,"minecraft:cobbled_deepslate":169,"minecraft:acacia_planks":78,"minecraft:pointed_dripstone":8,"minecraft:water_bucket":10,"iceandfire:dragon_skull_lightning":2,"minecraft:deepslate_bricks":9,"minecraft:cracked_stone_bricks":31,"minecraft:polished_blackstone_bricks":36,"minecraft:polished_deepslate_slab":2,"minecraft:tnt":1,"minecraft:crafting_table":27,"minecraft:red_bed":1,"minecraft:white_bed":4,"minecraft:diamond_pickaxe":1584,"minecraft:mangrove_propagule":1,"minecraft:iron_pickaxe":579,"minecraft:leather_helmet":1,"enchantinginfuser:enchanting_infuser":1,"minecraft:cobblestone":127,"minecraft:porkchop":17,"minecraft:cooked_porkchop":12,"quark:oak_chest":7,"minecraft:moss_carpet":4,"minecraft:polished_deepslate":1,"minecraft:shield":69,"minecraft:iron_sword":1159,"minecraft:iron_chestplate":1,"minecraft:jungle_planks":155,"minecraft:carrot":38,"minecraft:tuff":24,"minecraft:axolotl_bucket":1,"minecraft:obsidian":11,"minecraft:polished_deepslate_stairs":3,"born_in_chaos_v1:corpse_maggot":5,"alexsmobs:cooked_lobster_tail":4,"minecraft:crimson_roots":1,"aquaculture:diamond_fishing_rod":64,"minecraft:stone_bricks":87,"minecraft:red_carpet":1,"minecraft:mangrove_roots":1,"minecraft:gray_bed":1,"aquaculture:fish_fillet_cooked":29,"minecraft:chiseled_polished_blackstone":4,"minecraft:stone_pickaxe":24,"minecraft:oak_planks":122,"minecraft:mangrove_planks":8,"minecraft:ender_pearl":8,"minecraft:sandstone":11,"minecraft:blue_bed":3,"minecraft:diamond_axe":105,"minecraft:mushroom_stew":2,"minecraft:stone_brick_wall":1,"minecraft:lingering_potion":1,"minecraft:melon_slice":102,"minecraft:bread":149,"minecraft:string":4,"minecraft:iron_door":2,"minecraft:andesite":22,"chococraft:gysahl_green":53,"minecraft:coarse_dirt":1,"minecraft:cobweb":4,"minecraft:oak_fence":2,"minecraft:trident":23,"minecraft:flint_and_steel":2,"minecraft:cracked_deepslate_bricks":2,"born_in_chaos_v1:shell_mace":8,"minecraft:dirt":53,"minecraft:spruce_stairs":2,"minecraft:diamond_helmet":1,"minecraft:granite":119,"minecraft:iron_boots":1,"minecraft:crimson_planks":4,"minecraft:light_gray_wool":2,"minecraft:golden_carrot":30,"minecraft:soul_soil":1,"minecraft:deepslate_tile_stairs":2,"minecraft:cooked_beef":12,"minecraft:brown_bed":1,"minecraft:acacia_boat":4,"minecraft:polished_andesite":1,"minecraft:baked_potato":1,"minecraft:cut_sandstone":1,"minecraft:terracotta":18,"quark:acacia_chest":1,"minecraft:magenta_bed":3,"minecraft:warped_planks":89,"minecraft:smoker":10,"minecraft:acacia_stairs":1,"minecraft:apple":7,"minecraft:cracked_polished_blackstone_bricks":4,"minecraft:cracked_nether_bricks":2,"minecraft:stone_axe":101,"minecraft:white_banner":1,"minecraft:bucket":84,"minecraft:pumpkin_pie":10,"minecraft:soul_torch":1,"minecraft:chainmail_leggings":1},"minecraft:picked_up":{"minecraft:iron_chestplate":4,"minecraft:anvil":1,"minecraft:brown_bed":1,"minecraft:polished_deepslate":1,"iceandfire:manuscript":5,"minecraft:polished_blackstone_brick_stairs":1,"minecraft:string":104,"minecraft:soul_soil":5,"minecraft:red_nether_bricks":7,"minecraft:pufferfish":3,"minecraft:diamond_leggings":1,"minecraft:gold_nugget":31,"minecraft:cobbled_deepslate":7100,"minecraft:spruce_planks":30,"irons_spellbooks:blank_rune":2,"minecraft:melon_slice":98,"minecraft:coal_block":8,"minecraft:big_dripleaf":6,"minecraft:acacia_log":28,"iceandfire:silver_ore":4,"quark:blossom_log":7,"minecraft:warped_planks":5,"minecraft:deepslate_tile_stairs":4,"minecraft:stone_sword":6,"minecraft:tropical_fish":2,"minecraft:blaze_rod":8,"alexsmobs:flying_fish":1,"minecraft:iron_bars":2,"alexsmobs:lobster_tail":4,"minecraft:birch_log":10,"minecraft:magma_block":2,"minecraft:feather":2,"minecraft:iron_door":2,"minecraft:jungle_log":54,"minecraft:smoker":13,"minecraft:flint":16,"born_in_chaos_v1:black_argillite_button":8,"minecraft:magenta_bed":4,"minecraft:gray_concrete_powder":4,"artifacts:shock_pendant":1,"minecraft:warped_hyphae":1,"artifacts:antidote_vessel":1,"minecraft:diamond_helmet":1,"minecraft:glowstone_dust":48,"minecraft:moss_block":78,"aquaculture:jellyfish":1,"minecraft:chiseled_polished_blackstone":4,"irons_spellbooks:legendary_ink":1,"minecraft:warped_wart_block":5,"minecraft:acacia_stairs":1,"minecraft:dark_oak_log":4,"minecraft:stripped_acacia_log":2,"minecraft:polished_andesite":8,"minecraft:dispenser":2,"iceandfire:crackled_stone":7,"minecraft:writable_book":1,"enchantinginfuser:enchanting_infuser":1,"minecraft:granite":630,"minecraft:bread":5,"aquaculture:box":1,"born_in_chaos_v1:rotten_fish":22,"minecraft:dark_oak_fence":2,"minecraft:crimson_roots":15,"minecraft:diamond_pickaxe":1,"minecraft:crafting_table":11,"iceandfire:dragon_skull_lightning":3,"minecraft:coarse_dirt":1,"iceandfire:witherbone":18,"minecraft:clay_ball":42,"minecraft:golden_pickaxe":1,"irons_spellbooks:tarnished_helmet":1,"minecraft:orange_banner":1,"minecraft:stripped_mangrove_log":2,"minecraft:red_bed":1,"minecraft:cracked_stone_bricks":93,"minecraft:beef":14,"minecraft:iron_nugget":20,"minecraft:birch_sapling":2,"minecraft:egg":2,"minecraft:polished_deepslate_slab":11,"minecraft:sandstone":61,"minecraft:fire_charge":2,"iceandfire:deathworm_chitin_white":17,"born_in_chaos_v1:pieceofdarkmetal":14,"minecraft:carrot":3,"minecraft:redstone":1,"minecraft:tnt":37,"quark:yellow_corundum":2,"minecraft:deepslate_bricks":35,"minecraft:diamond_boots":1,"minecraft:hay_block":64,"minecraft:cracked_deepslate_bricks":6,"born_in_chaos_v1:spiny_shell":7,"quark:indigo_corundum_cluster":14,"sophisticatedbackpacks:copper_backpack":1,"minecraft:polished_blackstone":5,"minecraft:bone_block":8,"minecraft:rail":3,"born_in_chaos_v1:monster_flesh":3,"minecraft:tripwire_hook":2,"minecraft:filled_map":1,"minecraft:oak_log":36,"minecraft:ancient_debris":5,"minecraft:blue_bed":2,"quark:limestone":62,"alexsmobs:mosquito_proboscis":6,"minecraft:white_banner":1,"chococraft:chocobo_feather":2,"chococraft:gysahl_green":60,"minecraft:stone_bricks":210,"minecraft:kelp":2,"minecraft:warped_stem":22,"minecraft:stone_pickaxe":1,"minecraft:cobweb":39,"minecraft:mangrove_planks":1,"minecraft:gray_bed":1,"minecraft:iron_sword":5,"minecraft:flowering_azalea":1,"minecraft:dark_oak_stairs":3,"born_in_chaos_v1:ethereal_spirit":6,"minecraft:cracked_nether_bricks":2,"minecraft:gravel":283,"aquaculture:red_grouper":1,"minecraft:spruce_sapling":3,"minecraft:spruce_log":3,"graveyard:middle_bone_staff":1,"minecraft:crying_obsidian":12,"iceandfire:dragonscales_copper":30,"born_in_chaos_v1:black_argillite_brick_slab":8,"minecraft:baked_potato":1,"minecraft:mangrove_propagule":1,"minecraft:ender_pearl":7,"iceandfire:deathworm_egg":1,"irons_spellbooks:scroll":12,"minecraft:chiseled_deepslate":3,"chococraft:loverly_gysahl_green":5,"minecraft:black_carpet":2,"minecraft:nether_brick_fence":1,"minecraft:stone_brick_stairs":26,"minecraft:smooth_stone_slab":11,"minecraft:deepslate_tiles":21,"irons_spellbooks:arcane_essence":76,"alexsmobs:blood_sac":17,"minecraft:iron_pickaxe":1,"minecraft:deepslate_tile_wall":1,"minecraft:iron_boots":1,"minecraft:furnace":2,"minecraft:tipped_arrow":12,"minecraft:stick":5,"iceandfire:ghost_chest":1,"minecraft:polished_deepslate_stairs":6,"minecraft:oak_fence":2,"minecraft:torch":32,"minecraft:spruce_stairs":6,"minecraft:porkchop":35,"aquaculture:atlantic_halibut":2,"minecraft:pointed_dripstone":8,"minecraft:diorite":312,"born_in_chaos_v1:nightmare_claw":1,"minecraft:mangrove_stairs":2,"minecraft:rotten_flesh":455,"born_in_chaos_v1:sea_terror_eye":2,"graveyard:gray_urn":1,"minecraft:mangrove_roots":1,"minecraft:deepslate_brick_stairs":7,"minecraft:obsidian":14,"minecraft:cod":12,"minecraft:cobblestone":8007,"minecraft:crimson_hyphae":8,"minecraft:enchanting_table":2,"minecraft:leather_chestplate":2,"minecraft:magma_cream":1,"minecraft:andesite":976,"minecraft:black_bed":1,"minecraft:potato":2,"minecraft:tuff":516,"minecraft:wither_skeleton_skull":5,"artifacts:flame_pendant":2,"minecraft:acacia_boat":2,"minecraft:lapis_lazuli":16,"minecraft:dirt":566,"minecraft:name_tag":1,"born_in_chaos_v1:monster_skin":2,"minecraft:leather_boots":1,"irons_spellbooks:hogskin":12,"minecraft:bone":121,"minecraft:acacia_planks":12,"minecraft:bow":2,"minecraft:wheat_seeds":12,"minecraft:cobbled_deepslate_wall":1,"minecraft:deepslate_brick_slab":7,"minecraft:raw_gold":1,"minecraft:mossy_stone_bricks":29,"minecraft:bamboo":27,"minecraft:oak_planks":34,"minecraft:mossy_stone_brick_stairs":2,"aquaculture:atlantic_herring":13,"minecraft:black_terracotta":2,"irons_spellbooks:fireward_ring":1,"minecraft:music_disc_13":1,"minecraft:sand":138,"minecraft:jungle_planks":80,"minecraft:diamond_block":1,"minecraft:jungle_slab":1,"minecraft:chiseled_sandstone":1,"minecraft:mossy_cobblestone":1,"minecraft:yellow_carpet":2,"born_in_chaos_v1:fire_dust":14,"minecraft:diamond":16,"minecraft:polished_blackstone_pressure_plate":2,"minecraft:cracked_polished_blackstone_bricks":86,"alexsmobs:rattlesnake_rattle":1,"minecraft:bone_meal":32,"minecraft:golden_apple":2,"minecraft:spruce_sign":5,"minecraft:emerald":14,"minecraft:oak_sapling":1,"minecraft:netherrack":6445,"born_in_chaos_v1:sea_terror_stomach":1,"rottencreatures:magma_rotten_flesh":3,"minecraft:lingering_potion":1,"minecraft:chicken":1,"minecraft:wooden_pickaxe":2,"minecraft:stone_brick_wall":7,"minecraft:gold_block":9,"minecraft:chain":2,"minecraft:moss_carpet":11,"minecraft:blackstone":49,"graveyard:corruption":14,"quark:indigo_corundum":6,"minecraft:light_gray_wool":6,"minecraft:lectern":1,"minecraft:sugar_cane":2,"minecraft:raw_iron":11,"iceandfire:dragonbone":20,"iceandfire:deathworm_chitin_red":15,"minecraft:copper_ingot":2,"minecraft:polished_blackstone_bricks":69,"minecraft:trident":1,"born_in_chaos_v1:charmof_endurance":1,"minecraft:stone_pressure_plate":10,"minecraft:dark_oak_planks":4,"minecraft:weeping_vines":23,"minecraft:arrow":46,"minecraft:jungle_stairs":1,"minecraft:nether_bricks":21,"aquaculture:fish_fillet_raw":12,"born_in_chaos_v1:fused_bone":2,"minecraft:cracked_deepslate_tiles":11,"born_in_chaos_v1:corpse_maggot":48,"minecraft:basalt":15,"minecraft:crimson_stem":7,"minecraft:salmon":3,"minecraft:cut_sandstone":28,"minecraft:leather":19,"minecraft:chainmail_chestplate":2,"iceandfire:ectoplasm":3,"minecraft:nether_wart_block":28,"minecraft:gunpowder":7,"minecraft:orange_terracotta":30,"minecraft:red_carpet":3,"chococraft:gold_gysahl":1,"minecraft:iron_ingot":17,"artifacts:whoopee_cushion":1,"born_in_chaos_v1:chipped_black_argillite_brick":4,"minecraft:stripped_oak_wood":2,"irons_spellbooks:cinder_essence":2,"iceandfire:crackled_cobblestone":7,"minecraft:book":1,"minecraft:scaffolding":8,"minecraft:dripstone_block":7,"minecraft:lava_bucket":1,"born_in_chaos_v1:dark_rod":2,"irons_spellbooks:blood_staff":3,"chococraft:gysahl_green_seeds":22,"minecraft:soul_torch":1,"minecraft:blast_furnace":3,"minecraft:white_bed":2,"quark:oak_chest":1,"minecraft:spider_eye":16,"minecraft:cut_red_sandstone":3,"minecraft:stripped_jungle_wood":3,"minecraft:terracotta":111,"minecraft:coal":131},"minecraft:broken":{"minecraft:golden_boots":1,"minecraft:diamond_helmet":1,"minecraft:iron_boots":1,"minecraft:iron_chestplate":1,"minecraft:iron_sword":2,"minecraft:chainmail_leggings":1,"minecraft:diamond_leggings":1,"minecraft:iron_helmet":1,"minecraft:diamond_chestplate":1},"minecraft:killed":{"alexsmobs:lobster":5,"minecraft:cave_spider":2,"born_in_chaos_v1:mr_pumpkin":1,"born_in_chaos_v1:restless_spirit":1,"born_in_chaos_v1:zombie_lumberjack":7,"born_in_chaos_v1:skeleton_demoman":4,"minecraft:dolphin":1,"graveyard:wraith":15,"born_in_chaos_v1:siamese_skeletonsright":2,"minecraft:pufferfish":1,"born_in_chaos_v1:baby_skeleton_minion":1,"minecraft:skeleton":44,"graveyard:acolyte":3,"rottencreatures:zap":1,"minecraft:chicken":1,"alexsmobs:laviathan":1,"alexsmobs:skelewag":1,"minecraft:tropical_fish":3,"minecraft:magma_cube":30,"born_in_chaos_v1:bone_imp":3,"minecraft:pillager":18,"irons_spellbooks:summoned_vex":7,"minecraft:zombie":251,"born_in_chaos_v1:corpse_fly":9,"iceandfire:lightning_dragon":1,"born_in_chaos_v1:door_knight":2,"rottencreatures:immortal":1,"minecraft:cow":8,"graveyard:corrupted_vindicator":4,"minecraft:vindicator":2,"quark:toretoise":1,"born_in_chaos_v1:thornshell_crab":1,"minecraft:zoglin":8,"born_in_chaos_v1:firelight":17,"minecraft:horse":1,"born_in_chaos_v1:barrel_zombie":1,"rottencreatures:undead_miner":5,"born_in_chaos_v1:decrepit_skeleton":8,"born_in_chaos_v1:bloody_gadfly":1,"iceandfire:ghost":6,"born_in_chaos_v1:dark_vortex":3,"minecraft:enderman":3,"graveyard:skeleton_creeper":1,"rottencreatures:burned":15,"minecraft:spider":13,"aquaculture:gar":2,"aquaculture:perch":1,"aquaculture:atlantic_herring":12,"irons_spellbooks:summoned_skeleton":3,"born_in_chaos_v1:firelight_not_despawn":4,"artifacts:mimic":4,"minecraft:piglin":7,"born_in_chaos_v1:bonescaller":1,"minecraft:pig":9,"minecraft:zombie_villager":7,"born_in_chaos_v1:glutton_fish":1,"irons_spellbooks:necromancer":7,"minecraft:creeper":6,"alexsmobs:crimson_mosquito":29,"born_in_chaos_v1:zombie_fisherman":3,"cataclysm:deepling_brute":1,"born_in_chaos_v1:dread_hound":2,"graveyard:corrupted_pillager":3,"born_in_chaos_v1:siamese_skeletonsleft":2,"minecraft:blaze":4,"born_in_chaos_v1:missioner":1,"irons_spellbooks:summoned_zombie":28,"alexsmobs:rattlesnake":1,"born_in_chaos_v1:zombie_bruiser":3,"born_in_chaos_v1:maggot":66,"aquaculture:brown_trout":2,"born_in_chaos_v1:corpse_fish":9,"iceandfire:deathworm":4,"alexsmobs:flying_fish":1,"mowziesmobs:umvuthana":2,"born_in_chaos_v1:fallen_chaos_knight":1,"born_in_chaos_v1:baby_skeleton":6,"minecraft:hoglin":6,"born_in_chaos_v1:nightmare_stalker":1,"minecraft:wither_skeleton":29}},"DataVersion":3120}