{"stats":{"minecraft:picked_up":{"irons_spellbooks:scroll":11,"chococraft:loverly_gysahl_green":5,"minecraft:iron_chestplate":3,"minecraft:black_carpet":2,"minecraft:brown_bed":1,"minecraft:stone_brick_stairs":26,"minecraft:polished_deepslate":1,"minecraft:string":29,"minecraft:diamond_leggings":1,"irons_spellbooks:arcane_essence":74,"minecraft:deepslate_tiles":18,"minecraft:gold_nugget":18,"minecraft:cobbled_deepslate":5797,"irons_spellbooks:blank_rune":2,"minecraft:melon_slice":65,"minecraft:coal_block":8,"minecraft:iron_boots":1,"minecraft:furnace":2,"minecraft:stick":2,"minecraft:polished_deepslate_stairs":6,"minecraft:oak_fence":2,"minecraft:torch":30,"minecraft:acacia_log":28,"quark:blossom_log":7,"minecraft:porkchop":18,"minecraft:pointed_dripstone":8,"minecraft:mangrove_stairs":2,"minecraft:rotten_flesh":258,"graveyard:gray_urn":1,"minecraft:mangrove_roots":1,"minecraft:deepslate_brick_stairs":5,"minecraft:obsidian":7,"minecraft:iron_bars":2,"minecraft:cobblestone":263,"minecraft:enchanting_table":2,"minecraft:birch_log":6,"minecraft:feather":2,"minecraft:iron_door":2,"minecraft:andesite":2,"minecraft:jungle_log":2,"minecraft:black_bed":1,"minecraft:potato":1,"minecraft:smoker":3,"minecraft:flint":2,"minecraft:tuff":516,"minecraft:magenta_bed":2,"minecraft:wither_skeleton_skull":2,"minecraft:acacia_boat":2,"minecraft:lapis_lazuli":16,"minecraft:dirt":61,"minecraft:name_tag":1,"born_in_chaos_v1:monster_skin":1,"minecraft:bone":53,"minecraft:acacia_planks":10,"minecraft:cobbled_deepslate_wall":1,"minecraft:wheat_seeds":9,"minecraft:deepslate_brick_slab":3,"minecraft:diamond_helmet":1,"minecraft:mossy_stone_bricks":24,"minecraft:moss_block":2,"minecraft:oak_planks":21,"minecraft:mossy_stone_brick_stairs":2,"minecraft:black_terracotta":2,"irons_spellbooks:legendary_ink":1,"minecraft:jungle_planks":75,"minecraft:sand":17,"minecraft:acacia_stairs":1,"minecraft:diamond_block":1,"minecraft:dark_oak_log":1,"minecraft:stripped_acacia_log":2,"minecraft:polished_andesite":2,"minecraft:dispenser":1,"minecraft:yellow_carpet":2,"minecraft:diamond":16,"minecraft:polished_blackstone_pressure_plate":2,"minecraft:granite":2,"minecraft:golden_apple":2,"minecraft:spruce_sign":5,"minecraft:emerald":7,"minecraft:dark_oak_fence":2,"minecraft:oak_sapling":1,"minecraft:netherrack":3,"minecraft:diamond_pickaxe":1,"minecraft:lingering_potion":1,"iceandfire:dragon_skull_lightning":1,"minecraft:crafting_table":10,"iceandfire:witherbone":7,"minecraft:chicken":1,"minecraft:wooden_pickaxe":2,"minecraft:stone_brick_wall":7,"minecraft:gold_block":2,"minecraft:chain":1,"minecraft:stripped_mangrove_log":2,"minecraft:red_bed":1,"minecraft:moss_carpet":5,"graveyard:corruption":13,"minecraft:cracked_stone_bricks":93,"minecraft:beef":14,"minecraft:egg":2,"minecraft:polished_deepslate_slab":11,"minecraft:raw_iron":7,"minecraft:sandstone":1,"iceandfire:dragonbone":11,"minecraft:fire_charge":2,"minecraft:carrot":1,"minecraft:dark_oak_planks":3,"minecraft:tnt":27,"minecraft:arrow":10,"minecraft:jungle_stairs":1,"minecraft:deepslate_bricks":19,"minecraft:hay_block":10,"minecraft:cracked_deepslate_bricks":6,"minecraft:bone_block":8,"minecraft:cracked_deepslate_tiles":11,"born_in_chaos_v1:corpse_maggot":17,"minecraft:leather":9,"minecraft:oak_log":22,"minecraft:white_banner":1,"chococraft:chocobo_feather":2,"minecraft:red_carpet":3,"chococraft:gysahl_green":60,"minecraft:stone_bricks":199,"chococraft:gold_gysahl":1,"minecraft:iron_ingot":1,"minecraft:stone_pickaxe":1,"minecraft:cobweb":21,"minecraft:gray_bed":1,"minecraft:iron_sword":4,"minecraft:dark_oak_stairs":1,"minecraft:book":1,"minecraft:scaffolding":8,"minecraft:dripstone_block":7,"minecraft:gravel":60,"minecraft:lava_bucket":1,"irons_spellbooks:blood_staff":3,"chococraft:gysahl_green_seeds":22,"minecraft:soul_torch":1,"minecraft:spruce_log":2,"minecraft:crying_obsidian":3,"minecraft:spider_eye":3,"minecraft:baked_potato":1,"minecraft:mangrove_propagule":1,"minecraft:coal":96},"minecraft:killed":{"born_in_chaos_v1:zombie_lumberjack":2,"rottencreatures:burned":13,"minecraft:spider":3,"graveyard:wraith":15,"born_in_chaos_v1:siamese_skeletonsright":1,"minecraft:skeleton":14,"graveyard:acolyte":3,"minecraft:chicken":1,"irons_spellbooks:summoned_skeleton":2,"minecraft:pig":9,"minecraft:zombie_villager":1,"irons_spellbooks:necromancer":6,"minecraft:creeper":4,"minecraft:pillager":8,"irons_spellbooks:summoned_vex":7,"minecraft:zombie":205,"born_in_chaos_v1:corpse_fly":1,"graveyard:corrupted_pillager":3,"born_in_chaos_v1:siamese_skeletonsleft":1,"minecraft:cow":8,"irons_spellbooks:summoned_zombie":26,"graveyard:corrupted_vindicator":4,"minecraft:vindicator":1,"quark:toretoise":1,"born_in_chaos_v1:zombie_bruiser":1,"born_in_chaos_v1:maggot":45,"minecraft:horse":1,"mowziesmobs:umvuthana":2,"rottencreatures:undead_miner":1,"born_in_chaos_v1:decrepit_skeleton":3,"born_in_chaos_v1:dark_vortex":1,"minecraft:wither_skeleton":12},"minecraft:mined":{"minecraft:dark_oak_planks":3,"graveyard:gray_urn":1,"minecraft:black_terracotta":3,"minecraft:jungle_leaves":1,"minecraft:obsidian":7,"minecraft:cave_vines_plant":1,"minecraft:granite":2,"minecraft:acacia_log":28,"minecraft:grass_block":8,"minecraft:stone_brick_wall":2,"minecraft:jungle_log":2,"minecraft:coal_block":8,"minecraft:deepslate_bricks":18,"minecraft:polished_blackstone_pressure_plate":2,"minecraft:spawner":13,"minecraft:iron_ore":1,"minecraft:cobbled_deepslate":4,"minecraft:fire":2,"graveyard:leaning_wither_skeleton":1,"minecraft:moss_carpet":8,"minecraft:deepslate_lapis_ore":3,"minecraft:dark_oak_stairs":1,"minecraft:brown_bed":1,"chococraft:gysahl_green":23,"minecraft:polished_deepslate_slab":11,"minecraft:iron_bars":2,"minecraft:deepslate_brick_stairs":3,"minecraft:azalea":1,"minecraft:tripwire":2,"minecraft:gray_terracotta":4,"minecraft:soul_wall_torch":1,"graveyard:light_gray_urn":2,"minecraft:polished_deepslate_stairs":1,"minecraft:smoker":3,"minecraft:clay":5,"minecraft:torch":6,"minecraft:jungle_stairs":1,"minecraft:melon":14,"minecraft:polished_andesite_stairs":2,"minecraft:cobblestone":21,"graveyard:skeleton_hand":1,"graveyard:lying_skeleton":1,"minecraft:oak_planks":20,"minecraft:iron_door":2,"minecraft:wall_torch":2,"minecraft:warped_planks":1,"minecraft:birch_log":6,"minecraft:tnt":28,"minecraft:black_bed":1,"graveyard:skull_pile":2,"minecraft:stone_brick_stairs":14,"minecraft:grass":96,"minecraft:cracked_deepslate_tiles":14,"minecraft:oak_log":22,"minecraft:sand":17,"minecraft:dirt":28,"graveyard:cyan_urn":1,"minecraft:wither_skeleton_skull":2,"minecraft:dispenser":1,"minecraft:netherrack":8,"minecraft:oak_leaves":13,"minecraft:deepslate":154,"minecraft:deepslate_tiles":15,"minecraft:diamond_ore":1,"minecraft:crying_obsidian":3,"minecraft:red_carpet":2,"minecraft:tuff":47,"minecraft:mossy_cobblestone":1,"minecraft:stripped_mangrove_log":2,"minecraft:deepslate_diamond_ore":10,"minecraft:dark_oak_log":1,"minecraft:mangrove_roots":1,"minecraft:dark_oak_fence":1,"minecraft:jungle_planks":23,"minecraft:moss_block":5,"minecraft:sandstone":6,"minecraft:deepslate_brick_slab":4,"minecraft:hay_block":10,"minecraft:furnace":2,"minecraft:acacia_stairs":1,"minecraft:andesite":11,"minecraft:chiseled_deepslate":1,"minecraft:gold_block":2,"minecraft:polished_deepslate":4,"minecraft:deepslate_iron_ore":4,"minecraft:vine":22,"minecraft:stripped_acacia_log":2,"minecraft:stone":351,"minecraft:acacia_leaves":2,"minecraft:flowering_azalea":1,"minecraft:glass_pane":1,"minecraft:oak_fence":2,"minecraft:crafting_table":10,"minecraft:cobbled_deepslate_wall":1,"minecraft:tall_grass":6,"minecraft:copper_ore":2,"minecraft:deepslate_coal_ore":2,"minecraft:cracked_deepslate_bricks":8,"minecraft:diorite":12,"graveyard:vase_block":3,"minecraft:gray_bed":1,"minecraft:birch_leaves":7,"minecraft:mangrove_leaves":4,"minecraft:coal_ore":39,"minecraft:gravel":19,"minecraft:cobweb":26,"minecraft:cracked_stone_bricks":71,"minecraft:acacia_planks":10,"minecraft:polished_andesite":1,"minecraft:stone_bricks":158},"minecraft:killed_by":{"graveyard:acolyte":4,"minecraft:ravager":1,"alexsmobs:rhinoceros":1,"minecraft:zombie":9,"minecraft:player":1,"iceandfire:deathworm":1,"rottencreatures:swampy":1,"irons_spellbooks:necromancer":1,"irons_spellbooks:dead_king":61,"minecraft:skeleton":1,"iceandfire:lightning_dragon":2},"minecraft:crafted":{"minecraft:oak_planks":88,"sophisticatedbackpacks:backpack":1,"quark:blossom_planks":28,"minecraft:cooked_porkchop":14,"minecraft:crafting_table":6,"minecraft:spruce_planks":8,"minecraft:wooden_pickaxe":3,"minecraft:gold_block":17,"minecraft:birch_planks":24,"minecraft:diamond_pickaxe":1,"minecraft:shield":1,"minecraft:stick":64,"quark:oak_chest":1,"minecraft:iron_pickaxe":1,"minecraft:iron_ingot":4,"minecraft:iron_block":15,"minecraft:stone_sword":2,"minecraft:coal":9,"quark:jungle_chest":1,"minecraft:furnace":2,"quark:acacia_chest":1,"minecraft:diamond":9,"minecraft:stone_pickaxe":2,"minecraft:jungle_fence":3,"minecraft:wheat":135,"minecraft:cooked_beef":12,"minecraft:iron_sword":2,"minecraft:mangrove_planks":8,"minecraft:stone_axe":2,"minecraft:jungle_slab":6,"minecraft:bread":57,"minecraft:acacia_boat":2,"minecraft:air":0,"irons_spellbooks:inscription_table":1,"minecraft:acacia_planks":120,"minecraft:torch":140},"minecraft:broken":{"minecraft:iron_boots":1,"minecraft:iron_chestplate":1,"minecraft:iron_sword":2,"minecraft:chainmail_leggings":1,"minecraft:iron_helmet":1},"minecraft:custom":{"minecraft:interact_with_crafting_table":39,"minecraft:open_barrel":96,"minecraft:leave_game":7,"minecraft:time_since_death":16437,"minecraft:sprint_one_cm":1023631,"minecraft:damage_blocked_by_shield":1140,"minecraft:drop":329,"minecraft:talked_to_villager":2,"minecraft:play_time":393016,"minecraft:deaths":83,"minecraft:jump":6846,"minecraft:walk_on_water_one_cm":25464,"minecraft:enchant_item":1,"minecraft:interact_with_furnace":7,"minecraft:sleep_in_bed":6,"minecraft:damage_dealt":37793,"minecraft:player_kills":4,"minecraft:crouch_one_cm":128393,"minecraft:interact_with_smoker":10,"minecraft:mob_kills":421,"minecraft:damage_dealt_resisted":1455,"minecraft:climb_one_cm":31873,"minecraft:walk_one_cm":1006617,"minecraft:damage_dealt_absorbed":211,"minecraft:sneak_time":38250,"minecraft:walk_under_water_one_cm":35020,"minecraft:interact_with_lectern":1,"minecraft:boat_one_cm":1251,"minecraft:interact_with_blast_furnace":2,"minecraft:total_world_time":393016,"minecraft:raid_trigger":1,"minecraft:time_since_rest":16466,"minecraft:damage_taken":32654,"minecraft:damage_absorbed":386,"minecraft:trigger_trapped_chest":17,"minecraft:swim_one_cm":53783,"minecraft:fly_one_cm":1217694,"minecraft:open_chest":116,"minecraft:fall_one_cm":181979},"minecraft:used":{"minecraft:moss_block":2,"minecraft:moss_carpet":4,"minecraft:polished_deepslate":1,"minecraft:ladder":3,"minecraft:shield":25,"minecraft:iron_sword":694,"minecraft:rotten_flesh":3,"minecraft:iron_chestplate":1,"minecraft:jungle_planks":59,"minecraft:carrot":22,"minecraft:cracked_deepslate_tiles":9,"minecraft:tuff":24,"minecraft:axolotl_bucket":1,"minecraft:obsidian":5,"minecraft:polished_deepslate_stairs":3,"born_in_chaos_v1:corpse_maggot":1,"minecraft:lava_bucket":12,"minecraft:stone_brick_stairs":3,"minecraft:stone_bricks":87,"minecraft:red_carpet":1,"minecraft:mangrove_roots":1,"minecraft:furnace":3,"minecraft:gray_bed":1,"minecraft:egg":1,"minecraft:mossy_stone_bricks":6,"minecraft:mangrove_planks":8,"minecraft:oak_planks":43,"minecraft:stone_pickaxe":24,"minecraft:ender_pearl":1,"minecraft:wooden_pickaxe":54,"minecraft:diamond_axe":4,"minecraft:golden_apple":7,"minecraft:glow_berries":9,"minecraft:stone_brick_wall":1,"minecraft:lingering_potion":1,"minecraft:deepslate_tiles":13,"minecraft:crying_obsidian":3,"minecraft:melon_slice":8,"minecraft:bread":30,"minecraft:iron_door":2,"chococraft:gysahl_green":33,"minecraft:cobweb":4,"minecraft:oak_fence":2,"minecraft:iron_bars":2,"minecraft:stone_sword":117,"minecraft:cracked_deepslate_bricks":2,"minecraft:flint_and_steel":1,"minecraft:torch":218,"minecraft:dirt":38,"minecraft:diamond_helmet":1,"minecraft:yellow_carpet":2,"minecraft:granite":2,"minecraft:iron_boots":1,"minecraft:golden_carrot":30,"minecraft:beef":1,"quark:blossom_planks":8,"minecraft:cooked_beef":12,"minecraft:acacia_planks":78,"minecraft:cobbled_deepslate":136,"minecraft:pointed_dripstone":8,"minecraft:brown_bed":1,"minecraft:acacia_boat":4,"minecraft:water_bucket":1,"minecraft:polished_andesite":1,"minecraft:baked_potato":1,"iceandfire:dragon_skull_lightning":1,"minecraft:deepslate_bricks":8,"minecraft:cracked_stone_bricks":31,"minecraft:polished_deepslate_slab":2,"minecraft:red_bed":1,"minecraft:crafting_table":16,"quark:acacia_chest":1,"minecraft:magenta_bed":2,"minecraft:smoker":3,"minecraft:diamond_pickaxe":398,"minecraft:acacia_stairs":1,"minecraft:apple":5,"minecraft:mangrove_propagule":1,"minecraft:iron_pickaxe":579,"minecraft:stone_axe":101,"minecraft:cobblestone":96,"minecraft:porkchop":4,"minecraft:white_banner":1,"minecraft:cooked_porkchop":12,"minecraft:bucket":13,"quark:oak_chest":1,"minecraft:soul_torch":1,"minecraft:chainmail_leggings":1,"irons_spellbooks:inscription_table":1},"minecraft:dropped":{"minecraft:iron_sword":2,"chococraft:loverly_gysahl_green":2,"minecraft:lapis_lazuli":16,"minecraft:diamond":10,"minecraft:cooked_porkchop":2,"minecraft:jungle_fence":1,"minecraft:leather":3,"minecraft:cracked_stone_bricks":61,"graveyard:corruption":9,"minecraft:flint":2,"minecraft:red_carpet":1,"minecraft:dirt":14,"minecraft:dark_oak_fence":2,"minecraft:dispenser":1,"born_in_chaos_v1:monster_skin":1,"minecraft:polished_blackstone_pressure_plate":1,"minecraft:mangrove_stairs":2,"irons_spellbooks:arcane_essence":83,"minecraft:gold_nugget":18,"minecraft:bone_block":8,"minecraft:amethyst_shard":5,"minecraft:iron_pickaxe":1,"minecraft:bone":13,"minecraft:gravel":53,"minecraft:cobbled_deepslate":4449,"minecraft:black_carpet":2,"minecraft:wheat":2,"minecraft:rotten_flesh":216,"minecraft:black_terracotta":2,"relics:space_dissector":1,"irons_spellbooks:blood_staff":3,"minecraft:deepslate_tiles":1,"born_in_chaos_v1:corpse_maggot":11,"minecraft:stone_brick_wall":4,"iceandfire:bestiary":1,"minecraft:arrow":2,"minecraft:scaffolding":8,"minecraft:stone_brick_stairs":14,"minecraft:netherrack":3,"minecraft:enchanting_table":2,"minecraft:egg":1,"minecraft:enchanted_book":3,"minecraft:netherite_pickaxe":1,"minecraft:wheat_seeds":7,"minecraft:tnt":54,"minecraft:dripstone_block":6,"minecraft:cobblestone":114,"minecraft:book":1,"chococraft:gysahl_green_seeds":25,"irons_spellbooks:ancient_knowledge_fragment":2,"minecraft:coal":13,"minecraft:golden_apple":7,"minecraft:polished_andesite":1,"minecraft:stick":2,"minecraft:cobweb":6,"irons_spellbooks:scroll":12,"minecraft:jungle_slab":3,"minecraft:golden_carrot":21,"minecraft:torch":9,"minecraft:fire_charge":2,"minecraft:string":9,"minecraft:furnace":1,"minecraft:moss_carpet":1,"minecraft:soul_torch":20,"minecraft:stone_sword":1,"chococraft:chocobo_feather":2,"minecraft:tuff":309,"iceandfire:witherbone":7,"minecraft:raw_iron":2,"minecraft:polished_deepslate_slab":8,"minecraft:iron_boots":1,"minecraft:deepslate_bricks":2,"minecraft:potato":1,"minecraft:iron_chestplate":2,"minecraft:diamond_pickaxe":1,"minecraft:andesite":1,"minecraft:mossy_stone_bricks":14,"minecraft:oak_sapling":1,"minecraft:stone_bricks":63,"minecraft:spider_eye":3,"minecraft:stone_pickaxe":2,"minecraft:wooden_pickaxe":4,"minecraft:raw_gold":9,"chococraft:gysahl_green":21}},"DataVersion":3120}