{"stats":{"minecraft:dropped":{"minecraft:stone_axe":1,"minecraft:compass":1,"minecraft:rotten_flesh":2,"minecraft:filled_map":1,"minecraft:leather_chestplate":2,"minecraft:diorite":1,"minecraft:oak_sapling":1},"minecraft:custom":{"minecraft:interact_with_furnace":4,"minecraft:mob_kills":11,"minecraft:interact_with_crafting_table":6,"minecraft:leave_game":1,"minecraft:time_since_death":8205,"minecraft:sleep_in_bed":5,"minecraft:climb_one_cm":5680,"minecraft:time_since_rest":8235,"minecraft:sprint_one_cm":177238,"minecraft:damage_taken":724,"minecraft:walk_one_cm":100700,"minecraft:drop":9,"minecraft:damage_dealt":2374,"minecraft:swim_one_cm":22660,"minecraft:talked_to_villager":1,"minecraft:fly_one_cm":93213,"minecraft:open_chest":11,"minecraft:crouch_one_cm":2116,"minecraft:play_time":53770,"minecraft:deaths":1,"minecraft:sneak_time":1113,"minecraft:walk_under_water_one_cm":8469,"minecraft:boat_one_cm":88986,"minecraft:jump":538,"minecraft:interact_with_brewingstand":2,"minecraft:walk_on_water_one_cm":6358,"minecraft:total_world_time":53770,"minecraft:fall_one_cm":11424},"minecraft:crafted":{"minecraft:golden_axe":1,"minecraft:oak_planks":36,"minecraft:crafting_table":3,"minecraft:spruce_planks":36,"minecraft:stone_axe":2,"paladins:iron_mace":2,"minecraft:air":0,"minecraft:oak_boat":1,"minecraft:stick":24,"minecraft:iron_ingot":4,"minecraft:iron_pickaxe":1,"minecraft:chest":1,"minecraft:torch":48},"minecraft:picked_up":{"minecraft:crafting_table":2,"minecraft:leather_chestplate":1,"minecraft:oak_log":9,"minecraft:gunpowder":3,"minecraft:map":9,"minecraft:red_bed":1,"wizards:wand_novice":1,"minecraft:white_carpet":2,"minecraft:bone":4,"minecraft:apple":6,"graveyard:corruption":1,"jewelry:copper_ring":1,"minecraft:spruce_planks":37,"paladins:acolyte_wand":1,"minecraft:iron_ingot":1,"minecraft:oak_boat":4,"minecraft:iron_pickaxe":1,"croptopia:mustard_seed":1,"minecraft:sugar_cane":8,"minecraft:oak_planks":8,"minecraft:furnace":1,"minecraft:book":12,"minecraft:stick":2,"croptopia:chile_pepper_seed":1,"minecraft:raw_iron":6,"patchouli:guide_book":1,"minecraft:torch":45,"croptopia:mustard":1,"minecraft:porkchop":1,"wizards:staff_frost":1,"mythicmetals:raw_tin":2,"mythicmetals:morkite":24,"minecraft:diorite":2,"minecraft:spruce_log":39,"croptopia:chile_pepper":2,"minecraft:arrow":4,"minecraft:rotten_flesh":10,"mythicmetals:raw_manganese":4,"minecraft:stone_axe":1,"croptopia:orange":52,"paladins:iron_mace":2,"minecraft:oak_sapling":1,"minecraft:mutton":4,"minecraft:iron_bars":1,"minecraft:coal":52,"minecraft:white_wool":1,"minecraft:cobblestone":128},"minecraft:killed":{"minecraft:pig":1,"graveyard:revenant":2,"minecraft:skeleton":1,"minecraft:sheep":1,"minecraft:zombie":6},"minecraft:broken":{"minecraft:golden_axe":1},"minecraft:used":{"minecraft:oak_planks":1,"minecraft:chest":1,"minecraft:spruce_planks":1,"minecraft:torch":31,"minecraft:white_carpet":2,"paladins:acolyte_wand":16,"minecraft:crafting_table":5,"minecraft:red_bed":1,"croptopia:chile_pepper":1,"paladins:iron_mace":31,"croptopia:orange":2,"minecraft:apple":6,"minecraft:iron_pickaxe":149,"minecraft:map":1,"minecraft:stone_axe":20,"minecraft:cobblestone":29,"minecraft:furnace":1,"minecraft:porkchop":1,"minecraft:oak_boat":3,"minecraft:golden_axe":21,"minecraft:splash_potion":1},"minecraft:killed_by":{"graveyard:revenant":1},"minecraft:mined":{"minecraft:spruce_planks":1,"croptopia:orange_crop":28,"minecraft:red_bed":1,"croptopia:mustard_crop":1,"minecraft:crafting_table":2,"minecraft:tall_grass":4,"minecraft:cobblestone":5,"minecraft:spruce_leaves":2,"minecraft:oak_planks":1,"minecraft:sugar_cane":1,"minecraft:diorite":1,"minecraft:furnace":1,"minecraft:iron_ore":5,"mythicmetals:manganese_ore":3,"minecraft:white_carpet":2,"minecraft:spruce_log":25,"mythicmetals:tin_ore":1,"croptopia:chile_pepper_crop":1,"minecraft:grass":1,"minecraft:bookshelf":2,"minecraft:oak_log":9,"minecraft:coal_ore":42,"croptopia:apple_crop":5,"minecraft:iron_bars":2,"mythicmetals:morkite_ore":10,"minecraft:stone":78,"minecraft:oak_leaves":7}},"DataVersion":3120}