{"stats":{"minecraft:mined":{"minecraft:acacia_leaves":2,"minecraft:glass_pane":1,"minecraft:mangrove_roots":1,"minecraft:crafting_table":4,"minecraft:acacia_log":28,"minecraft:grass_block":5,"minecraft:melon":14,"minecraft:tall_grass":2,"minecraft:sandstone":5,"minecraft:hay_block":2,"minecraft:furnace":2,"minecraft:birch_log":6,"minecraft:iron_ore":1,"minecraft:acacia_stairs":1,"minecraft:black_bed":1,"minecraft:mangrove_leaves":4,"minecraft:grass":28,"minecraft:coal_ore":13,"chococraft:gysahl_green":20,"minecraft:oak_log":22,"minecraft:dirt":18,"minecraft:stripped_acacia_log":2,"minecraft:acacia_planks":4,"minecraft:stone":39,"minecraft:oak_leaves":6},"minecraft:killed_by":{"iceandfire:deathworm":1,"alexsmobs:rhinoceros":1,"minecraft:ravager":1,"rottencreatures:swampy":1},"minecraft:crafted":{"minecraft:oak_planks":88,"quark:blossom_planks":28,"minecraft:cooked_porkchop":10,"minecraft:crafting_table":2,"minecraft:wooden_pickaxe":3,"minecraft:furnace":2,"minecraft:birch_planks":24,"minecraft:stone_axe":2,"minecraft:air":0,"minecraft:stick":28,"minecraft:stone_pickaxe":2,"minecraft:stone_sword":1,"minecraft:acacia_planks":120,"minecraft:torch":32,"minecraft:wheat":18},"minecraft:used":{"minecraft:stone_sword":32,"minecraft:stone_pickaxe":6,"minecraft:wooden_pickaxe":54,"iceandfire:dragon_skull_lightning":1,"minecraft:torch":9,"minecraft:dirt":5,"minecraft:crafting_table":5,"minecraft:acacia_stairs":1,"minecraft:mangrove_propagule":1,"minecraft:melon_slice":8,"minecraft:stone_axe":75,"minecraft:cobblestone":2,"minecraft:cooked_porkchop":1,"minecraft:furnace":2,"minecraft:mangrove_roots":1,"minecraft:porkchop":3,"quark:blossom_planks":8,"chococraft:gysahl_green":30,"minecraft:acacia_planks":16},"minecraft:custom":{"minecraft:interact_with_furnace":4,"minecraft:mob_kills":12,"minecraft:interact_with_crafting_table":14,"minecraft:damage_dealt_resisted":30,"minecraft:time_since_death":16105,"minecraft:sleep_in_bed":3,"minecraft:climb_one_cm":5182,"minecraft:time_since_rest":16291,"minecraft:sprint_one_cm":177345,"minecraft:damage_taken":1620,"minecraft:walk_one_cm":124608,"minecraft:drop":19,"minecraft:damage_dealt":1591,"minecraft:swim_one_cm":21840,"minecraft:talked_to_villager":1,"minecraft:fly_one_cm":240100,"minecraft:open_chest":11,"minecraft:crouch_one_cm":4618,"minecraft:play_time":53662,"minecraft:deaths":4,"minecraft:sneak_time":2242,"minecraft:walk_under_water_one_cm":4946,"minecraft:jump":1149,"minecraft:walk_on_water_one_cm":7651,"minecraft:total_world_time":53662,"minecraft:fall_one_cm":31514},"minecraft:killed":{"minecraft:pig":6,"irons_spellbooks:necromancer":1,"minecraft:zombie":2,"irons_spellbooks:summoned_skeleton":1,"mowziesmobs:umvuthana":2},"minecraft:picked_up":{"minecraft:birch_log":6,"iceandfire:dragon_skull_lightning":1,"minecraft:crafting_table":4,"chococraft:loverly_gysahl_green":4,"minecraft:black_bed":1,"minecraft:wooden_pickaxe":2,"minecraft:oak_log":22,"minecraft:dirt":23,"minecraft:acacia_planks":4,"chococraft:gysahl_green":57,"chococraft:gold_gysahl":1,"irons_spellbooks:arcane_essence":2,"minecraft:wheat_seeds":5,"minecraft:melon_slice":65,"minecraft:furnace":2,"minecraft:raw_iron":1,"iceandfire:dragonbone":11,"minecraft:acacia_log":28,"minecraft:porkchop":13,"quark:blossom_log":7,"chococraft:gysahl_green_seeds":20,"minecraft:acacia_stairs":1,"minecraft:stripped_acacia_log":2,"minecraft:rotten_flesh":1,"minecraft:hay_block":2,"minecraft:mangrove_roots":1,"minecraft:coal":16,"minecraft:mangrove_propagule":1,"minecraft:cobblestone":39},"minecraft:dropped":{"chococraft:loverly_gysahl_green":1,"minecraft:wheat_seeds":3,"minecraft:rotten_flesh":1,"chococraft:gysahl_green_seeds":20,"minecraft:dirt":11,"minecraft:wooden_pickaxe":4,"chococraft:gysahl_green":21}},"DataVersion":3120}