{"stats":{"minecraft:custom":{"minecraft:interact_with_anvil":3,"minecraft:mob_kills":42,"minecraft:interact_with_crafting_table":25,"minecraft:open_barrel":18,"minecraft:time_since_death":97394,"minecraft:climb_one_cm":12031,"minecraft:sprint_one_cm":320658,"minecraft:walk_one_cm":157212,"minecraft:damage_blocked_by_shield":70,"minecraft:drop":56,"minecraft:play_time":118942,"minecraft:deaths":3,"minecraft:sneak_time":4596,"minecraft:walk_under_water_one_cm":3259,"minecraft:interact_with_brewingstand":2,"minecraft:jump":1763,"minecraft:walk_on_water_one_cm":8439,"minecraft:total_world_time":118942,"minecraft:interact_with_furnace":8,"minecraft:tune_noteblock":1,"minecraft:interact_with_loom":1,"minecraft:sleep_in_bed":4,"minecraft:time_since_rest":53257,"minecraft:damage_taken":2496,"minecraft:damage_dealt":8841,"minecraft:swim_one_cm":28571,"minecraft:fly_one_cm":322332,"minecraft:open_chest":19,"minecraft:crouch_one_cm":5540,"minecraft:fall_one_cm":56645},"minecraft:dropped":{"minecraft:bread":49,"minecraft:moss_block":7,"minecraft:wheat_seeds":24,"minecraft:crafting_table":1,"mythicmetals:raw_runite":1,"minecraft:cobblestone":35,"minecraft:granite":5,"minecraft:tropical_fish":1,"minecraft:dirt":1,"minecraft:mutton":1,"minecraft:cracked_deepslate_tiles":1,"minecraft:brown_wool":2,"minecraft:iron_pickaxe":4,"minecraft:string":1,"minecraft:dark_oak_planks":1,"minecraft:white_wool":2,"minecraft:polished_deepslate":2,"minecraft:bone":2,"minecraft:gravel":2,"minecraft:moss_carpet":3,"minecraft:stone_axe":1,"minecraft:cobbled_deepslate":21,"minecraft:tuff":10,"minecraft:wheat":8,"minecraft:obsidian":1,"minecraft:rotten_flesh":6,"minecraft:deepslate_tiles":1,"minecraft:cyan_wool":1,"minecraft:andesite":18,"minecraft:azalea":2,"croptopia:roe":1,"minecraft:wooden_pickaxe":1,"minecraft:stone_pickaxe":2,"minecraft:light_blue_bed":1},"minecraft:crafted":{"minecraft:oak_planks":24,"runes:arcane_stone":76,"minecraft:iron_boots":3,"wizards:wand_arcane":1,"minecraft:iron_axe":5,"minecraft:stone_pickaxe":8,"minecraft:chest":1,"minecraft:dark_oak_planks":20,"minecraft:wheat":333,"sophisticatedbackpacks:iron_backpack":1,"sophisticatedbackpacks:backpack":1,"minecraft:crafting_table":1,"minecraft:spruce_planks":12,"minecraft:wooden_pickaxe":1,"minecraft:iron_sword":4,"sophisticatedbackpacks:gold_backpack":1,"minecraft:stone_axe":1,"minecraft:air":0,"minecraft:bread":118,"minecraft:iron_chestplate":1,"minecraft:shield":1,"minecraft:stick":64,"minecraft:iron_ingot":19,"minecraft:iron_pickaxe":5,"minecraft:iron_block":2,"minecraft:gold_ingot":8,"minecraft:iron_leggings":1,"minecraft:torch":140},"minecraft:picked_up":{"minecraft:charcoal":2,"minecraft:crafting_table":10,"minecraft:wheat":18,"minecraft:clay_ball":4,"jewelry:citrine":1,"minecraft:amethyst_block":31,"minecraft:polished_deepslate":2,"minecraft:string":14,"minecraft:moss_carpet":3,"minecraft:experience_bottle":3,"croptopia:pear":5,"graveyard:corruption":7,"minecraft:deepslate_tiles":1,"minecraft:cobbled_deepslate":85,"minecraft:spruce_planks":16,"minecraft:beef":3,"minecraft:cyan_wool":3,"minecraft:azalea":2,"minecraft:iron_nugget":24,"minecraft:iron_pickaxe":3,"minecraft:furnace":5,"minecraft:stick":2,"minecraft:raw_iron":1,"minecraft:torch":18,"jewelry:jade":1,"minecraft:porkchop":3,"minecraft:golden_axe":1,"minecraft:light_blue_bed":5,"mythicmetals:raw_runite":1,"minecraft:arrow":1,"minecraft:rotten_flesh":10,"minecraft:tropical_fish":1,"minecraft:hay_block":39,"minecraft:gold_ingot":12,"paladins:golden_mace":1,"minecraft:glow_berries":1,"minecraft:obsidian":2,"minecraft:mutton":3,"minecraft:cobblestone":76,"minecraft:white_wool":2,"minecraft:cracked_deepslate_tiles":1,"minecraft:andesite":18,"minecraft:brown_wool":4,"minecraft:leather":2,"minecraft:potato":14,"minecraft:tuff":10,"minecraft:oak_log":6,"minecraft:golden_boots":1,"minecraft:dirt":44,"minecraft:bone":2,"minecraft:deepslate_brick_slab":6,"minecraft:wheat_seeds":50,"minecraft:raw_gold":20,"minecraft:iron_ingot":39,"minecraft:stone_pickaxe":1,"croptopia:roe":1,"minecraft:moss_block":7,"artifacts:obsidian_skull":1,"minecraft:sweet_berries":10,"patchouli:guide_book":2,"minecraft:gravel":2,"minecraft:amethyst_shard":8,"minecraft:spruce_log":3,"minecraft:dark_oak_log":10,"croptopia:lemon":5,"minecraft:diamond":1,"minecraft:stone_axe":1,"croptopia:orange":6,"minecraft:granite":5,"minecraft:golden_apple":2,"paladins:iron_mace":2,"minecraft:bread":14,"minecraft:emerald":4,"minecraft:coal":10},"minecraft:killed":{"minecraft:witch":2,"graveyard:corrupted_vindicator":1,"minecraft:spider":3,"graveyard:wraith":1,"minecraft:skeleton":1,"graveyard:acolyte":6,"minecraft:pig":3,"graveyard:ghoul":1,"minecraft:zombie_villager":9,"minecraft:sheep":2,"minecraft:pillager":1,"minecraft:zombie":6,"graveyard:corrupted_pillager":4,"minecraft:cow":2},"minecraft:used":{"minecraft:shield":2,"minecraft:iron_sword":59,"minecraft:torch":86,"minecraft:dirt":12,"minecraft:mutton":2,"paladins:golden_mace":1,"minecraft:iron_axe":12,"minecraft:light_blue_bed":1,"minecraft:hay_block":2,"minecraft:furnace":2,"minecraft:cobbled_deepslate":35,"croptopia:pear":1,"minecraft:golden_axe":5,"minecraft:golden_boots":1,"minecraft:amethyst_block":12,"croptopia:lemon":4,"minecraft:stone_pickaxe":88,"minecraft:wooden_pickaxe":35,"minecraft:golden_apple":1,"minecraft:crafting_table":7,"paladins:iron_mace":77,"croptopia:orange":2,"minecraft:bread":34,"minecraft:iron_pickaxe":154,"minecraft:stone_axe":21,"wizards:wand_arcane":12,"minecraft:experience_bottle":1},"minecraft:killed_by":{"minecraft:zombie_villager":3},"minecraft:mined":{"minecraft:large_amethyst_bud":2,"minecraft:tuff":10,"croptopia:orange_crop":6,"minecraft:mossy_cobblestone":1,"minecraft:deepslate_diamond_ore":1,"minecraft:cave_vines_plant":1,"minecraft:granite":5,"minecraft:grass_block":14,"minecraft:brown_wool":1,"minecraft:purple_stained_glass_pane":2,"minecraft:moss_block":7,"minecraft:large_fern":1,"minecraft:hay_block":39,"minecraft:furnace":2,"minecraft:andesite":6,"minecraft:moss_carpet":1,"minecraft:cave_vines":1,"minecraft:deepslate_iron_ore":1,"minecraft:azalea":1,"minecraft:stone":72,"minecraft:medium_amethyst_bud":2,"minecraft:amethyst_cluster":2,"minecraft:crafting_table":7,"minecraft:clay":1,"croptopia:lemon_crop":5,"minecraft:cobblestone":2,"minecraft:tall_grass":10,"minecraft:deepslate_gold_ore":20,"minecraft:amethyst_block":31,"minecraft:cyan_wool":1,"graveyard:vase_block":1,"jewelry:deepslate_gem_vein":1,"minecraft:light_blue_bed":3,"minecraft:sweet_berry_bush":5,"minecraft:wheat":1,"croptopia:pear_crop":5,"minecraft:grass":4,"minecraft:coal_ore":2,"minecraft:oak_log":6,"minecraft:gravel":2,"minecraft:dirt":22,"minecraft:cobweb":10,"minecraft:oak_leaves":1,"minecraft:deepslate":86}},"DataVersion":3120}