{"stats":{"minecraft:dropped":{"minecraft:wheat_seeds":24,"minecraft:wheat":8,"minecraft:cobblestone":2,"minecraft:rotten_flesh":2,"minecraft:cyan_wool":1,"minecraft:brown_wool":2,"minecraft:wooden_pickaxe":1,"minecraft:light_blue_bed":1},"minecraft:custom":{"minecraft:interact_with_furnace":1,"minecraft:mob_kills":21,"minecraft:interact_with_anvil":3,"minecraft:tune_noteblock":1,"minecraft:interact_with_crafting_table":9,"minecraft:open_barrel":12,"minecraft:time_since_death":43394,"minecraft:sleep_in_bed":3,"minecraft:climb_one_cm":8782,"minecraft:time_since_rest":42837,"minecraft:sprint_one_cm":138160,"minecraft:damage_taken":1491,"minecraft:walk_one_cm":68718,"minecraft:drop":15,"minecraft:damage_dealt":4387,"minecraft:swim_one_cm":20461,"minecraft:fly_one_cm":175878,"minecraft:open_chest":17,"minecraft:crouch_one_cm":3683,"minecraft:play_time":64942,"minecraft:deaths":3,"minecraft:sneak_time":1860,"minecraft:walk_under_water_one_cm":2660,"minecraft:jump":781,"minecraft:walk_on_water_one_cm":2944,"minecraft:total_world_time":64942,"minecraft:fall_one_cm":27705},"minecraft:crafted":{"minecraft:crafting_table":1,"minecraft:wooden_pickaxe":1,"minecraft:stone_axe":1,"minecraft:bread":64,"minecraft:iron_boots":3,"minecraft:iron_chestplate":1,"minecraft:shield":1,"minecraft:stick":12,"minecraft:iron_ingot":1,"minecraft:stone_pickaxe":8,"minecraft:iron_leggings":1,"minecraft:dark_oak_planks":20,"minecraft:torch":8,"minecraft:wheat":234},"minecraft:picked_up":{"minecraft:charcoal":2,"minecraft:crafting_table":1,"minecraft:wheat":18,"minecraft:brown_wool":4,"minecraft:potato":14,"minecraft:golden_boots":1,"minecraft:string":2,"minecraft:dirt":35,"minecraft:experience_bottle":3,"minecraft:wheat_seeds":50,"minecraft:beef":1,"minecraft:iron_ingot":39,"minecraft:cyan_wool":3,"minecraft:iron_nugget":24,"patchouli:guide_book":2,"minecraft:torch":17,"minecraft:porkchop":3,"minecraft:golden_axe":1,"minecraft:light_blue_bed":4,"minecraft:dark_oak_log":10,"minecraft:rotten_flesh":7,"croptopia:orange":6,"minecraft:hay_block":39,"minecraft:emerald":4,"minecraft:golden_apple":2,"paladins:iron_mace":2,"paladins:golden_mace":1,"minecraft:bread":14,"minecraft:obsidian":2,"minecraft:coal":8,"minecraft:cobblestone":22},"minecraft:killed":{"minecraft:pig":3,"minecraft:witch":2,"minecraft:zombie_villager":9,"minecraft:spider":2,"minecraft:pillager":1,"minecraft:zombie":3,"minecraft:cow":1},"minecraft:used":{"minecraft:golden_boots":1,"minecraft:stone_pickaxe":1,"minecraft:wooden_pickaxe":35,"minecraft:torch":9,"minecraft:golden_apple":1,"minecraft:dirt":4,"minecraft:crafting_table":1,"paladins:iron_mace":77,"croptopia:orange":2,"paladins:golden_mace":1,"minecraft:bread":14,"minecraft:stone_axe":6,"minecraft:hay_block":2,"minecraft:golden_axe":5,"minecraft:experience_bottle":1},"minecraft:killed_by":{"minecraft:zombie_villager":3},"minecraft:mined":{"croptopia:orange_crop":6,"minecraft:mossy_cobblestone":1,"minecraft:crafting_table":1,"minecraft:grass_block":12,"minecraft:brown_wool":1,"minecraft:tall_grass":8,"minecraft:hay_block":39,"minecraft:cyan_wool":1,"minecraft:light_blue_bed":2,"minecraft:wheat":1,"minecraft:grass":4,"minecraft:dirt":15,"minecraft:stone":20}},"DataVersion":3120}