{"stats":{"minecraft:dropped":{"minecraft:stone_axe":1,"minecraft:wheat_seeds":24,"minecraft:crafting_table":1,"minecraft:wheat":8,"minecraft:obsidian":1,"minecraft:cobblestone":2,"minecraft:rotten_flesh":3,"minecraft:cyan_wool":1,"minecraft:mutton":1,"minecraft:brown_wool":2,"minecraft:stone_pickaxe":1,"minecraft:wooden_pickaxe":1,"minecraft:iron_pickaxe":1,"minecraft:dark_oak_planks":1,"minecraft:white_wool":2,"minecraft:light_blue_bed":1},"minecraft:custom":{"minecraft:interact_with_furnace":1,"minecraft:mob_kills":26,"minecraft:interact_with_anvil":3,"minecraft:tune_noteblock":1,"minecraft:interact_with_crafting_table":13,"minecraft:open_barrel":12,"minecraft:time_since_death":61394,"minecraft:sleep_in_bed":4,"minecraft:climb_one_cm":8806,"minecraft:time_since_rest":17257,"minecraft:sprint_one_cm":212610,"minecraft:damage_taken":1635,"minecraft:walk_one_cm":88152,"minecraft:drop":24,"minecraft:damage_dealt":5008,"minecraft:swim_one_cm":28571,"minecraft:fly_one_cm":266550,"minecraft:open_chest":17,"minecraft:crouch_one_cm":3879,"minecraft:play_time":82942,"minecraft:deaths":3,"minecraft:sneak_time":2275,"minecraft:walk_under_water_one_cm":3216,"minecraft:jump":1227,"minecraft:walk_on_water_one_cm":4488,"minecraft:total_world_time":82942,"minecraft:fall_one_cm":38517},"minecraft:crafted":{"minecraft:oak_planks":24,"sophisticatedbackpacks:backpack":1,"minecraft:crafting_table":1,"minecraft:wooden_pickaxe":1,"minecraft:stone_axe":1,"minecraft:bread":64,"minecraft:iron_boots":3,"minecraft:iron_chestplate":1,"minecraft:shield":1,"minecraft:stick":44,"minecraft:iron_ingot":1,"minecraft:stone_pickaxe":8,"minecraft:chest":1,"minecraft:iron_leggings":1,"minecraft:dark_oak_planks":20,"minecraft:torch":140,"sophisticatedbackpacks:iron_backpack":1,"minecraft:wheat":234},"minecraft:picked_up":{"minecraft:charcoal":2,"minecraft:crafting_table":3,"minecraft:wheat":18,"minecraft:andesite":6,"minecraft:leather":2,"minecraft:brown_wool":4,"minecraft:potato":14,"minecraft:oak_log":6,"minecraft:golden_boots":1,"minecraft:string":4,"minecraft:dirt":41,"minecraft:experience_bottle":3,"croptopia:pear":5,"minecraft:wheat_seeds":50,"minecraft:cobbled_deepslate":12,"minecraft:beef":3,"minecraft:iron_ingot":39,"minecraft:cyan_wool":3,"minecraft:iron_nugget":24,"minecraft:iron_pickaxe":1,"croptopia:roe":1,"minecraft:sweet_berries":10,"patchouli:guide_book":2,"minecraft:torch":17,"minecraft:gravel":2,"minecraft:porkchop":3,"minecraft:golden_axe":1,"minecraft:light_blue_bed":5,"minecraft:dark_oak_log":10,"croptopia:lemon":5,"minecraft:rotten_flesh":7,"minecraft:tropical_fish":1,"croptopia:orange":6,"minecraft:hay_block":39,"minecraft:granite":5,"minecraft:emerald":4,"minecraft:golden_apple":2,"paladins:iron_mace":2,"paladins:golden_mace":1,"minecraft:bread":14,"minecraft:mutton":3,"minecraft:white_wool":2,"minecraft:obsidian":2,"minecraft:coal":10,"minecraft:cobblestone":75},"minecraft:killed":{"minecraft:pig":3,"minecraft:witch":2,"minecraft:zombie_villager":9,"minecraft:spider":3,"minecraft:sheep":2,"minecraft:pillager":1,"minecraft:zombie":4,"minecraft:cow":2},"minecraft:used":{"minecraft:golden_boots":1,"croptopia:lemon":4,"minecraft:stone_pickaxe":88,"minecraft:wooden_pickaxe":35,"minecraft:torch":15,"minecraft:golden_apple":1,"minecraft:dirt":4,"minecraft:mutton":2,"minecraft:crafting_table":3,"paladins:iron_mace":77,"croptopia:orange":2,"paladins:golden_mace":1,"minecraft:bread":16,"minecraft:light_blue_bed":1,"minecraft:stone_axe":21,"minecraft:hay_block":2,"croptopia:pear":1,"minecraft:golden_axe":5,"minecraft:experience_bottle":1},"minecraft:killed_by":{"minecraft:zombie_villager":3},"minecraft:mined":{"croptopia:orange_crop":6,"minecraft:mossy_cobblestone":1,"minecraft:crafting_table":2,"minecraft:granite":5,"minecraft:grass_block":14,"minecraft:brown_wool":1,"croptopia:lemon_crop":5,"minecraft:tall_grass":8,"minecraft:cobblestone":1,"minecraft:large_fern":1,"minecraft:hay_block":39,"minecraft:cyan_wool":1,"minecraft:light_blue_bed":3,"minecraft:wheat":1,"minecraft:sweet_berry_bush":5,"croptopia:pear_crop":5,"minecraft:andesite":6,"minecraft:grass":4,"minecraft:oak_log":6,"minecraft:coal_ore":2,"minecraft:gravel":2,"minecraft:dirt":19,"minecraft:deepslate":12,"minecraft:stone":72,"minecraft:oak_leaves":1}},"DataVersion":3120}