{"stats":{"minecraft:dropped":{"minecraft:rotten_flesh":2,"minecraft:cyan_wool":1,"minecraft:wheat_seeds":24,"minecraft:light_blue_bed":1,"minecraft:brown_wool":1,"minecraft:wheat":8},"minecraft:custom":{"minecraft:time_since_rest":1591,"minecraft:open_chest":5,"minecraft:play_time":16942,"minecraft:crouch_one_cm":265,"minecraft:interact_with_furnace":1,"minecraft:sprint_one_cm":47513,"minecraft:deaths":1,"minecraft:damage_taken":488,"minecraft:walk_one_cm":17956,"minecraft:sneak_time":73,"minecraft:walk_under_water_one_cm":2461,"minecraft:mob_kills":1,"minecraft:drop":12,"minecraft:jump":260,"minecraft:damage_dealt":497,"minecraft:walk_on_water_one_cm":421,"minecraft:time_since_death":1563,"minecraft:sleep_in_bed":1,"minecraft:total_world_time":16942,"minecraft:climb_one_cm":2842,"minecraft:swim_one_cm":5104,"minecraft:fall_one_cm":7862,"minecraft:interact_with_crafting_table":1,"minecraft:fly_one_cm":59872},"minecraft:crafted":{"minecraft:torch":8},"minecraft:picked_up":{"minecraft:wheat":8,"minecraft:rotten_flesh":2,"minecraft:brown_wool":1,"minecraft:wheat_seeds":26,"minecraft:cyan_wool":1,"minecraft:light_blue_bed":1},"minecraft:killed":{"minecraft:zombie_villager":1},"minecraft:used":{"paladins:golden_mace":1,"minecraft:bread":3,"minecraft:golden_axe":5},"minecraft:killed_by":{"minecraft:zombie_villager":1},"minecraft:mined":{"minecraft:cyan_wool":1,"minecraft:brown_wool":1,"minecraft:light_blue_bed":1,"minecraft:wheat":1,"minecraft:tall_grass":8}},"DataVersion":3120}