{"stats":{"minecraft:dropped":{"minecraft:cyan_wool":1,"minecraft:wheat_seeds":24,"minecraft:wheat":8,"minecraft:brown_wool":1,"minecraft:rotten_flesh":2,"minecraft:wooden_pickaxe":1,"minecraft:light_blue_bed":1},"minecraft:custom":{"minecraft:time_since_rest":30837,"minecraft:interact_with_furnace":1,"minecraft:sprint_one_cm":97473,"minecraft:damage_taken":1188,"minecraft:walk_one_cm":42188,"minecraft:interact_with_anvil":3,"minecraft:mob_kills":7,"minecraft:drop":13,"minecraft:damage_dealt":1630,"minecraft:swim_one_cm":5104,"minecraft:interact_with_crafting_table":7,"minecraft:fly_one_cm":113546,"minecraft:open_barrel":5,"minecraft:open_chest":14,"minecraft:crouch_one_cm":657,"minecraft:play_time":52942,"minecraft:deaths":3,"minecraft:sneak_time":698,"minecraft:walk_under_water_one_cm":2461,"minecraft:jump":531,"minecraft:time_since_death":31394,"minecraft:walk_on_water_one_cm":2238,"minecraft:sleep_in_bed":3,"minecraft:climb_one_cm":4858,"minecraft:total_world_time":52942,"minecraft:fall_one_cm":19154},"minecraft:crafted":{"minecraft:iron_boots":3,"minecraft:iron_chestplate":1,"minecraft:shield":1,"minecraft:iron_ingot":1,"minecraft:stick":12,"minecraft:wooden_pickaxe":1,"minecraft:stone_pickaxe":8,"minecraft:iron_leggings":1,"minecraft:stone_axe":1,"minecraft:dark_oak_planks":20,"minecraft:torch":8},"minecraft:picked_up":{"minecraft:charcoal":2,"minecraft:wheat":18,"patchouli:guide_book":2,"minecraft:brown_wool":3,"minecraft:torch":17,"minecraft:potato":14,"minecraft:golden_axe":1,"minecraft:golden_boots":1,"minecraft:light_blue_bed":4,"minecraft:dark_oak_log":10,"minecraft:dirt":35,"minecraft:experience_bottle":3,"minecraft:rotten_flesh":6,"minecraft:wheat_seeds":50,"minecraft:hay_block":13,"croptopia:orange":6,"minecraft:iron_ingot":39,"minecraft:golden_apple":2,"minecraft:iron_nugget":24,"minecraft:bread":14,"paladins:iron_mace":2,"minecraft:cyan_wool":3,"paladins:golden_mace":1,"minecraft:emerald":4,"minecraft:obsidian":2,"minecraft:coal":8,"minecraft:cobblestone":20},"minecraft:killed":{"minecraft:zombie_villager":7},"minecraft:used":{"minecraft:golden_boots":1,"paladins:golden_mace":1,"minecraft:bread":5,"minecraft:wooden_pickaxe":35,"minecraft:torch":7,"minecraft:golden_apple":1,"minecraft:dirt":4,"minecraft:hay_block":2,"paladins:iron_mace":27,"croptopia:orange":2,"minecraft:golden_axe":5,"minecraft:experience_bottle":1},"minecraft:killed_by":{"minecraft:zombie_villager":3},"minecraft:mined":{"minecraft:hay_block":13,"minecraft:cyan_wool":1,"croptopia:orange_crop":6,"minecraft:light_blue_bed":2,"minecraft:wheat":1,"minecraft:grass":1,"minecraft:grass_block":12,"minecraft:brown_wool":1,"minecraft:dirt":15,"minecraft:tall_grass":8,"minecraft:stone":20}},"DataVersion":3120}