{"stats":{"minecraft:broken":{"minecraft:golden_helmet":1,"minecraft:wooden_axe":1},"minecraft:dropped":{"chococraft:loverly_gysahl_green":1,"minecraft:wheat_seeds":6,"minecraft:crafting_table":1,"born_in_chaos_v1:mesh_door":2,"minecraft:feather":8,"minecraft:cobblestone":2,"chococraft:gysahl_green_seeds":4,"minecraft:dirt":9,"iceandfire:copper_nugget":8,"iceandfire:pixie_jar_empty":2,"minecraft:wooden_axe":2,"minecraft:acacia_planks":2,"iceandfire:dragonbone":3,"minecraft:bone":7,"alexsmobs:gazelle_horn":1,"minecraft:coarse_dirt":2,"minecraft:stone_sword":1,"minecraft:smooth_stone_slab":2,"minecraft:rotten_flesh":40,"alexsmobs:emu_egg":1,"iceandfire:ghost_chest":1,"born_in_chaos_v1:corpse_maggot":2,"minecraft:oak_sapling":2,"minecraft:wooden_pickaxe":1,"iceandfire:manuscript":8},"minecraft:killed":{"naturalist:zebra":1,"born_in_chaos_v1:zombie_clown":1,"minecraft:vindicator":1,"born_in_chaos_v1:maggot":5,"minecraft:skeleton":2,"mowziesmobs:umvuthana":2,"born_in_chaos_v1:baby_skeleton":1,"minecraft:creeper":1,"born_in_chaos_v1:decrepit_skeleton":1,"minecraft:pillager":2,"minecraft:zombie":25,"born_in_chaos_v1:corpse_fly":5,"alexsmobs:gazelle":2,"born_in_chaos_v1:door_knight":2,"minecraft:cow":2},"minecraft:mined":{"iceandfire:copper_pile":6,"minecraft:brewing_stand":1,"minecraft:acacia_log":5,"minecraft:grass_block":8,"iceandfire:lectern":1,"minecraft:spawner":3,"minecraft:hay_block":28,"minecraft:furnace":1,"minecraft:iron_ore":9,"chococraft:gysahl_green":6,"minecraft:vine":1,"minecraft:lantern":2,"minecraft:stone":18,"iceandfire:pixie_jar_empty":1,"minecraft:acacia_leaves":2,"minecraft:stripped_dark_oak_log":2,"minecraft:crafting_table":9,"minecraft:torch":4,"iceandfire:ghost_chest":1,"minecraft:melon":15,"minecraft:campfire":2,"minecraft:copper_ore":10,"minecraft:tall_grass":2,"minecraft:cobblestone":3,"minecraft:oak_planks":7,"minecraft:wall_torch":3,"minecraft:coarse_dirt":1,"minecraft:wheat":2,"minecraft:smooth_stone_slab":2,"minecraft:grass":36,"minecraft:oak_log":55,"minecraft:gravel":1,"minecraft:dirt":12,"minecraft:oak_leaves":6},"minecraft:killed_by":{"born_in_chaos_v1:nightmare_stalker":1,"minecraft:creeper":1,"minecraft:pillager":1,"minecraft:vindicator":1,"born_in_chaos_v1:sir_pumpkinhead":1,"mowziesmobs:umvuthana":3,"minecraft:skeleton":1,"alexsmobs:rhinoceros":1,"minecraft:zombie":4,"alexsmobs:kangaroo":1,"born_in_chaos_v1:skeleton_demoman":1},"minecraft:used":{"minecraft:stone_sword":181,"minecraft:grass":1,"minecraft:rotten_flesh":4,"minecraft:torch":9,"iceandfire:armor_copper_metal_boots":1,"minecraft:dirt":10,"born_in_chaos_v1:corpse_maggot":5,"minecraft:wooden_axe":112,"mowziesmobs:umvuthana_mask_faith":1,"minecraft:lantern":1,"minecraft:hay_block":1,"minecraft:oak_sapling":1,"minecraft:furnace":1,"minecraft:stone_pickaxe":52,"minecraft:oak_planks":9,"minecraft:wooden_pickaxe":6,"minecraft:crafting_table":10,"minecraft:crossbow":2,"minecraft:apple":1,"iceandfire:armor_copper_metal_chestplate":1,"minecraft:bread":20,"minecraft:stone_axe":32,"chococraft:gysahl_green":14,"minecraft:experience_bottle":2},"minecraft:crafted":{"minecraft:wooden_sword":1,"minecraft:oak_planks":220,"minecraft:furnace":1,"iceandfire:armor_copper_metal_boots":1,"minecraft:bow":1,"minecraft:stone_pickaxe":1,"iceandfire:armor_copper_metal_chestplate":1,"minecraft:wheat":243,"minecraft:crafting_table":3,"minecraft:wooden_pickaxe":1,"minecraft:copper_ingot":12,"minecraft:stone_axe":1,"minecraft:bread":81,"minecraft:air":0,"minecraft:shield":1,"minecraft:stick":28,"minecraft:wooden_axe":5,"minecraft:stone_sword":2,"minecraft:acacia_planks":12,"minecraft:torch":4},"minecraft:custom":{"minecraft:mob_kills":53,"minecraft:interact_with_crafting_table":19,"minecraft:open_barrel":15,"minecraft:damage_dealt_resisted":521,"minecraft:leave_game":7,"minecraft:time_since_death":634,"minecraft:climb_one_cm":2695,"minecraft:sprint_one_cm":394220,"minecraft:walk_one_cm":263910,"minecraft:drop":47,"minecraft:play_time":103143,"minecraft:deaths":18,"minecraft:sneak_time":3671,"minecraft:walk_under_water_one_cm":1809,"minecraft:interact_with_lectern":1,"minecraft:jump":2185,"minecraft:walk_on_water_one_cm":6400,"minecraft:total_world_time":103143,"minecraft:interact_with_furnace":4,"minecraft:sleep_in_bed":1,"minecraft:time_since_rest":653,"minecraft:damage_taken":6196,"minecraft:damage_dealt":9842,"minecraft:swim_one_cm":27683,"minecraft:fly_one_cm":499185,"minecraft:open_chest":17,"minecraft:crouch_one_cm":9653,"minecraft:fall_one_cm":96693},"minecraft:picked_up":{"minecraft:coarse_dirt":2,"minecraft:charcoal":4,"minecraft:crafting_table":9,"chococraft:loverly_gysahl_green":1,"minecraft:chain":2,"minecraft:brewing_stand":1,"iceandfire:manuscript":12,"alexsmobs:gazelle_horn":1,"born_in_chaos_v1:mesh_door":3,"minecraft:raw_copper":62,"minecraft:smooth_stone_slab":2,"born_in_chaos_v1:intoxicating_decoction":2,"minecraft:beef":3,"minecraft:melon_slice":72,"minecraft:furnace":1,"iceandfire:dragonbone":3,"minecraft:golden_helmet":1,"minecraft:raw_iron":9,"minecraft:stick":3,"iceandfire:ghost_chest":1,"minecraft:copper_ingot":1,"minecraft:torch":7,"minecraft:acacia_log":5,"mowziesmobs:umvuthana_mask_faith":2,"minecraft:stone_sword":1,"iceandfire:silver_ingot":2,"minecraft:arrow":6,"minecraft:rotten_flesh":45,"minecraft:hay_block":28,"alexsmobs:emu_egg":1,"minecraft:gold_ingot":5,"minecraft:cobblestone":21,"born_in_chaos_v1:corpse_maggot":8,"minecraft:feather":16,"minecraft:leather":2,"minecraft:oak_log":55,"minecraft:gunpowder":2,"minecraft:dirt":19,"minecraft:lantern":2,"minecraft:bone":19,"minecraft:acacia_planks":1,"chococraft:gysahl_green":14,"iceandfire:pixie_jar_empty":2,"minecraft:bow":2,"minecraft:wheat_seeds":6,"minecraft:iron_ingot":2,"minecraft:cobweb":8,"minecraft:oak_planks":7,"iceandfire:copper_nugget":52,"chococraft:gysahl_green_seeds":4,"iceandfire:lectern":1,"minecraft:emerald":2,"mowziesmobs:umvuthana_mask_fear":1,"minecraft:oak_sapling":3,"minecraft:stripped_dark_oak_log":2}},"DataVersion":3120}