{"stats":{"minecraft:broken":{"minecraft:stone_sword":2,"minecraft:stone_pickaxe":2,"graveyard:bone_dagger":1,"minecraft:wooden_axe":1},"minecraft:mined":{"minecraft:dark_oak_planks":12,"minecraft:deepslate_tiles":2,"minecraft:spruce_planks":11,"minecraft:light_gray_stained_glass_pane":10,"minecraft:mossy_cobblestone":4,"minecraft:stripped_mangrove_log":3,"minecraft:cobbled_deepslate_stairs":1,"minecraft:jungle_leaves":5,"minecraft:mangrove_roots":18,"iceandfire:crackled_gravel":4,"minecraft:spruce_trapdoor":2,"minecraft:granite":10,"minecraft:dark_oak_fence":2,"minecraft:acacia_log":6,"minecraft:grass_block":11,"minecraft:mangrove_fence":4,"minecraft:brick_stairs":2,"graveyard:tg_deepslate":19,"minecraft:cracked_polished_blackstone_bricks":4,"minecraft:redstone_wire":1,"minecraft:orange_candle":1,"minecraft:deepslate_tile_stairs":3,"minecraft:spruce_leaves":3,"minecraft:moss_block":4,"minecraft:mangrove_propagule":2,"minecraft:spawner":3,"iceandfire:crackled_cobblestone":1,"minecraft:large_fern":2,"minecraft:hay_block":30,"minecraft:polished_blackstone_bricks":4,"minecraft:furnace":1,"minecraft:iron_ore":6,"graveyard:tg_moss_block":3,"minecraft:cobbled_deepslate":7,"minecraft:barrel":2,"minecraft:waxed_oxidized_cut_copper_slab":3,"iceandfire:crackled_grass":1,"minecraft:dark_oak_fence_gate":4,"minecraft:moss_carpet":2,"iceandfire:crackled_dirt":7,"chococraft:gysahl_green":22,"minecraft:vine":10,"quark:limestone":27,"minecraft:iron_bars":7,"minecraft:stone":90,"graveyard:wither_skull_pile":1,"minecraft:spruce_slab":5,"minecraft:acacia_leaves":2,"minecraft:mangrove_stairs":5,"minecraft:red_bed":3,"minecraft:smoker":1,"minecraft:crimson_nylium":1,"minecraft:stripped_dark_oak_log":25,"minecraft:stone_brick_slab":1,"minecraft:polished_granite":1,"graveyard:small_light_gray_urn":1,"minecraft:crafting_table":4,"minecraft:note_block":1,"minecraft:melon":4,"minecraft:chest":5,"minecraft:white_stained_glass_pane":7,"minecraft:campfire":1,"quark:blossom_log":7,"minecraft:copper_ore":7,"graveyard:tg_grass_block":3,"minecraft:cobblestone":20,"minecraft:slime_block":2,"minecraft:sugar_cane":2,"minecraft:dried_kelp_block":1,"minecraft:lapis_ore":3,"minecraft:polished_blackstone_brick_stairs":1,"minecraft:diorite":4,"minecraft:iron_door":2,"minecraft:spruce_stairs":3,"minecraft:purple_bed":1,"graveyard:vase_block":3,"minecraft:mud":10,"minecraft:nether_wart_block":6,"minecraft:magenta_bed":1,"minecraft:spruce_log":5,"minecraft:birch_leaves":3,"minecraft:mangrove_planks":8,"minecraft:black_bed":1,"minecraft:mangrove_leaves":35,"minecraft:infested_mossy_stone_bricks":1,"minecraft:grass":20,"graveyard:creeper_skeleton":1,"minecraft:oak_log":7,"minecraft:coal_ore":5,"minecraft:sand":4,"minecraft:dirt":2,"graveyard:leaning_skeleton":2,"minecraft:cobweb":5,"minecraft:cracked_stone_bricks":1,"minecraft:polished_blackstone":9,"minecraft:stone_bricks":10,"minecraft:mossy_stone_bricks":4,"minecraft:oak_leaves":20,"minecraft:fern":2},"minecraft:killed_by":{"minecraft:creeper":1,"graveyard:acolyte":7,"minecraft:skeleton":1,"iceandfire:lightning_dragon":1,"alexsmobs:rhinoceros":1},"minecraft:crafted":{"minecraft:wooden_sword":1,"minecraft:oak_planks":28,"quark:acacia_chest":1,"minecraft:stone_pickaxe":2,"minecraft:dark_oak_planks":64,"minecraft:crafting_table":5,"minecraft:spruce_planks":8,"minecraft:wooden_pickaxe":2,"minecraft:iron_sword":1,"minecraft:mangrove_planks":12,"minecraft:shield":1,"minecraft:stick":32,"minecraft:iron_ingot":2,"minecraft:wooden_axe":2,"minecraft:stone_sword":2,"minecraft:acacia_planks":20},"minecraft:used":{"minecraft:stone_sword":230,"minecraft:polished_blackstone":9,"minecraft:chest":4,"minecraft:spruce_planks":6,"minecraft:shield":6,"minecraft:iron_sword":28,"minecraft:iron_chestplate":1,"minecraft:dirt":5,"minecraft:carrot":14,"minecraft:granite":10,"minecraft:dark_oak_planks":63,"minecraft:wooden_axe":48,"iceandfire:crackled_dirt":7,"iceandfire:crackled_gravel":7,"minecraft:iron_helmet":1,"minecraft:barrel":1,"minecraft:stone_bricks":10,"minecraft:mangrove_roots":4,"minecraft:furnace":1,"minecraft:cobbled_deepslate":5,"minecraft:iron_leggings":1,"minecraft:diorite":1,"minecraft:stone_pickaxe":254,"minecraft:oak_planks":13,"minecraft:wooden_pickaxe":78,"minecraft:polished_blackstone_bricks":1,"graveyard:bone_dagger":1,"minecraft:golden_apple":1,"minecraft:mossy_cobblestone":3,"minecraft:stripped_dark_oak_log":1,"minecraft:crafting_table":9,"minecraft:red_bed":3,"quark:acacia_chest":1,"minecraft:dark_oak_fence_gate":1,"minecraft:black_bed":1,"minecraft:smoker":1,"minecraft:mud":2,"chococraft:gysahl_green_seeds":1,"minecraft:cracked_polished_blackstone_bricks":4,"minecraft:melon_slice":6,"minecraft:bread":5,"minecraft:polished_granite":1,"minecraft:cobblestone":90,"chococraft:gysahl_green":50,"alexsmobs:animal_dictionary":2},"minecraft:custom":{"minecraft:mob_kills":62,"minecraft:interact_with_crafting_table":19,"minecraft:open_barrel":47,"minecraft:time_since_death":14854,"minecraft:climb_one_cm":13671,"minecraft:sprint_one_cm":210434,"minecraft:walk_one_cm":554553,"minecraft:damage_blocked_by_shield":270,"minecraft:drop":25,"minecraft:play_noteblock":3,"minecraft:talked_to_villager":2,"minecraft:play_time":161871,"minecraft:deaths":11,"minecraft:sneak_time":11266,"minecraft:walk_under_water_one_cm":7876,"minecraft:jump":1604,"minecraft:walk_on_water_one_cm":55540,"minecraft:total_world_time":161871,"minecraft:interact_with_furnace":3,"minecraft:sleep_in_bed":4,"minecraft:time_since_rest":14731,"minecraft:damage_taken":4472,"minecraft:damage_dealt":11211,"minecraft:swim_one_cm":28765,"minecraft:fly_one_cm":45744,"minecraft:open_chest":59,"minecraft:crouch_one_cm":22691,"minecraft:interact_with_smoker":1,"minecraft:fall_one_cm":20844},"minecraft:killed":{"naturalist:snail":1,"minecraft:skeleton":8,"graveyard:acolyte":44,"alexsmobs:blue_jay":1,"minecraft:silverfish":2,"minecraft:zombie_villager":1,"minecraft:zombie":3,"minecraft:enderman":1},"minecraft:picked_up":{"minecraft:mud":10,"minecraft:charcoal":2,"chococraft:loverly_gysahl_green":2,"minecraft:crafting_table":4,"minecraft:stripped_mangrove_log":3,"minecraft:raw_copper":24,"minecraft:moss_carpet":4,"minecraft:string":4,"minecraft:polished_blackstone_brick_stairs":1,"minecraft:red_bed":3,"graveyard:corruption":30,"minecraft:cracked_stone_bricks":1,"minecraft:cobbled_deepslate":24,"minecraft:spruce_planks":7,"minecraft:spruce_slab":6,"minecraft:sugar_cane":7,"minecraft:melon_slice":27,"minecraft:chest":4,"minecraft:spruce_trapdoor":2,"minecraft:furnace":1,"minecraft:raw_iron":6,"minecraft:stick":3,"iceandfire:crackled_dirt":7,"minecraft:acacia_log":5,"minecraft:spruce_stairs":3,"minecraft:polished_blackstone_bricks":3,"quark:blossom_log":7,"iceandfire:crackled_gravel":15,"minecraft:diorite":1,"minecraft:redstone":7,"minecraft:dark_oak_planks":10,"minecraft:mangrove_stairs":4,"minecraft:arrow":14,"minecraft:rotten_flesh":4,"minecraft:pumpkin_pie":4,"minecraft:hay_block":26,"iceandfire:crackled_grass":1,"minecraft:mangrove_roots":13,"minecraft:polished_blackstone":9,"minecraft:brick_stairs":2,"minecraft:skeleton_skull":1,"minecraft:cobblestone":104,"minecraft:iron_door":1,"minecraft:black_bed":1,"minecraft:leather":6,"minecraft:red_mushroom":1,"minecraft:smoker":1,"minecraft:filled_map":2,"graveyard:small_light_gray_urn":1,"minecraft:oak_log":7,"minecraft:magenta_bed":1,"minecraft:cobbled_deepslate_stairs":1,"minecraft:nether_wart_block":6,"minecraft:lapis_lazuli":19,"quark:limestone":27,"minecraft:dirt":23,"minecraft:polished_granite":1,"chococraft:chocobo_feather":1,"minecraft:bone":16,"chococraft:gysahl_green":70,"minecraft:stone_bricks":10,"chococraft:gold_gysahl":2,"minecraft:wheat_seeds":14,"minecraft:mossy_stone_bricks":4,"minecraft:glass_bottle":8,"minecraft:mangrove_planks":1,"minecraft:moss_block":5,"minecraft:acacia_sapling":1,"iceandfire:crackled_cobblestone":1,"iceandfire:copper_nugget":28,"graveyard:bone_dagger":1,"minecraft:sand":4,"chococraft:gysahl_green_seeds":22,"minecraft:orange_candle":3,"minecraft:spruce_log":5,"minecraft:dark_oak_fence_gate":3,"minecraft:barrel":2,"minecraft:mossy_cobblestone":4,"minecraft:dried_kelp_block":1,"minecraft:yellow_carpet":1,"minecraft:slime_block":1,"minecraft:cracked_polished_blackstone_bricks":4,"minecraft:granite":10,"minecraft:bread":13,"minecraft:emerald":1,"minecraft:waxed_oxidized_cut_copper_slab":5,"minecraft:dark_oak_fence":2,"minecraft:stripped_dark_oak_log":18,"minecraft:mangrove_propagule":9,"minecraft:coal":5},"minecraft:dropped":{"minecraft:moss_block":1,"minecraft:wheat_seeds":7,"minecraft:mossy_cobblestone":1,"minecraft:glass_bottle":8,"minecraft:mangrove_propagule":3,"minecraft:cracked_stone_bricks":1,"minecraft:red_mushroom":1,"minecraft:stick":11,"minecraft:emerald":1,"minecraft:dark_oak_fence":2,"quark:blossom_log":7,"minecraft:iron_door":1,"minecraft:polished_blackstone_bricks":1,"minecraft:acacia_planks":1,"minecraft:mangrove_roots":4,"minecraft:cobbled_deepslate":18,"minecraft:dark_oak_fence_gate":2,"minecraft:spruce_planks":1,"minecraft:acacia_sapling":1,"minecraft:spruce_slab":2,"minecraft:wooden_pickaxe":1}},"DataVersion":3120}