{"stats":{"minecraft:dropped":{"minecraft:iron_sword":8,"minecraft:piston":1,"minecraft:porkchop":9,"chococraft:loverly_gysahl_green":1,"minecraft:glass_bottle":8,"minecraft:diamond":2,"irons_spellbooks:fireward_ring":2,"minecraft:cracked_stone_bricks":28,"minecraft:rail":4,"graveyard:corruption":6,"minecraft:red_mushroom":1,"minecraft:emerald":3,"minecraft:gold_block":3,"minecraft:dirt":52,"minecraft:dark_oak_fence":2,"minecraft:cracked_deepslate_tiles":1,"minecraft:mangrove_stairs":4,"iceandfire:armor_copper_metal_boots":1,"minecraft:gold_nugget":49,"minecraft:bone_meal":3,"minecraft:sand":38,"minecraft:iron_pickaxe":2,"rottencreatures:magma_rotten_flesh":1,"minecraft:dark_oak_boat":1,"minecraft:bone":35,"minecraft:sugar_cane":7,"minecraft:diamond_block":1,"minecraft:iron_nugget":15,"minecraft:cobbled_deepslate":94,"minecraft:wheat":2,"minecraft:rotten_flesh":157,"minecraft:oak_planks":6,"minecraft:light_gray_carpet":3,"irons_spellbooks:blood_staff":5,"minecraft:warped_planks":5,"minecraft:salmon":1,"minecraft:dark_oak_fence_gate":2,"minecraft:chiseled_deepslate":3,"minecraft:deepslate_tiles":10,"minecraft:charcoal":2,"iceandfire:crackled_cobblestone":1,"minecraft:acacia_sapling":1,"minecraft:spruce_slab":2,"iceandfire:manuscript":6,"minecraft:enchanted_book":4,"minecraft:iron_ingot":2,"minecraft:wheat_seeds":21,"minecraft:cobbled_deepslate_stairs":2,"minecraft:tnt":54,"minecraft:dripstone_block":1,"minecraft:feather":4,"minecraft:iron_helmet":4,"minecraft:cobblestone":370,"artifacts:whoopee_cushion":4,"minecraft:granite":4,"minecraft:coal":15,"minecraft:golden_apple":1,"minecraft:lava_bucket":2,"minecraft:cobweb":4,"artifacts:plastic_drinking_hat":1,"minecraft:diamond_helmet":1,"minecraft:mud":4,"minecraft:smooth_sandstone":1,"minecraft:string":8,"minecraft:trapped_chest":1,"minecraft:acacia_planks":1,"minecraft:moss_carpet":4,"minecraft:soul_torch":1,"minecraft:smooth_stone_slab":1,"minecraft:green_bed":1,"born_in_chaos_v1:rotten_fish":2,"minecraft:iron_boots":4,"minecraft:nether_bricks":14,"minecraft:polished_deepslate_stairs":1,"minecraft:big_dripleaf":6,"minecraft:cobblestone_slab":12,"minecraft:potato":2,"minecraft:hay_block":26,"minecraft:spruce_planks":1,"minecraft:diamond_pickaxe":2,"minecraft:stone_bricks":17,"minecraft:spider_eye":2,"minecraft:bow":1,"minecraft:red_sand":5,"minecraft:crimson_hyphae":2,"minecraft:candle":1,"minecraft:moss_block":7,"minecraft:oak_log":6,"minecraft:golden_pickaxe":2,"minecraft:ender_pearl":2,"minecraft:deepslate_tile_wall":1,"minecraft:jungle_planks":61,"minecraft:flint":2,"minecraft:dispenser":2,"born_in_chaos_v1:monster_skin":1,"minecraft:crimson_roots":7,"minecraft:polished_blackstone_bricks":5,"minecraft:cauldron":1,"minecraft:gravel":13,"minecraft:mangrove_roots":5,"born_in_chaos_v1:ethereal_spirit":1,"minecraft:carrot":1,"minecraft:chiseled_stone_bricks":1,"minecraft:gunpowder":13,"born_in_chaos_v1:corpse_maggot":28,"minecraft:stone_brick_wall":1,"minecraft:arrow":39,"minecraft:quartz":3,"minecraft:netherrack":434,"minecraft:water_bucket":1,"chococraft:gold_gysahl":1,"minecraft:mossy_cobblestone":1,"mowziesmobs:foliaath_seed":2,"minecraft:mangrove_propagule":3,"minecraft:copper_ingot":2,"minecraft:stick":56,"minecraft:magenta_bed":2,"irons_spellbooks:scroll":5,"minecraft:diorite":4,"quark:blossom_log":7,"minecraft:torch":21,"minecraft:nether_wart_block":1,"minecraft:brown_wool":2,"born_in_chaos_v1:fused_bone":2,"minecraft:iron_door":1,"minecraft:fire_charge":2,"minecraft:iron_leggings":1,"minecraft:tripwire_hook":2,"minecraft:redstone_block":2,"minecraft:redstone":15,"minecraft:tuff":3,"iceandfire:witherbone":4,"minecraft:wither_skeleton_skull":1,"minecraft:light_gray_wool":2,"minecraft:red_terracotta":1,"minecraft:flint_and_steel":2,"minecraft:cut_red_sandstone":2,"minecraft:deepslate_bricks":27,"minecraft:filled_map":2,"minecraft:iron_chestplate":8,"minecraft:mossy_stone_bricks":20,"minecraft:magenta_candle":3,"minecraft:stone_pickaxe":2,"minecraft:wooden_pickaxe":4,"minecraft:cracked_deepslate_bricks":6},"minecraft:killed_by":{"born_in_chaos_v1:nightmare_stalker":5,"minecraft:ravager":2,"graveyard:acolyte":7,"minecraft:vindicator":1,"irons_spellbooks:citadel_keeper":1,"alexsmobs:rhinoceros":1,"minecraft:zombie":7,"born_in_chaos_v1:scarlet_persecutor":1,"rottencreatures:undead_miner":1,"minecraft:vex":2,"minecraft:stray":1,"born_in_chaos_v1:zombie_lumberjack":1,"born_in_chaos_v1:firelight":5,"iceandfire:ghost":2,"born_in_chaos_v1:dread_hound":1,"minecraft:creeper":5,"born_in_chaos_v1:zombie_bruiser":2,"minecraft:drowned":1,"graveyard:skeleton_creeper":2,"iceandfire:stymphalian_bird":2,"iceandfire:sea_serpent":6,"minecraft:piglin":2,"alexsmobs:crocodile":1,"minecraft:silverfish":1,"graveyard:wraith":2,"iceandfire:fire_dragon":1,"minecraft:player":4,"minecraft:spider":2,"minecraft:enderman":1,"born_in_chaos_v1:decaying_zombie":1,"irons_spellbooks:necromancer":2,"irons_spellbooks:dead_king":76,"minecraft:hoglin":2,"minecraft:skeleton":7,"iceandfire:lightning_dragon":16,"alexsmobs:crimson_mosquito":7,"graveyard:corrupted_vindicator":1},"minecraft:crafted":{"minecraft:smooth_stone":3,"minecraft:cooked_porkchop":13,"minecraft:copper_ingot":9,"minecraft:iron_pickaxe":2,"quark:oak_chest":2,"minecraft:iron_block":7,"minecraft:stone_pickaxe":5,"minecraft:dark_oak_planks":96,"quark:crimson_chest":2,"minecraft:wooden_axe":5,"minecraft:iron_leggings":2,"naturalist:cooked_duck":3,"minecraft:oak_planks":32,"minecraft:cobblestone_slab":12,"minecraft:dark_oak_boat":2,"minecraft:cooked_chicken":3,"minecraft:stone":3,"minecraft:warped_planks":36,"minecraft:bow":1,"minecraft:chest":1,"minecraft:crafting_table":12,"minecraft:spruce_planks":8,"minecraft:wooden_pickaxe":5,"minecraft:iron_chestplate":1,"minecraft:diamond_pickaxe":1,"minecraft:shield":3,"minecraft:stick":80,"minecraft:iron_ingot":57,"minecraft:stone_sword":2,"minecraft:wooden_sword":3,"minecraft:furnace":1,"minecraft:blast_furnace":1,"quark:acacia_chest":1,"minecraft:cooked_beef":4,"minecraft:crimson_planks":80,"iceandfire:tide_trident":1,"minecraft:iron_sword":3,"minecraft:mangrove_planks":16,"minecraft:bread":23,"minecraft:jungle_planks":96,"minecraft:gold_nugget":27,"minecraft:acacia_planks":36},"minecraft:custom":{"minecraft:interact_with_crafting_table":74,"minecraft:open_barrel":125,"minecraft:bell_ring":2,"minecraft:leave_game":11,"minecraft:time_since_death":8962,"minecraft:damage_blocked_by_shield":4515,"minecraft:play_time":1283710,"minecraft:deaths":189,"minecraft:jump":12193,"minecraft:enchant_item":1,"minecraft:interact_with_furnace":12,"minecraft:interact_with_cartography_table":1,"minecraft:sleep_in_bed":35,"minecraft:damage_dealt":72125,"minecraft:interact_with_smoker":11,"minecraft:inspect_dispenser":2,"minecraft:horse_one_cm":191,"minecraft:damage_dealt_absorbed":64,"minecraft:sneak_time":100277,"minecraft:interact_with_blast_furnace":23,"minecraft:total_world_time":1283710,"minecraft:time_since_rest":8997,"minecraft:swim_one_cm":702441,"minecraft:fly_one_cm":909776,"minecraft:open_chest":447,"minecraft:fall_one_cm":227930,"minecraft:damage_resisted":175,"minecraft:sprint_one_cm":3131021,"minecraft:drop":733,"minecraft:play_noteblock":3,"minecraft:talked_to_villager":14,"minecraft:walk_on_water_one_cm":198514,"minecraft:interact_with_loom":8,"minecraft:player_kills":2,"minecraft:crouch_one_cm":260096,"minecraft:mob_kills":453,"minecraft:interact_with_campfire":9,"minecraft:damage_dealt_resisted":1804,"minecraft:climb_one_cm":72202,"minecraft:walk_one_cm":4579346,"minecraft:walk_under_water_one_cm":78549,"minecraft:boat_one_cm":4322,"minecraft:damage_taken":68236,"minecraft:damage_absorbed":393,"minecraft:trigger_trapped_chest":28},"minecraft:mined":{"minecraft:dark_oak_planks":13,"minecraft:black_terracotta":6,"minecraft:chiseled_red_sandstone":2,"minecraft:jungle_leaves":6,"minecraft:obsidian":1,"minecraft:granite":38,"minecraft:red_sand":6,"minecraft:chiseled_polished_blackstone":7,"minecraft:acacia_log":7,"minecraft:deepslate_tile_wall":4,"minecraft:stone_brick_wall":7,"minecraft:brown_wool":2,"minecraft:jungle_log":43,"minecraft:orange_candle":1,"minecraft:deepslate_bricks":134,"minecraft:deepslate_tile_stairs":9,"minecraft:spawner":32,"minecraft:polished_blackstone_bricks":16,"minecraft:weeping_vines_plant":3,"minecraft:tall_seagrass":1,"minecraft:fire":3,"minecraft:barrel":2,"minecraft:cobbled_deepslate":16,"minecraft:moss_carpet":2,"minecraft:deepslate_lapis_ore":15,"minecraft:enchanting_table":6,"minecraft:cave_vines":1,"minecraft:polished_deepslate_slab":11,"quark:limestone":27,"minecraft:deepslate_brick_stairs":10,"minecraft:green_carpet":2,"minecraft:smooth_sandstone_stairs":8,"minecraft:orange_bed":1,"minecraft:cut_sandstone":65,"minecraft:red_bed":3,"minecraft:smoker":2,"minecraft:crimson_nylium":1,"minecraft:deepslate_tile_slab":10,"minecraft:torch":1,"minecraft:note_block":1,"minecraft:blast_furnace":3,"minecraft:melon":34,"minecraft:white_stained_glass_pane":7,"minecraft:dead_bush":10,"quark:blossom_log":7,"minecraft:spruce_wall_sign":5,"minecraft:white_candle":1,"minecraft:cyan_bed":3,"minecraft:sugar_cane":29,"minecraft:smooth_sandstone_slab":4,"minecraft:skeleton_skull":1,"minecraft:chain":3,"minecraft:repeater":1,"minecraft:mud":17,"minecraft:wheat":10,"minecraft:magenta_bed":5,"minecraft:black_bed":1,"born_in_chaos_v1:black_argillite_brick":2,"minecraft:stone_brick_stairs":16,"minecraft:grass":57,"minecraft:infested_mossy_stone_bricks":1,"minecraft:mangrove_log":2,"quark:indigo_corundum_cluster":4,"minecraft:cut_red_sandstone":3,"minecraft:piston":1,"minecraft:deepslate":136,"minecraft:yellow_terracotta":20,"minecraft:deepslate_tiles":36,"minecraft:light_gray_stained_glass_pane":10,"minecraft:mossy_cobblestone":10,"minecraft:dark_oak_log":8,"minecraft:purple_candle":1,"minecraft:nether_bricks":3,"minecraft:dark_oak_fence":2,"minecraft:jungle_planks":9,"born_in_chaos_v1:black_argillite":1,"minecraft:stripped_jungle_wood":1,"minecraft:crimson_roots":10,"graveyard:tg_deepslate":19,"minecraft:redstone_wire":2,"minecraft:moss_block":7,"minecraft:packed_mud":1,"graveyard:tg_moss_block":3,"minecraft:acacia_wood":7,"minecraft:andesite":23,"minecraft:mossy_stone_brick_stairs":2,"minecraft:vine":22,"minecraft:rail":1,"minecraft:bamboo":14,"irons_spellbooks:inscription_table":1,"minecraft:white_wool":10,"minecraft:light_gray_carpet":5,"minecraft:mangrove_stairs":13,"minecraft:redstone_block":3,"minecraft:soul_sand":13,"quark:oak_chest":4,"minecraft:stone_brick_slab":11,"minecraft:smooth_sandstone":7,"graveyard:tg_rooted_dirt":2,"minecraft:campfire":1,"minecraft:copper_ore":13,"minecraft:tall_grass":1,"minecraft:dried_kelp_block":1,"minecraft:cracked_deepslate_bricks":34,"minecraft:diorite":20,"minecraft:purple_bed":1,"minecraft:coarse_dirt":2,"minecraft:trapped_chest":2,"graveyard:vase_block":4,"minecraft:spruce_log":5,"minecraft:birch_leaves":3,"minecraft:magenta_candle":3,"minecraft:mangrove_leaves":39,"minecraft:gravel":17,"minecraft:dripstone_block":4,"minecraft:cobweb":68,"quark:crimson_chest":2,"minecraft:polished_blackstone":16,"minecraft:stone_bricks":177,"minecraft:deepslate_emerald_ore":1,"minecraft:fern":4,"minecraft:large_amethyst_bud":1,"minecraft:spruce_planks":11,"minecraft:stone_pressure_plate":2,"graveyard:tg_coarse_dirt":1,"minecraft:mossy_stone_brick_slab":1,"minecraft:cobbled_deepslate_stairs":2,"minecraft:cobblestone_stairs":1,"minecraft:spruce_trapdoor":2,"minecraft:stripped_crimson_hyphae":1,"minecraft:grass_block":24,"minecraft:mangrove_fence":4,"minecraft:cracked_polished_blackstone_bricks":17,"minecraft:soul_soil":1,"minecraft:frosted_ice":1,"minecraft:polished_blackstone_pressure_plate":1,"minecraft:gilded_blackstone":1,"iceandfire:crackled_cobblestone":1,"minecraft:smooth_stone":1,"minecraft:iron_ore":64,"born_in_chaos_v1:black_argillite_brick_slab":4,"minecraft:anvil":1,"iceandfire:crackled_dirt":7,"minecraft:brown_bed":1,"minecraft:pointed_dripstone":3,"chococraft:gysahl_green":43,"minecraft:skeleton_wall_skull":1,"minecraft:flowering_azalea_leaves":1,"minecraft:iron_bars":9,"quark:indigo_corundum":1,"minecraft:azalea":1,"graveyard:wither_skull_pile":1,"minecraft:spruce_slab":6,"minecraft:green_bed":4,"minecraft:gray_terracotta":1,"minecraft:blackstone":8,"minecraft:polished_deepslate_stairs":10,"minecraft:orange_terracotta":1,"minecraft:chest":6,"minecraft:cobblestone":42,"graveyard:skeleton_hand":2,"minecraft:slime_block":2,"graveyard:lying_skeleton":2,"minecraft:oak_planks":31,"minecraft:iron_door":2,"minecraft:wall_torch":2,"minecraft:cauldron":1,"minecraft:seagrass":1,"minecraft:dark_oak_slab":1,"minecraft:warped_planks":13,"minecraft:nether_wart_block":11,"minecraft:light_gray_wool":3,"minecraft:tnt":106,"minecraft:smooth_stone_slab":3,"minecraft:cracked_deepslate_tiles":7,"graveyard:creeper_skeleton":1,"minecraft:oak_log":11,"minecraft:sand":194,"minecraft:dirt":51,"minecraft:crimson_planks":1,"structure_gel:dynamic_spawner":1,"minecraft:wither_skeleton_skull":1,"minecraft:tripwire_hook":2,"minecraft:dispenser":6,"minecraft:netherrack":57,"minecraft:oak_leaves":29,"minecraft:emerald_block":1,"minecraft:nether_gold_ore":1,"minecraft:red_carpet":1,"minecraft:tuff":41,"minecraft:candle_cake":1,"minecraft:stripped_mangrove_log":3,"minecraft:deepslate_diamond_ore":12,"minecraft:candle":2,"minecraft:mangrove_roots":20,"iceandfire:crackled_gravel":5,"minecraft:dark_oak_pressure_plate":1,"minecraft:purple_terracotta":3,"minecraft:black_banner":2,"minecraft:brick_stairs":2,"minecraft:weeping_vines":1,"minecraft:spruce_leaves":3,"minecraft:mangrove_propagule":2,"minecraft:sandstone":29,"quark:jasper":10,"minecraft:crimson_stem":21,"minecraft:large_fern":2,"minecraft:hay_block":59,"minecraft:deepslate_brick_slab":2,"graveyard:soul_fire_brazier":4,"minecraft:furnace":2,"minecraft:waxed_oxidized_cut_copper_slab":3,"iceandfire:crackled_grass":3,"minecraft:dark_oak_fence_gate":4,"minecraft:chiseled_deepslate":6,"minecraft:gold_block":1,"minecraft:polished_deepslate":5,"minecraft:bookshelf":9,"minecraft:deepslate_iron_ore":2,"minecraft:stone":474,"minecraft:acacia_leaves":2,"minecraft:stripped_dark_oak_log":25,"minecraft:basalt":3,"minecraft:polished_granite":2,"graveyard:small_light_gray_urn":1,"minecraft:crafting_table":8,"minecraft:light_gray_wall_banner":1,"graveyard:tg_grass_block":3,"born_in_chaos_v1:chipped_black_argillite_brick":3,"minecraft:lapis_ore":7,"minecraft:polished_blackstone_brick_stairs":1,"minecraft:spruce_stairs":3,"minecraft:lime_bed":1,"minecraft:brick_slab":2,"iceandfire:ash":3,"minecraft:mangrove_planks":10,"minecraft:yellow_bed":1,"minecraft:warped_hyphae":1,"minecraft:coal_ore":123,"graveyard:leaning_skeleton":2,"minecraft:cracked_stone_bricks":64,"minecraft:terracotta":20,"minecraft:polished_andesite":5,"minecraft:mossy_stone_bricks":9,"minecraft:crimson_hyphae":4},"minecraft:used":{"minecraft:polished_blackstone":9,"minecraft:chest":6,"minecraft:soul_sand":5,"minecraft:lava_bucket":35,"iceandfire:crackled_gravel":19,"minecraft:bow":19,"minecraft:dark_oak_boat":4,"minecraft:oak_sapling":1,"minecraft:furnace":2,"minecraft:egg":1,"minecraft:mossy_stone_bricks":1,"minecraft:leather_leggings":1,"minecraft:diorite":8,"minecraft:leather_chestplate":1,"minecraft:wooden_pickaxe":207,"minecraft:golden_apple":14,"minecraft:sand":179,"minecraft:blast_furnace":3,"minecraft:deepslate_tiles":1,"minecraft:polished_granite":1,"minecraft:diamond_sword":229,"minecraft:wooden_sword":35,"minecraft:enchanting_table":5,"minecraft:stone_sword":295,"minecraft:acacia_log":1,"minecraft:netherrack":356,"minecraft:orange_bed":1,"minecraft:torch":76,"minecraft:anvil":1,"iceandfire:copper_sword":20,"minecraft:jungle_log":21,"minecraft:barrel":1,"minecraft:cobbled_deepslate":42,"minecraft:water_bucket":11,"minecraft:smooth_sandstone_slab":1,"minecraft:deepslate_bricks":85,"minecraft:cracked_stone_bricks":24,"minecraft:polished_blackstone_bricks":1,"graveyard:bone_dagger":1,"minecraft:polished_deepslate_slab":1,"minecraft:mossy_cobblestone":3,"minecraft:tnt":94,"minecraft:crafting_table":20,"minecraft:red_bed":3,"minecraft:dark_oak_fence_gate":1,"minecraft:mud":6,"minecraft:diamond_pickaxe":343,"chococraft:gysahl_green_seeds":2,"minecraft:iron_pickaxe":1223,"minecraft:suspicious_stew":1,"quark:crimson_chest":2,"minecraft:cobblestone":323,"minecraft:cooked_porkchop":24,"quark:oak_chest":3,"iceandfire:tide_trident":1,"minecraft:red_sand":4,"minecraft:shield":242,"minecraft:iron_sword":639,"minecraft:iron_chestplate":3,"minecraft:jungle_planks":72,"minecraft:carrot":16,"minecraft:obsidian":1,"born_in_chaos_v1:corpse_maggot":7,"minecraft:packed_mud":1,"minecraft:iron_helmet":4,"minecraft:stone_bricks":34,"minecraft:mangrove_roots":4,"minecraft:skeleton_skull":1,"minecraft:stone_pickaxe":494,"minecraft:oak_planks":234,"minecraft:mangrove_planks":1,"minecraft:sandstone":25,"minecraft:yellow_terracotta":19,"minecraft:light_gray_terracotta":5,"minecraft:crossbow":2,"minecraft:black_bed":1,"minecraft:melon_slice":154,"minecraft:bread":101,"minecraft:cyan_bed":3,"minecraft:brown_wool":1,"minecraft:stripped_warped_hyphae":6,"born_in_chaos_v1:rotten_fish":2,"naturalist:cooked_duck":3,"chococraft:gysahl_green":82,"minecraft:golden_pickaxe":4,"minecraft:netherite_sword":331,"minecraft:cracked_deepslate_bricks":1,"minecraft:flint_and_steel":25,"minecraft:spruce_planks":6,"minecraft:cooked_chicken":3,"iceandfire:armor_copper_metal_boots":1,"minecraft:spyglass":1,"minecraft:dirt":41,"minecraft:granite":24,"minecraft:dark_oak_planks":66,"minecraft:wooden_axe":108,"minecraft:smooth_sandstone":5,"iceandfire:crackled_dirt":7,"minecraft:iron_boots":2,"minecraft:crimson_planks":9,"minecraft:golden_carrot":13,"minecraft:cooked_beef":4,"minecraft:enchanted_golden_apple":3,"minecraft:iron_leggings":5,"minecraft:brown_bed":1,"minecraft:polished_andesite":3,"minecraft:cut_sandstone":50,"minecraft:green_bed":4,"minecraft:stripped_dark_oak_log":1,"minecraft:terracotta":19,"quark:acacia_chest":1,"minecraft:lime_bed":1,"minecraft:magenta_bed":6,"graveyard:soul_fire_brazier":3,"minecraft:warped_planks":29,"minecraft:smoker":2,"minecraft:apple":1,"minecraft:cracked_polished_blackstone_bricks":4,"minecraft:netherite_axe":5,"minecraft:bucket":47,"minecraft:yellow_bed":1,"alexsmobs:animal_dictionary":2,"alexsmobs:emu_egg":6,"irons_spellbooks:inscription_table":1},"minecraft:picked_up":{"minecraft:wooden_axe":1,"minecraft:iron_chestplate":5,"minecraft:anvil":1,"minecraft:brown_bed":1,"minecraft:enchanted_book":5,"minecraft:dark_oak_pressure_plate":1,"minecraft:string":73,"minecraft:polished_deepslate":4,"minecraft:polished_blackstone_brick_stairs":1,"alexsmobs:blood_sprayer":1,"minecraft:diamond_leggings":1,"minecraft:gold_nugget":49,"minecraft:cobbled_deepslate":157,"minecraft:spruce_planks":7,"minecraft:melon_slice":169,"minecraft:mangrove_log":1,"born_in_chaos_v1:shattered_skull":1,"minecraft:big_dripleaf":12,"minecraft:green_bed":6,"minecraft:acacia_log":7,"quark:blossom_log":7,"iceandfire:lightning_dragon_flesh":9,"minecraft:warped_planks":14,"minecraft:deepslate_tile_stairs":5,"minecraft:cauldron":1,"minecraft:orange_bed":1,"minecraft:iron_bars":1,"iceandfire:dragonscales_black":13,"minecraft:magma_block":2,"minecraft:feather":6,"minecraft:iron_door":1,"minecraft:water_bucket":1,"minecraft:jungle_log":45,"minecraft:brown_wool":3,"minecraft:dark_oak_boat":3,"minecraft:smoker":3,"minecraft:flint":2,"minecraft:magenta_bed":7,"minecraft:glowstone_dust":48,"minecraft:moss_block":11,"minecraft:magenta_candle":9,"irons_spellbooks:frostward_ring":1,"iceandfire:dragon_skull_fire":2,"minecraft:red_terracotta":1,"iceandfire:lightning_dragon_heart":2,"minecraft:trapped_chest":2,"minecraft:dark_oak_log":8,"minecraft:barrel":2,"naturalist:duck_egg":2,"quark:jasper":7,"minecraft:polished_andesite":3,"minecraft:dispenser":3,"alexsmobs:guster_eye":1,"minecraft:granite":28,"minecraft:bread":35,"born_in_chaos_v1:rotten_fish":4,"minecraft:light_gray_carpet":8,"minecraft:dark_oak_fence":2,"minecraft:crimson_roots":13,"minecraft:diamond_pickaxe":3,"minecraft:coarse_dirt":1,"iceandfire:dragon_skull_lightning":2,"minecraft:mud":19,"minecraft:crafting_table":8,"iceandfire:witherbone":4,"minecraft:clay_ball":19,"minecraft:stripped_mangrove_log":3,"minecraft:red_bed":3,"minecraft:flint_and_steel":2,"born_in_chaos_v1:intoxicating_decoction":1,"minecraft:iron_shovel":1,"graveyard:soul_fire_brazier":4,"minecraft:cracked_stone_bricks":82,"minecraft:beef":4,"minecraft:jungle_sapling":1,"minecraft:iron_nugget":15,"minecraft:spruce_slab":8,"minecraft:chest":5,"minecraft:piston":1,"minecraft:egg":2,"minecraft:polished_deepslate_slab":1,"minecraft:sandstone":25,"naturalist:duck":3,"minecraft:fire_charge":2,"iceandfire:armor_copper_metal_boots":1,"minecraft:carrot":2,"minecraft:redstone":7,"minecraft:netherite_pickaxe":1,"minecraft:tnt":208,"minecraft:deepslate_bricks":119,"minecraft:hay_block":55,"minecraft:cracked_deepslate_bricks":29,"minecraft:yellow_terracotta":19,"quark:indigo_corundum_cluster":5,"minecraft:polished_blackstone":9,"minecraft:white_wool":8,"irons_spellbooks:ancient_knowledge_fragment":2,"minecraft:rail":4,"minecraft:lime_bed":1,"minecraft:smooth_red_sandstone":6,"iceandfire:sea_serpent_fang":3,"minecraft:tripwire_hook":2,"minecraft:red_mushroom":1,"minecraft:acacia_wood":7,"minecraft:filled_map":3,"minecraft:packed_mud":1,"graveyard:small_light_gray_urn":1,"minecraft:oak_log":14,"minecraft:golden_boots":1,"quark:limestone":27,"alexsmobs:mosquito_proboscis":3,"chococraft:chocobo_feather":1,"chococraft:gysahl_green":122,"minecraft:apple":1,"minecraft:stone_bricks":138,"mowziesmobs:foliaath_seed":2,"minecraft:cobweb":20,"minecraft:glass_bottle":8,"minecraft:mangrove_planks":2,"minecraft:iron_sword":4,"iceandfire:copper_nugget":54,"minecraft:dark_oak_slab":1,"born_in_chaos_v1:ethereal_spirit":1,"minecraft:gravel":15,"minecraft:orange_candle":3,"minecraft:spruce_log":7,"minecraft:crying_obsidian":1,"minecraft:melon_seeds":1,"minecraft:stripped_dark_oak_log":18,"minecraft:mangrove_propagule":9,"minecraft:ender_pearl":18,"irons_spellbooks:scroll":8,"minecraft:chiseled_deepslate":4,"chococraft:loverly_gysahl_green":6,"minecraft:wheat":26,"minecraft:redstone_block":3,"minecraft:stone_brick_stairs":5,"minecraft:crimson_planks":1,"minecraft:raw_copper":49,"minecraft:smooth_stone_slab":1,"minecraft:iron_leggings":2,"minecraft:deepslate_tiles":22,"irons_spellbooks:arcane_essence":79,"alexsmobs:blood_sac":12,"minecraft:red_sand":34,"minecraft:bucket":1,"minecraft:azalea":1,"minecraft:iron_pickaxe":3,"minecraft:deepslate_tile_wall":4,"irons_spellbooks:inscription_table":1,"minecraft:iron_boots":6,"minecraft:furnace":2,"minecraft:stick":54,"iceandfire:crackled_dirt":7,"minecraft:brown_terracotta":20,"minecraft:polished_deepslate_stairs":1,"minecraft:torch":18,"minecraft:spruce_stairs":3,"minecraft:porkchop":22,"minecraft:pointed_dripstone":2,"iceandfire:crackled_gravel":20,"minecraft:diorite":12,"born_in_chaos_v1:nightmare_claw":1,"minecraft:light_gray_banner":1,"quark:ancient_tome":2,"minecraft:mangrove_stairs":12,"minecraft:rotten_flesh":160,"iceandfire:crackled_grass":3,"alexsmobs:emu_egg":7,"minecraft:mangrove_roots":14,"minecraft:obsidian":1,"minecraft:cobblestone":673,"minecraft:crimson_hyphae":2,"minecraft:enchanting_table":6,"minecraft:black_bed":1,"minecraft:potato":2,"minecraft:tuff":18,"minecraft:wither_skeleton_skull":1,"minecraft:lapis_lazuli":131,"minecraft:dirt":127,"minecraft:polished_granite":1,"born_in_chaos_v1:monster_skin":4,"irons_spellbooks:hogskin":12,"minecraft:bone":77,"minecraft:bow":2,"minecraft:wheat_seeds":51,"minecraft:mossy_stone_bricks":25,"minecraft:bamboo":132,"minecraft:oak_planks":85,"minecraft:black_terracotta":4,"irons_spellbooks:fireward_ring":2,"minecraft:cooked_porkchop":11,"graveyard:bone_dagger":1,"minecraft:sand":234,"minecraft:jungle_planks":14,"minecraft:cyan_bed":3,"minecraft:mossy_cobblestone":4,"artifacts:plastic_drinking_hat":2,"minecraft:light_gray_terracotta":18,"minecraft:yellow_carpet":1,"born_in_chaos_v1:fire_dust":6,"minecraft:diamond":26,"minecraft:slime_block":1,"minecraft:cracked_polished_blackstone_bricks":4,"minecraft:golden_apple":7,"minecraft:bone_meal":3,"minecraft:emerald":6,"minecraft:oak_sapling":1,"minecraft:netherrack":1469,"relics:space_dissector":1,"rottencreatures:magma_rotten_flesh":1,"quark:crimson_chest":1,"minecraft:charcoal":2,"minecraft:chicken":4,"alexsmobs:roadrunner_feather":1,"minecraft:wooden_pickaxe":3,"minecraft:stone_brick_wall":1,"minecraft:gold_block":3,"minecraft:chain":1,"minecraft:shield":1,"minecraft:moss_carpet":8,"minecraft:iron_axe":3,"quark:indigo_corundum":1,"graveyard:corruption":51,"minecraft:candle":1,"minecraft:light_gray_wool":2,"minecraft:sugar_cane":70,"minecraft:spruce_trapdoor":2,"minecraft:raw_iron":72,"iceandfire:dragonbone":36,"iceandfire:deathworm_chitin_red":4,"minecraft:copper_ingot":2,"minecraft:polished_blackstone_bricks":9,"minecraft:stone_pressure_plate":1,"minecraft:purple_terracotta":3,"minecraft:dark_oak_planks":10,"minecraft:smooth_sandstone_slab":4,"minecraft:weeping_vines":3,"iceandfire:sea_serpent_scales_purple":5,"minecraft:arrow":52,"minecraft:pumpkin_pie":4,"minecraft:nether_bricks":14,"minecraft:black_banner":1,"minecraft:brick_stairs":2,"relics:reflection_necklace":1,"minecraft:skeleton_skull":3,"born_in_chaos_v1:fused_bone":2,"minecraft:cracked_deepslate_tiles":1,"born_in_chaos_v1:corpse_maggot":37,"minecraft:golden_carrot":21,"minecraft:crimson_stem":20,"minecraft:salmon":1,"minecraft:cut_sandstone":50,"minecraft:leather":6,"minecraft:chainmail_chestplate":1,"minecraft:yellow_bed":1,"minecraft:nether_wart_block":14,"minecraft:cobbled_deepslate_stairs":3,"minecraft:gunpowder":29,"minecraft:deepslate_tile_slab":9,"minecraft:smooth_sandstone":6,"chococraft:gold_gysahl":3,"minecraft:red_sandstone":1,"minecraft:iron_ingot":23,"artifacts:whoopee_cushion":4,"minecraft:acacia_sapling":1,"minecraft:soul_sand":8,"iceandfire:crackled_cobblestone":1,"sophisticatedbackpacks:diamond_backpack":1,"minecraft:book":27,"minecraft:chiseled_stone_bricks":1,"iceandfire:ash":3,"minecraft:quartz":3,"minecraft:dripstone_block":1,"minecraft:lava_bucket":5,"born_in_chaos_v1:dark_rod":2,"irons_spellbooks:blood_staff":7,"chococraft:gysahl_green_seeds":40,"minecraft:soul_torch":1,"minecraft:blast_furnace":3,"minecraft:mossy_stone_brick_slab":1,"quark:oak_chest":4,"minecraft:dark_oak_fence_gate":3,"minecraft:green_carpet":2,"minecraft:spider_eye":2,"minecraft:cut_red_sandstone":3,"minecraft:dried_kelp_block":1,"minecraft:iron_helmet":5,"minecraft:stripped_jungle_wood":1,"minecraft:waxed_oxidized_cut_copper_slab":5,"minecraft:terracotta":54,"minecraft:coal":226},"minecraft:broken":{"minecraft:golden_boots":1,"minecraft:iron_boots":1,"minecraft:iron_chestplate":1,"minecraft:iron_leggings":1,"graveyard:bone_dagger":1,"minecraft:iron_sword":1,"minecraft:netherite_helmet":1,"minecraft:stone_sword":2,"minecraft:wooden_pickaxe":1,"minecraft:shield":1,"minecraft:iron_pickaxe":2,"minecraft:iron_helmet":2,"minecraft:stone_pickaxe":2,"minecraft:diamond_boots":1,"minecraft:wooden_axe":1},"minecraft:killed":{"minecraft:cave_spider":11,"graveyard:wraith":7,"born_in_chaos_v1:siamese_skeletonsright":1,"minecraft:skeleton":35,"graveyard:acolyte":49,"minecraft:chicken":4,"minecraft:magma_cube":3,"minecraft:pillager":9,"irons_spellbooks:summoned_vex":2,"minecraft:zombie":118,"born_in_chaos_v1:corpse_fly":11,"iceandfire:sea_serpent":1,"minecraft:cow":3,"graveyard:corrupted_vindicator":6,"minecraft:vindicator":9,"minecraft:zoglin":2,"naturalist:duck":3,"born_in_chaos_v1:firelight":4,"alexsmobs:guster":4,"minecraft:husk":9,"graveyard:ghoul":4,"irons_spellbooks:citadel_keeper":1,"born_in_chaos_v1:decrepit_skeleton":8,"aquaculture:synodontis":2,"born_in_chaos_v1:dark_vortex":1,"minecraft:enderman":11,"born_in_chaos_v1:zombie_clown":1,"minecraft:witch":2,"rottencreatures:burned":4,"minecraft:spider":4,"naturalist:snail":1,"minecraft:silverfish":6,"born_in_chaos_v1:firelight_not_despawn":3,"minecraft:pig":6,"irons_spellbooks:dead_king":1,"minecraft:zombie_villager":2,"alexsmobs:crimson_mosquito":9,"born_in_chaos_v1:dread_hound":5,"minecraft:stray":1,"graveyard:corrupted_pillager":3,"born_in_chaos_v1:siamese_skeletonsleft":1,"graveyard:revenant":1,"alexsmobs:rattlesnake":1,"born_in_chaos_v1:zombie_bruiser":3,"born_in_chaos_v1:maggot":36,"alexsmobs:blue_jay":1,"minecraft:drowned":1,"born_in_chaos_v1:corpse_fish":7,"born_in_chaos_v1:swarmer":1,"born_in_chaos_v1:baby_skeleton":1,"born_in_chaos_v1:spirit_guide_assistant":1,"minecraft:bat":2,"born_in_chaos_v1:nightmare_stalker":1,"minecraft:wither_skeleton":16}},"DataVersion":3120}