{"stats":{"minecraft:picked_up":{"minecraft:chiseled_deepslate":1,"chococraft:loverly_gysahl_green":4,"minecraft:redstone_block":3,"minecraft:polished_blackstone_brick_stairs":1,"minecraft:string":4,"minecraft:raw_copper":24,"minecraft:deepslate_tiles":8,"minecraft:cobbled_deepslate":24,"minecraft:bucket":1,"minecraft:spruce_planks":7,"minecraft:deepslate_tile_wall":3,"minecraft:melon_slice":66,"minecraft:furnace":1,"minecraft:stick":3,"iceandfire:crackled_dirt":7,"minecraft:torch":1,"minecraft:acacia_log":5,"minecraft:spruce_stairs":3,"quark:blossom_log":7,"iceandfire:crackled_gravel":17,"minecraft:diorite":1,"minecraft:deepslate_tile_stairs":3,"minecraft:mangrove_stairs":4,"minecraft:rotten_flesh":6,"iceandfire:crackled_grass":1,"minecraft:mangrove_roots":13,"minecraft:cobblestone":130,"minecraft:enchanting_table":1,"minecraft:magma_block":1,"minecraft:iron_door":1,"minecraft:black_bed":1,"minecraft:smoker":1,"minecraft:magenta_bed":1,"minecraft:lapis_lazuli":19,"minecraft:dirt":33,"minecraft:polished_granite":1,"minecraft:bone":21,"minecraft:wheat_seeds":17,"minecraft:mossy_stone_bricks":25,"minecraft:bamboo":64,"minecraft:moss_block":5,"minecraft:oak_planks":62,"graveyard:bone_dagger":1,"minecraft:sand":5,"minecraft:trapped_chest":1,"minecraft:barrel":2,"minecraft:mossy_cobblestone":4,"minecraft:dispenser":3,"minecraft:yellow_carpet":1,"minecraft:diamond":2,"minecraft:slime_block":1,"minecraft:cracked_polished_blackstone_bricks":4,"minecraft:granite":10,"minecraft:bread":13,"minecraft:emerald":3,"minecraft:light_gray_carpet":7,"minecraft:dark_oak_fence":2,"minecraft:charcoal":2,"minecraft:mud":10,"minecraft:crafting_table":4,"iceandfire:witherbone":1,"minecraft:stripped_mangrove_log":3,"minecraft:moss_carpet":4,"minecraft:red_bed":3,"graveyard:corruption":30,"minecraft:cracked_stone_bricks":5,"minecraft:spruce_slab":6,"minecraft:sugar_cane":7,"minecraft:chest":4,"minecraft:spruce_trapdoor":2,"minecraft:piston":1,"minecraft:raw_iron":6,"minecraft:polished_blackstone_bricks":3,"iceandfire:armor_copper_metal_boots":1,"minecraft:redstone":7,"minecraft:dark_oak_planks":10,"minecraft:arrow":18,"minecraft:pumpkin_pie":4,"minecraft:deepslate_bricks":43,"minecraft:hay_block":26,"minecraft:cracked_deepslate_bricks":13,"minecraft:polished_blackstone":9,"minecraft:brick_stairs":2,"minecraft:skeleton_skull":1,"minecraft:leather":6,"minecraft:red_mushroom":1,"minecraft:filled_map":2,"graveyard:small_light_gray_urn":1,"minecraft:oak_log":7,"minecraft:cobbled_deepslate_stairs":1,"minecraft:nether_wart_block":6,"minecraft:deepslate_tile_slab":3,"quark:limestone":27,"chococraft:chocobo_feather":1,"chococraft:gysahl_green":81,"minecraft:stone_bricks":33,"chococraft:gold_gysahl":3,"minecraft:cobweb":4,"minecraft:glass_bottle":8,"minecraft:mangrove_planks":1,"minecraft:acacia_sapling":1,"iceandfire:crackled_cobblestone":1,"minecraft:book":27,"iceandfire:copper_nugget":28,"minecraft:chiseled_stone_bricks":1,"minecraft:lava_bucket":3,"chococraft:gysahl_green_seeds":26,"minecraft:spruce_log":5,"minecraft:orange_candle":3,"minecraft:dark_oak_fence_gate":3,"minecraft:dried_kelp_block":1,"minecraft:iron_helmet":1,"minecraft:waxed_oxidized_cut_copper_slab":5,"minecraft:coal":5,"minecraft:stripped_dark_oak_log":18,"minecraft:mangrove_propagule":9},"minecraft:killed":{"rottencreatures:burned":1,"naturalist:snail":1,"minecraft:skeleton":12,"graveyard:acolyte":44,"minecraft:silverfish":6,"minecraft:zombie_villager":1,"minecraft:zombie":6,"minecraft:stray":1,"alexsmobs:blue_jay":1,"minecraft:wither_skeleton":1,"minecraft:enderman":1},"minecraft:mined":{"minecraft:dark_oak_planks":12,"minecraft:large_amethyst_bud":1,"minecraft:spruce_planks":11,"minecraft:cobbled_deepslate_stairs":1,"minecraft:jungle_leaves":5,"minecraft:spruce_trapdoor":2,"minecraft:granite":10,"minecraft:acacia_log":6,"minecraft:deepslate_tile_wall":3,"minecraft:grass_block":12,"minecraft:mangrove_fence":4,"minecraft:cracked_polished_blackstone_bricks":4,"minecraft:orange_candle":1,"minecraft:deepslate_bricks":46,"minecraft:deepslate_tile_stairs":6,"minecraft:spawner":7,"iceandfire:crackled_cobblestone":1,"minecraft:polished_blackstone_bricks":4,"minecraft:cobbled_deepslate":7,"minecraft:iron_ore":6,"minecraft:barrel":2,"minecraft:moss_carpet":2,"iceandfire:crackled_dirt":7,"minecraft:enchanting_table":1,"chococraft:gysahl_green":26,"minecraft:iron_bars":7,"quark:limestone":27,"graveyard:wither_skull_pile":1,"minecraft:spruce_slab":5,"minecraft:red_bed":3,"minecraft:crimson_nylium":1,"minecraft:smoker":1,"minecraft:deepslate_tile_slab":4,"minecraft:note_block":1,"minecraft:melon":12,"minecraft:chest":5,"minecraft:white_stained_glass_pane":7,"quark:blossom_log":7,"minecraft:cobblestone":20,"minecraft:slime_block":2,"minecraft:oak_planks":16,"minecraft:sugar_cane":2,"minecraft:iron_door":2,"minecraft:wall_torch":1,"minecraft:repeater":1,"minecraft:mud":10,"minecraft:nether_wart_block":6,"minecraft:magenta_bed":1,"minecraft:black_bed":1,"minecraft:grass":33,"minecraft:infested_mossy_stone_bricks":1,"graveyard:creeper_skeleton":1,"minecraft:oak_log":7,"minecraft:sand":5,"minecraft:dirt":6,"minecraft:dispenser":4,"minecraft:piston":1,"minecraft:oak_leaves":23,"minecraft:deepslate_tiles":13,"minecraft:light_gray_stained_glass_pane":10,"minecraft:mossy_cobblestone":4,"minecraft:stripped_mangrove_log":3,"minecraft:deepslate_diamond_ore":2,"minecraft:mangrove_roots":18,"iceandfire:crackled_gravel":5,"minecraft:dark_oak_fence":2,"minecraft:brick_stairs":2,"graveyard:tg_deepslate":19,"minecraft:redstone_wire":2,"minecraft:spruce_leaves":3,"minecraft:moss_block":4,"minecraft:mangrove_propagule":2,"minecraft:large_fern":2,"minecraft:hay_block":30,"minecraft:deepslate_brick_slab":1,"minecraft:furnace":1,"graveyard:tg_moss_block":3,"minecraft:waxed_oxidized_cut_copper_slab":3,"iceandfire:crackled_grass":1,"minecraft:dark_oak_fence_gate":4,"minecraft:chiseled_deepslate":1,"minecraft:bookshelf":9,"minecraft:vine":13,"minecraft:bamboo":6,"minecraft:stone":124,"minecraft:light_gray_carpet":3,"minecraft:acacia_leaves":2,"minecraft:mangrove_stairs":5,"minecraft:redstone_block":3,"minecraft:stripped_dark_oak_log":25,"minecraft:stone_brick_slab":1,"minecraft:polished_granite":1,"graveyard:small_light_gray_urn":1,"minecraft:crafting_table":4,"minecraft:campfire":1,"minecraft:copper_ore":7,"graveyard:tg_grass_block":3,"minecraft:dried_kelp_block":1,"minecraft:lapis_ore":3,"minecraft:polished_blackstone_brick_stairs":1,"minecraft:cracked_deepslate_bricks":18,"minecraft:diorite":4,"minecraft:spruce_stairs":3,"minecraft:purple_bed":1,"minecraft:trapped_chest":2,"graveyard:vase_block":3,"minecraft:spruce_log":5,"minecraft:birch_leaves":3,"minecraft:mangrove_planks":8,"minecraft:mangrove_leaves":36,"minecraft:coal_ore":5,"graveyard:leaning_skeleton":2,"minecraft:cobweb":5,"minecraft:cracked_stone_bricks":2,"minecraft:polished_blackstone":9,"minecraft:stone_bricks":17,"minecraft:mossy_stone_bricks":5,"minecraft:deepslate_emerald_ore":1,"minecraft:fern":3},"minecraft:killed_by":{"minecraft:creeper":1,"graveyard:acolyte":7,"iceandfire:stymphalian_bird":1,"minecraft:silverfish":1,"alexsmobs:rhinoceros":1,"minecraft:stray":1,"minecraft:skeleton":1,"iceandfire:lightning_dragon":1},"minecraft:crafted":{"minecraft:oak_planks":28,"minecraft:crafting_table":6,"minecraft:spruce_planks":8,"minecraft:wooden_pickaxe":2,"minecraft:shield":1,"minecraft:stick":32,"quark:oak_chest":1,"minecraft:iron_ingot":2,"minecraft:stone_sword":2,"minecraft:wooden_sword":1,"quark:acacia_chest":1,"minecraft:stone_pickaxe":2,"minecraft:dark_oak_planks":64,"minecraft:iron_sword":1,"minecraft:mangrove_planks":12,"minecraft:wooden_axe":2,"minecraft:acacia_planks":20},"minecraft:broken":{"minecraft:stone_pickaxe":2,"graveyard:bone_dagger":1,"minecraft:wooden_axe":1,"minecraft:stone_sword":2},"minecraft:custom":{"minecraft:interact_with_crafting_table":21,"minecraft:open_barrel":47,"minecraft:time_since_death":39305,"minecraft:damage_resisted":12,"minecraft:sprint_one_cm":278875,"minecraft:damage_blocked_by_shield":1420,"minecraft:drop":56,"minecraft:play_noteblock":3,"minecraft:talked_to_villager":2,"minecraft:play_time":233768,"minecraft:deaths":14,"minecraft:jump":2126,"minecraft:walk_on_water_one_cm":73185,"minecraft:interact_with_furnace":3,"minecraft:sleep_in_bed":5,"minecraft:damage_dealt":13589,"minecraft:crouch_one_cm":47621,"minecraft:interact_with_smoker":1,"minecraft:inspect_dispenser":1,"minecraft:mob_kills":76,"minecraft:climb_one_cm":17852,"minecraft:walk_one_cm":780546,"minecraft:sneak_time":20973,"minecraft:walk_under_water_one_cm":18623,"minecraft:total_world_time":233768,"minecraft:time_since_rest":39370,"minecraft:damage_taken":6438,"minecraft:damage_absorbed":27,"minecraft:trigger_trapped_chest":19,"minecraft:swim_one_cm":143823,"minecraft:fly_one_cm":62106,"minecraft:open_chest":75,"minecraft:fall_one_cm":28141},"minecraft:used":{"minecraft:polished_blackstone":9,"minecraft:chest":4,"minecraft:shield":184,"minecraft:iron_sword":66,"minecraft:iron_chestplate":1,"minecraft:carrot":14,"minecraft:lava_bucket":9,"iceandfire:crackled_gravel":16,"minecraft:iron_helmet":1,"minecraft:stone_bricks":31,"minecraft:mangrove_roots":4,"minecraft:furnace":1,"minecraft:mossy_stone_bricks":1,"minecraft:diorite":1,"minecraft:stone_pickaxe":254,"minecraft:oak_planks":99,"minecraft:wooden_pickaxe":96,"minecraft:golden_apple":1,"minecraft:black_bed":1,"minecraft:bread":6,"minecraft:melon_slice":46,"minecraft:polished_granite":1,"chococraft:gysahl_green":60,"minecraft:stone_sword":230,"minecraft:spruce_planks":6,"minecraft:torch":5,"iceandfire:armor_copper_metal_boots":1,"minecraft:dirt":5,"iceandfire:copper_sword":16,"minecraft:granite":10,"minecraft:wooden_axe":48,"minecraft:dark_oak_planks":63,"iceandfire:crackled_dirt":7,"minecraft:barrel":1,"minecraft:cobbled_deepslate":5,"minecraft:enchanted_golden_apple":1,"minecraft:iron_leggings":1,"minecraft:deepslate_bricks":26,"minecraft:polished_blackstone_bricks":1,"minecraft:cracked_stone_bricks":1,"graveyard:bone_dagger":1,"minecraft:mossy_cobblestone":3,"minecraft:stripped_dark_oak_log":1,"minecraft:crafting_table":10,"minecraft:red_bed":3,"quark:acacia_chest":1,"minecraft:dark_oak_fence_gate":1,"minecraft:smoker":1,"minecraft:mud":2,"chococraft:gysahl_green_seeds":2,"minecraft:cracked_polished_blackstone_bricks":4,"minecraft:iron_pickaxe":141,"minecraft:cobblestone":90,"minecraft:bucket":9,"quark:oak_chest":1,"alexsmobs:animal_dictionary":2},"minecraft:dropped":{"minecraft:piston":1,"minecraft:moss_block":1,"chococraft:loverly_gysahl_green":1,"minecraft:glass_bottle":8,"minecraft:jungle_planks":3,"minecraft:cracked_stone_bricks":4,"minecraft:red_mushroom":1,"minecraft:emerald":2,"minecraft:dirt":6,"minecraft:dark_oak_fence":2,"minecraft:dispenser":2,"minecraft:mangrove_stairs":4,"iceandfire:armor_copper_metal_boots":1,"minecraft:polished_blackstone_bricks":1,"minecraft:bone":6,"minecraft:mangrove_roots":4,"minecraft:cobbled_deepslate":18,"minecraft:rotten_flesh":4,"minecraft:oak_planks":6,"minecraft:light_gray_carpet":3,"minecraft:dark_oak_fence_gate":2,"minecraft:chiseled_deepslate":1,"minecraft:chiseled_stone_bricks":1,"minecraft:acacia_sapling":1,"minecraft:spruce_slab":2,"minecraft:arrow":1,"minecraft:wheat_seeds":10,"chococraft:gold_gysahl":1,"minecraft:mossy_cobblestone":1,"minecraft:mangrove_propagule":3,"minecraft:iron_helmet":2,"minecraft:stick":16,"minecraft:cobweb":4,"quark:blossom_log":7,"minecraft:iron_door":1,"minecraft:trapped_chest":1,"minecraft:acacia_planks":1,"minecraft:redstone_block":2,"minecraft:spruce_planks":1,"minecraft:stone_bricks":1,"minecraft:wooden_pickaxe":1,"minecraft:cracked_deepslate_bricks":1}},"DataVersion":3120}