{"stats":{"minecraft:broken":{"minecraft:stone_sword":1,"minecraft:wooden_axe":1},"minecraft:mined":{"minecraft:dark_oak_planks":4,"minecraft:deepslate_tiles":2,"minecraft:spruce_planks":7,"minecraft:light_gray_stained_glass_pane":6,"minecraft:mossy_cobblestone":1,"minecraft:cobbled_deepslate_stairs":1,"minecraft:mangrove_roots":6,"minecraft:spruce_trapdoor":1,"minecraft:granite":2,"minecraft:dark_oak_fence":1,"minecraft:acacia_log":6,"minecraft:grass_block":1,"minecraft:brick_stairs":2,"graveyard:tg_deepslate":19,"minecraft:cracked_polished_blackstone_bricks":4,"minecraft:redstone_wire":1,"minecraft:orange_candle":1,"minecraft:deepslate_tile_stairs":2,"minecraft:spruce_leaves":1,"minecraft:moss_block":2,"minecraft:mangrove_propagule":1,"minecraft:spawner":1,"minecraft:large_fern":2,"minecraft:hay_block":3,"minecraft:polished_blackstone_bricks":4,"minecraft:furnace":1,"graveyard:tg_moss_block":1,"minecraft:cobbled_deepslate":7,"minecraft:barrel":2,"minecraft:waxed_oxidized_cut_copper_slab":3,"minecraft:dark_oak_fence_gate":4,"minecraft:moss_carpet":2,"chococraft:gysahl_green":22,"minecraft:vine":1,"minecraft:iron_bars":7,"minecraft:stone":51,"minecraft:spruce_slab":4,"minecraft:acacia_leaves":2,"minecraft:red_bed":3,"minecraft:smoker":1,"minecraft:crimson_nylium":1,"minecraft:stripped_dark_oak_log":23,"graveyard:small_light_gray_urn":1,"minecraft:crafting_table":4,"minecraft:note_block":1,"minecraft:chest":1,"minecraft:white_stained_glass_pane":6,"minecraft:campfire":1,"quark:blossom_log":7,"graveyard:tg_grass_block":3,"minecraft:cobblestone":14,"minecraft:slime_block":2,"minecraft:dried_kelp_block":1,"minecraft:polished_blackstone_brick_stairs":1,"minecraft:diorite":4,"minecraft:iron_door":2,"minecraft:spruce_stairs":3,"graveyard:vase_block":1,"minecraft:nether_wart_block":6,"minecraft:spruce_log":5,"minecraft:birch_leaves":3,"minecraft:mangrove_leaves":7,"minecraft:grass":13,"graveyard:creeper_skeleton":1,"minecraft:oak_log":7,"minecraft:coal_ore":5,"graveyard:leaning_skeleton":2,"minecraft:cobweb":2,"minecraft:cracked_stone_bricks":1,"minecraft:polished_blackstone":9,"minecraft:stone_bricks":10,"minecraft:mossy_stone_bricks":1,"minecraft:oak_leaves":12},"minecraft:killed_by":{"minecraft:creeper":1,"graveyard:acolyte":6,"alexsmobs:rhinoceros":1},"minecraft:crafted":{"minecraft:wooden_sword":1,"minecraft:oak_planks":28,"quark:acacia_chest":1,"minecraft:stone_pickaxe":1,"minecraft:dark_oak_planks":64,"minecraft:crafting_table":3,"minecraft:spruce_planks":8,"minecraft:wooden_pickaxe":1,"minecraft:shield":1,"minecraft:stick":24,"minecraft:iron_ingot":2,"minecraft:wooden_axe":2,"minecraft:stone_sword":2,"minecraft:acacia_planks":20},"minecraft:used":{"minecraft:stone_sword":173,"minecraft:polished_blackstone":9,"minecraft:spruce_planks":4,"minecraft:iron_chestplate":1,"minecraft:dirt":1,"minecraft:carrot":3,"minecraft:granite":2,"minecraft:dark_oak_planks":34,"minecraft:wooden_axe":48,"minecraft:iron_helmet":1,"minecraft:barrel":1,"minecraft:stone_bricks":10,"minecraft:furnace":1,"minecraft:cobbled_deepslate":5,"minecraft:iron_leggings":1,"minecraft:diorite":1,"minecraft:stone_pickaxe":123,"minecraft:oak_planks":13,"minecraft:wooden_pickaxe":60,"minecraft:polished_blackstone_bricks":1,"minecraft:golden_apple":1,"minecraft:stripped_dark_oak_log":1,"minecraft:crafting_table":6,"minecraft:red_bed":3,"quark:acacia_chest":1,"minecraft:dark_oak_fence_gate":1,"chococraft:gysahl_green_seeds":1,"minecraft:cracked_polished_blackstone_bricks":4,"minecraft:cobblestone":48,"chococraft:gysahl_green":50,"alexsmobs:animal_dictionary":2},"minecraft:custom":{"minecraft:mob_kills":44,"minecraft:interact_with_crafting_table":14,"minecraft:open_barrel":23,"minecraft:time_since_death":2581,"minecraft:climb_one_cm":4567,"minecraft:sprint_one_cm":140860,"minecraft:walk_one_cm":293061,"minecraft:drop":18,"minecraft:play_noteblock":3,"minecraft:talked_to_villager":2,"minecraft:play_time":89871,"minecraft:deaths":8,"minecraft:sneak_time":4660,"minecraft:walk_under_water_one_cm":2928,"minecraft:jump":736,"minecraft:walk_on_water_one_cm":15674,"minecraft:total_world_time":89871,"minecraft:interact_with_furnace":3,"minecraft:sleep_in_bed":2,"minecraft:time_since_rest":2639,"minecraft:damage_taken":3011,"minecraft:damage_dealt":7952,"minecraft:swim_one_cm":25649,"minecraft:fly_one_cm":31964,"minecraft:open_chest":24,"minecraft:crouch_one_cm":6909,"minecraft:interact_with_smoker":1,"minecraft:fall_one_cm":10800},"minecraft:killed":{"naturalist:snail":1,"graveyard:acolyte":40,"alexsmobs:blue_jay":1,"minecraft:zombie":2},"minecraft:picked_up":{"minecraft:charcoal":2,"chococraft:loverly_gysahl_green":2,"minecraft:crafting_table":4,"minecraft:moss_carpet":3,"minecraft:string":2,"minecraft:polished_blackstone_brick_stairs":1,"minecraft:red_bed":3,"graveyard:corruption":26,"minecraft:cracked_stone_bricks":1,"minecraft:cobbled_deepslate":24,"minecraft:spruce_planks":3,"minecraft:spruce_slab":4,"minecraft:melon_slice":5,"minecraft:spruce_trapdoor":1,"minecraft:furnace":1,"minecraft:stick":1,"minecraft:acacia_log":5,"minecraft:spruce_stairs":3,"minecraft:polished_blackstone_bricks":3,"quark:blossom_log":7,"minecraft:diorite":1,"minecraft:redstone":1,"minecraft:dark_oak_planks":4,"minecraft:rotten_flesh":2,"minecraft:hay_block":3,"minecraft:mangrove_roots":1,"minecraft:polished_blackstone":9,"minecraft:brick_stairs":2,"minecraft:skeleton_skull":1,"minecraft:cobblestone":59,"minecraft:iron_door":1,"minecraft:red_mushroom":1,"minecraft:smoker":1,"graveyard:small_light_gray_urn":1,"minecraft:oak_log":7,"minecraft:cobbled_deepslate_stairs":1,"minecraft:nether_wart_block":6,"minecraft:dirt":12,"chococraft:chocobo_feather":1,"minecraft:bone":7,"chococraft:gysahl_green":70,"minecraft:stone_bricks":10,"chococraft:gold_gysahl":2,"minecraft:wheat_seeds":13,"minecraft:mossy_stone_bricks":1,"minecraft:glass_bottle":8,"minecraft:moss_block":3,"minecraft:acacia_sapling":1,"graveyard:bone_dagger":1,"chococraft:gysahl_green_seeds":22,"minecraft:orange_candle":3,"minecraft:spruce_log":5,"minecraft:dark_oak_fence_gate":3,"minecraft:barrel":2,"minecraft:mossy_cobblestone":1,"minecraft:dried_kelp_block":1,"minecraft:yellow_carpet":1,"minecraft:slime_block":1,"minecraft:cracked_polished_blackstone_bricks":4,"minecraft:granite":2,"minecraft:emerald":1,"minecraft:waxed_oxidized_cut_copper_slab":5,"minecraft:stripped_dark_oak_log":18,"minecraft:mangrove_propagule":7,"minecraft:coal":5},"minecraft:dropped":{"minecraft:moss_block":1,"minecraft:wheat_seeds":7,"minecraft:mossy_cobblestone":1,"minecraft:glass_bottle":8,"minecraft:mangrove_propagule":3,"minecraft:cracked_stone_bricks":1,"minecraft:red_mushroom":1,"minecraft:stick":8,"minecraft:emerald":1,"quark:blossom_log":7,"minecraft:iron_door":1,"minecraft:polished_blackstone_bricks":1,"minecraft:acacia_planks":1,"minecraft:cobbled_deepslate":18,"minecraft:acacia_sapling":1,"minecraft:spruce_slab":1,"minecraft:wooden_pickaxe":1}},"DataVersion":3120}