{"stats":{"minecraft:picked_up":{"minecraft:wooden_axe":1,"minecraft:iron_chestplate":5,"minecraft:anvil":1,"minecraft:enchanted_book":5,"minecraft:polished_deepslate":4,"alexsmobs:blood_sprayer":1,"minecraft:polished_blackstone_brick_stairs":1,"minecraft:string":13,"minecraft:diamond_leggings":1,"minecraft:gold_nugget":22,"minecraft:cobbled_deepslate":157,"minecraft:spruce_planks":7,"minecraft:melon_slice":169,"minecraft:mangrove_log":1,"minecraft:acacia_log":5,"quark:blossom_log":7,"minecraft:warped_planks":14,"minecraft:deepslate_tile_stairs":5,"minecraft:cauldron":1,"minecraft:iron_bars":1,"minecraft:magma_block":2,"minecraft:water_bucket":1,"minecraft:iron_door":1,"minecraft:jungle_log":39,"minecraft:brown_wool":3,"minecraft:smoker":1,"minecraft:flint":2,"minecraft:magenta_bed":2,"minecraft:glowstone_dust":48,"minecraft:moss_block":11,"minecraft:magenta_candle":3,"irons_spellbooks:frostward_ring":1,"minecraft:trapped_chest":1,"minecraft:barrel":2,"minecraft:dispenser":3,"minecraft:granite":10,"minecraft:bread":35,"born_in_chaos_v1:rotten_fish":2,"minecraft:light_gray_carpet":8,"minecraft:dark_oak_fence":2,"minecraft:crimson_roots":13,"minecraft:diamond_pickaxe":2,"minecraft:mud":19,"minecraft:crafting_table":7,"iceandfire:witherbone":4,"minecraft:clay_ball":19,"minecraft:stripped_mangrove_log":3,"minecraft:red_bed":3,"minecraft:flint_and_steel":1,"minecraft:iron_shovel":1,"graveyard:soul_fire_brazier":2,"minecraft:cracked_stone_bricks":82,"minecraft:jungle_sapling":1,"minecraft:iron_nugget":15,"minecraft:spruce_slab":8,"minecraft:chest":4,"minecraft:piston":1,"minecraft:polished_deepslate_slab":1,"minecraft:fire_charge":2,"iceandfire:armor_copper_metal_boots":1,"minecraft:carrot":2,"minecraft:redstone":7,"minecraft:netherite_pickaxe":1,"minecraft:tnt":135,"minecraft:deepslate_bricks":119,"minecraft:hay_block":26,"minecraft:cracked_deepslate_bricks":29,"minecraft:polished_blackstone":9,"irons_spellbooks:ancient_knowledge_fragment":2,"minecraft:rail":3,"minecraft:tripwire_hook":2,"minecraft:red_mushroom":1,"minecraft:filled_map":2,"minecraft:packed_mud":1,"graveyard:small_light_gray_urn":1,"minecraft:oak_log":13,"minecraft:golden_boots":1,"quark:limestone":27,"alexsmobs:mosquito_proboscis":3,"chococraft:chocobo_feather":1,"chococraft:gysahl_green":81,"minecraft:apple":1,"minecraft:stone_bricks":137,"mowziesmobs:foliaath_seed":2,"minecraft:cobweb":4,"minecraft:glass_bottle":8,"minecraft:mangrove_planks":2,"minecraft:iron_sword":3,"iceandfire:copper_nugget":28,"born_in_chaos_v1:ethereal_spirit":1,"minecraft:gravel":9,"minecraft:orange_candle":3,"minecraft:spruce_log":7,"minecraft:crying_obsidian":1,"minecraft:stripped_dark_oak_log":18,"minecraft:mangrove_propagule":9,"minecraft:ender_pearl":12,"irons_spellbooks:scroll":8,"minecraft:chiseled_deepslate":4,"chococraft:loverly_gysahl_green":4,"minecraft:redstone_block":3,"minecraft:stone_brick_stairs":5,"minecraft:crimson_planks":1,"minecraft:raw_copper":24,"minecraft:iron_leggings":2,"minecraft:deepslate_tiles":22,"irons_spellbooks:arcane_essence":79,"alexsmobs:blood_sac":12,"minecraft:bucket":1,"minecraft:azalea":1,"minecraft:iron_pickaxe":2,"minecraft:deepslate_tile_wall":4,"irons_spellbooks:inscription_table":1,"minecraft:furnace":2,"minecraft:iron_boots":6,"minecraft:stick":16,"iceandfire:crackled_dirt":7,"minecraft:polished_deepslate_stairs":1,"minecraft:torch":17,"minecraft:spruce_stairs":3,"minecraft:porkchop":13,"iceandfire:crackled_gravel":17,"minecraft:diorite":8,"minecraft:light_gray_banner":1,"quark:ancient_tome":2,"minecraft:mangrove_stairs":12,"minecraft:rotten_flesh":127,"iceandfire:crackled_grass":3,"minecraft:mangrove_roots":14,"minecraft:obsidian":1,"minecraft:cobblestone":431,"minecraft:crimson_hyphae":2,"minecraft:enchanting_table":5,"minecraft:black_bed":1,"minecraft:potato":2,"minecraft:tuff":18,"minecraft:wither_skeleton_skull":1,"minecraft:lapis_lazuli":99,"minecraft:dirt":85,"minecraft:polished_granite":1,"born_in_chaos_v1:monster_skin":1,"irons_spellbooks:hogskin":12,"minecraft:bone":36,"minecraft:bow":2,"minecraft:wheat_seeds":23,"minecraft:mossy_stone_bricks":25,"minecraft:bamboo":132,"minecraft:oak_planks":83,"minecraft:black_terracotta":4,"irons_spellbooks:fireward_ring":2,"minecraft:cooked_porkchop":11,"graveyard:bone_dagger":1,"minecraft:jungle_planks":9,"minecraft:sand":14,"minecraft:cyan_bed":2,"minecraft:mossy_cobblestone":4,"artifacts:plastic_drinking_hat":2,"minecraft:yellow_carpet":1,"born_in_chaos_v1:fire_dust":6,"minecraft:diamond":22,"minecraft:slime_block":1,"minecraft:cracked_polished_blackstone_bricks":4,"minecraft:golden_apple":7,"minecraft:bone_meal":3,"minecraft:emerald":3,"minecraft:oak_sapling":1,"minecraft:netherrack":1469,"relics:space_dissector":1,"rottencreatures:magma_rotten_flesh":1,"minecraft:charcoal":2,"minecraft:chicken":1,"minecraft:wooden_pickaxe":3,"minecraft:stone_brick_wall":1,"minecraft:gold_block":2,"minecraft:chain":1,"minecraft:moss_carpet":8,"minecraft:iron_axe":1,"graveyard:corruption":49,"minecraft:candle":1,"minecraft:sugar_cane":26,"minecraft:spruce_trapdoor":2,"minecraft:raw_iron":17,"minecraft:polished_blackstone_bricks":9,"minecraft:dark_oak_planks":10,"minecraft:arrow":35,"minecraft:weeping_vines":3,"minecraft:pumpkin_pie":4,"minecraft:nether_bricks":14,"minecraft:black_banner":1,"minecraft:brick_stairs":2,"relics:reflection_necklace":1,"minecraft:skeleton_skull":3,"minecraft:cracked_deepslate_tiles":1,"born_in_chaos_v1:fused_bone":2,"born_in_chaos_v1:corpse_maggot":37,"minecraft:golden_carrot":21,"minecraft:crimson_stem":20,"minecraft:salmon":1,"minecraft:leather":6,"minecraft:chainmail_chestplate":1,"minecraft:cobbled_deepslate_stairs":1,"minecraft:nether_wart_block":14,"minecraft:deepslate_tile_slab":9,"chococraft:gold_gysahl":3,"minecraft:iron_ingot":22,"artifacts:whoopee_cushion":3,"minecraft:acacia_sapling":1,"iceandfire:crackled_cobblestone":1,"sophisticatedbackpacks:diamond_backpack":1,"minecraft:book":27,"minecraft:chiseled_stone_bricks":1,"iceandfire:ash":3,"minecraft:quartz":3,"minecraft:dripstone_block":1,"minecraft:lava_bucket":5,"born_in_chaos_v1:dark_rod":2,"irons_spellbooks:blood_staff":7,"chococraft:gysahl_green_seeds":26,"minecraft:soul_torch":1,"minecraft:dark_oak_fence_gate":3,"quark:oak_chest":1,"minecraft:spider_eye":1,"minecraft:dried_kelp_block":1,"minecraft:iron_helmet":4,"minecraft:stripped_jungle_wood":1,"minecraft:waxed_oxidized_cut_copper_slab":5,"minecraft:coal":142},"minecraft:killed":{"graveyard:wraith":7,"born_in_chaos_v1:siamese_skeletonsright":1,"minecraft:skeleton":22,"graveyard:acolyte":49,"minecraft:chicken":1,"minecraft:magma_cube":3,"irons_spellbooks:summoned_vex":2,"minecraft:zombie":91,"born_in_chaos_v1:corpse_fly":11,"graveyard:corrupted_vindicator":6,"minecraft:zoglin":2,"born_in_chaos_v1:firelight":4,"irons_spellbooks:citadel_keeper":1,"born_in_chaos_v1:decrepit_skeleton":2,"born_in_chaos_v1:dark_vortex":1,"minecraft:enderman":10,"minecraft:witch":2,"rottencreatures:burned":4,"minecraft:spider":3,"naturalist:snail":1,"minecraft:silverfish":6,"irons_spellbooks:dead_king":1,"minecraft:zombie_villager":2,"alexsmobs:crimson_mosquito":9,"born_in_chaos_v1:dread_hound":3,"minecraft:stray":1,"graveyard:corrupted_pillager":3,"born_in_chaos_v1:siamese_skeletonsleft":1,"born_in_chaos_v1:maggot":25,"alexsmobs:blue_jay":1,"minecraft:drowned":1,"born_in_chaos_v1:corpse_fish":4,"born_in_chaos_v1:swarmer":1,"minecraft:bat":2,"minecraft:wither_skeleton":16},"minecraft:mined":{"minecraft:dark_oak_planks":12,"minecraft:black_terracotta":6,"minecraft:jungle_leaves":6,"minecraft:obsidian":1,"minecraft:granite":24,"minecraft:chiseled_polished_blackstone":7,"minecraft:acacia_log":6,"minecraft:deepslate_tile_wall":4,"minecraft:stone_brick_wall":7,"minecraft:brown_wool":2,"minecraft:jungle_log":37,"minecraft:orange_candle":1,"minecraft:deepslate_bricks":134,"minecraft:deepslate_tile_stairs":9,"minecraft:spawner":19,"minecraft:polished_blackstone_bricks":16,"minecraft:weeping_vines_plant":3,"minecraft:cobbled_deepslate":16,"minecraft:barrel":2,"minecraft:moss_carpet":2,"minecraft:deepslate_lapis_ore":15,"minecraft:enchanting_table":5,"minecraft:cave_vines":1,"minecraft:polished_deepslate_slab":11,"quark:limestone":27,"minecraft:deepslate_brick_stairs":10,"minecraft:red_bed":3,"minecraft:smoker":1,"minecraft:crimson_nylium":1,"minecraft:deepslate_tile_slab":10,"minecraft:torch":1,"minecraft:note_block":1,"minecraft:melon":34,"minecraft:white_stained_glass_pane":7,"minecraft:dead_bush":2,"quark:blossom_log":7,"minecraft:spruce_wall_sign":5,"minecraft:white_candle":1,"minecraft:cyan_bed":2,"minecraft:sugar_cane":10,"minecraft:skeleton_skull":1,"minecraft:chain":3,"minecraft:repeater":1,"minecraft:mud":17,"minecraft:magenta_bed":2,"minecraft:black_bed":1,"minecraft:stone_brick_stairs":16,"minecraft:grass":41,"minecraft:infested_mossy_stone_bricks":1,"minecraft:mangrove_log":2,"minecraft:piston":1,"minecraft:deepslate":136,"minecraft:deepslate_tiles":36,"minecraft:light_gray_stained_glass_pane":10,"minecraft:mossy_cobblestone":4,"minecraft:nether_bricks":3,"minecraft:dark_oak_fence":2,"minecraft:jungle_planks":4,"minecraft:stripped_jungle_wood":1,"minecraft:crimson_roots":10,"graveyard:tg_deepslate":19,"minecraft:redstone_wire":2,"minecraft:moss_block":7,"minecraft:packed_mud":1,"graveyard:tg_moss_block":3,"minecraft:andesite":13,"minecraft:mossy_stone_brick_stairs":2,"minecraft:vine":22,"minecraft:bamboo":14,"irons_spellbooks:inscription_table":1,"minecraft:light_gray_carpet":5,"minecraft:redstone_block":3,"minecraft:mangrove_stairs":13,"minecraft:soul_sand":1,"quark:oak_chest":1,"minecraft:stone_brick_slab":11,"minecraft:campfire":1,"minecraft:copper_ore":13,"minecraft:dried_kelp_block":1,"minecraft:cracked_deepslate_bricks":34,"minecraft:diorite":17,"minecraft:purple_bed":1,"minecraft:trapped_chest":2,"graveyard:vase_block":3,"minecraft:spruce_log":5,"minecraft:birch_leaves":3,"minecraft:magenta_candle":1,"minecraft:mangrove_leaves":39,"minecraft:gravel":13,"minecraft:dripstone_block":3,"minecraft:cobweb":24,"minecraft:polished_blackstone":16,"quark:crimson_chest":1,"minecraft:stone_bricks":176,"minecraft:deepslate_emerald_ore":1,"minecraft:fern":3,"minecraft:large_amethyst_bud":1,"minecraft:spruce_planks":11,"minecraft:cobbled_deepslate_stairs":1,"minecraft:spruce_trapdoor":2,"minecraft:stripped_crimson_hyphae":1,"minecraft:grass_block":12,"minecraft:mangrove_fence":4,"minecraft:cracked_polished_blackstone_bricks":17,"minecraft:soul_soil":1,"minecraft:frosted_ice":1,"minecraft:polished_blackstone_pressure_plate":1,"minecraft:gilded_blackstone":1,"iceandfire:crackled_cobblestone":1,"minecraft:iron_ore":19,"minecraft:anvil":1,"iceandfire:crackled_dirt":7,"chococraft:gysahl_green":26,"minecraft:skeleton_wall_skull":1,"minecraft:pointed_dripstone":3,"minecraft:flowering_azalea_leaves":1,"minecraft:iron_bars":9,"minecraft:azalea":1,"graveyard:wither_skull_pile":1,"minecraft:spruce_slab":6,"minecraft:gray_terracotta":1,"minecraft:blackstone":8,"minecraft:polished_deepslate_stairs":10,"minecraft:chest":5,"minecraft:cobblestone":26,"graveyard:skeleton_hand":2,"minecraft:slime_block":2,"graveyard:lying_skeleton":2,"minecraft:oak_planks":29,"minecraft:iron_door":2,"minecraft:wall_torch":1,"minecraft:cauldron":1,"minecraft:seagrass":1,"minecraft:warped_planks":13,"minecraft:nether_wart_block":11,"minecraft:tnt":27,"minecraft:cracked_deepslate_tiles":7,"graveyard:creeper_skeleton":1,"minecraft:oak_log":11,"minecraft:sand":14,"minecraft:dirt":15,"minecraft:crimson_planks":1,"minecraft:wither_skeleton_skull":1,"minecraft:tripwire_hook":2,"minecraft:dispenser":6,"minecraft:netherrack":56,"minecraft:oak_leaves":26,"minecraft:emerald_block":1,"minecraft:nether_gold_ore":1,"minecraft:red_carpet":1,"minecraft:tuff":41,"minecraft:candle_cake":1,"minecraft:stripped_mangrove_log":3,"minecraft:deepslate_diamond_ore":12,"minecraft:candle":2,"minecraft:mangrove_roots":20,"iceandfire:crackled_gravel":5,"minecraft:black_banner":2,"minecraft:brick_stairs":2,"minecraft:weeping_vines":1,"minecraft:spruce_leaves":3,"minecraft:mangrove_propagule":2,"minecraft:crimson_stem":21,"minecraft:large_fern":2,"minecraft:hay_block":30,"minecraft:deepslate_brick_slab":1,"graveyard:soul_fire_brazier":2,"minecraft:furnace":2,"minecraft:waxed_oxidized_cut_copper_slab":3,"iceandfire:crackled_grass":3,"minecraft:dark_oak_fence_gate":4,"minecraft:chiseled_deepslate":6,"minecraft:gold_block":1,"minecraft:polished_deepslate":5,"minecraft:bookshelf":9,"minecraft:deepslate_iron_ore":2,"minecraft:stone":365,"minecraft:acacia_leaves":2,"minecraft:stripped_dark_oak_log":25,"minecraft:basalt":3,"minecraft:polished_granite":1,"graveyard:small_light_gray_urn":1,"minecraft:crafting_table":7,"minecraft:light_gray_wall_banner":1,"graveyard:tg_grass_block":3,"minecraft:lapis_ore":3,"minecraft:polished_blackstone_brick_stairs":1,"minecraft:spruce_stairs":3,"iceandfire:ash":3,"minecraft:mangrove_planks":10,"minecraft:warped_hyphae":1,"minecraft:coal_ore":117,"graveyard:leaning_skeleton":2,"minecraft:cracked_stone_bricks":64,"minecraft:polished_andesite":1,"minecraft:mossy_stone_bricks":9,"minecraft:crimson_hyphae":4},"minecraft:killed_by":{"graveyard:acolyte":7,"irons_spellbooks:citadel_keeper":1,"alexsmobs:rhinoceros":1,"minecraft:zombie":6,"minecraft:stray":1,"born_in_chaos_v1:firelight":5,"minecraft:creeper":4,"graveyard:skeleton_creeper":1,"iceandfire:stymphalian_bird":2,"minecraft:piglin":2,"minecraft:silverfish":1,"graveyard:wraith":2,"iceandfire:fire_dragon":1,"minecraft:player":4,"born_in_chaos_v1:decaying_zombie":1,"irons_spellbooks:necromancer":2,"irons_spellbooks:dead_king":76,"minecraft:hoglin":2,"minecraft:skeleton":4,"iceandfire:lightning_dragon":5,"alexsmobs:crimson_mosquito":7,"graveyard:corrupted_vindicator":1},"minecraft:crafted":{"minecraft:smooth_stone":3,"minecraft:copper_ingot":9,"quark:oak_chest":2,"minecraft:iron_pickaxe":1,"minecraft:iron_block":7,"minecraft:stone_pickaxe":5,"minecraft:dark_oak_planks":64,"quark:crimson_chest":2,"minecraft:wooden_axe":5,"minecraft:iron_leggings":1,"minecraft:oak_planks":28,"minecraft:cobblestone_slab":12,"minecraft:stone":3,"minecraft:warped_planks":36,"minecraft:chest":1,"minecraft:crafting_table":8,"minecraft:spruce_planks":8,"minecraft:wooden_pickaxe":4,"minecraft:iron_chestplate":1,"minecraft:diamond_pickaxe":1,"minecraft:shield":3,"minecraft:stick":60,"minecraft:iron_ingot":2,"minecraft:stone_sword":2,"minecraft:wooden_sword":3,"minecraft:furnace":1,"minecraft:blast_furnace":1,"quark:acacia_chest":1,"minecraft:crimson_planks":80,"minecraft:iron_sword":2,"minecraft:mangrove_planks":16,"minecraft:bread":10,"minecraft:jungle_planks":20,"minecraft:acacia_planks":20},"minecraft:broken":{"minecraft:golden_boots":1,"minecraft:iron_chestplate":1,"graveyard:bone_dagger":1,"minecraft:netherite_helmet":1,"minecraft:stone_sword":2,"minecraft:wooden_pickaxe":1,"minecraft:shield":1,"minecraft:iron_helmet":1,"minecraft:stone_pickaxe":2,"minecraft:diamond_boots":1,"minecraft:wooden_axe":1},"minecraft:custom":{"minecraft:interact_with_crafting_table":53,"minecraft:open_barrel":112,"minecraft:leave_game":6,"minecraft:time_since_death":16863,"minecraft:damage_blocked_by_shield":3110,"minecraft:play_time":816980,"minecraft:deaths":140,"minecraft:jump":7512,"minecraft:enchant_item":1,"minecraft:interact_with_furnace":7,"minecraft:interact_with_cartography_table":1,"minecraft:sleep_in_bed":17,"minecraft:damage_dealt":50730,"minecraft:interact_with_smoker":1,"minecraft:inspect_dispenser":2,"minecraft:horse_one_cm":191,"minecraft:damage_dealt_absorbed":32,"minecraft:sneak_time":76776,"minecraft:interact_with_blast_furnace":12,"minecraft:total_world_time":816980,"minecraft:time_since_rest":16890,"minecraft:swim_one_cm":377239,"minecraft:fly_one_cm":304671,"minecraft:open_chest":309,"minecraft:fall_one_cm":117240,"minecraft:damage_resisted":175,"minecraft:sprint_one_cm":1518389,"minecraft:drop":620,"minecraft:play_noteblock":3,"minecraft:talked_to_villager":2,"minecraft:walk_on_water_one_cm":154474,"minecraft:interact_with_loom":8,"minecraft:player_kills":1,"minecraft:crouch_one_cm":209769,"minecraft:mob_kills":306,"minecraft:interact_with_campfire":9,"minecraft:damage_dealt_resisted":1213,"minecraft:climb_one_cm":70026,"minecraft:walk_one_cm":2911987,"minecraft:walk_under_water_one_cm":42318,"minecraft:damage_taken":48990,"minecraft:damage_absorbed":362,"minecraft:trigger_trapped_chest":27},"minecraft:used":{"minecraft:polished_blackstone":9,"minecraft:chest":5,"minecraft:lava_bucket":26,"iceandfire:crackled_gravel":16,"minecraft:furnace":2,"minecraft:oak_sapling":1,"minecraft:mossy_stone_bricks":1,"minecraft:diorite":8,"minecraft:wooden_pickaxe":166,"minecraft:golden_apple":10,"minecraft:blast_furnace":1,"minecraft:deepslate_tiles":1,"minecraft:polished_granite":1,"minecraft:wooden_sword":35,"minecraft:enchanting_table":5,"minecraft:stone_sword":295,"minecraft:netherrack":356,"minecraft:torch":64,"minecraft:anvil":1,"iceandfire:copper_sword":16,"minecraft:barrel":1,"minecraft:cobbled_deepslate":42,"minecraft:water_bucket":5,"minecraft:deepslate_bricks":85,"minecraft:polished_blackstone_bricks":1,"minecraft:cracked_stone_bricks":24,"graveyard:bone_dagger":1,"minecraft:polished_deepslate_slab":1,"minecraft:mossy_cobblestone":3,"minecraft:tnt":3,"minecraft:crafting_table":15,"minecraft:red_bed":3,"minecraft:dark_oak_fence_gate":1,"minecraft:mud":6,"minecraft:diamond_pickaxe":290,"chococraft:gysahl_green_seeds":2,"minecraft:suspicious_stew":1,"minecraft:iron_pickaxe":833,"quark:crimson_chest":2,"minecraft:cobblestone":201,"minecraft:cooked_porkchop":11,"quark:oak_chest":3,"minecraft:shield":215,"minecraft:iron_sword":424,"minecraft:iron_chestplate":3,"minecraft:jungle_planks":1,"minecraft:carrot":16,"minecraft:obsidian":1,"born_in_chaos_v1:corpse_maggot":7,"minecraft:packed_mud":1,"minecraft:iron_helmet":4,"minecraft:stone_bricks":34,"minecraft:mangrove_roots":4,"minecraft:skeleton_skull":1,"minecraft:stone_pickaxe":494,"minecraft:oak_planks":230,"minecraft:mangrove_planks":1,"minecraft:black_bed":1,"minecraft:cyan_bed":2,"minecraft:bread":54,"minecraft:melon_slice":154,"minecraft:brown_wool":1,"minecraft:stripped_warped_hyphae":6,"born_in_chaos_v1:rotten_fish":2,"chococraft:gysahl_green":60,"minecraft:golden_pickaxe":4,"minecraft:netherite_sword":331,"minecraft:flint_and_steel":2,"minecraft:cracked_deepslate_bricks":1,"minecraft:spruce_planks":6,"iceandfire:armor_copper_metal_boots":1,"minecraft:dirt":7,"minecraft:granite":10,"minecraft:wooden_axe":108,"minecraft:dark_oak_planks":63,"iceandfire:crackled_dirt":7,"minecraft:iron_boots":2,"minecraft:crimson_planks":9,"minecraft:golden_carrot":3,"minecraft:enchanted_golden_apple":2,"minecraft:iron_leggings":5,"minecraft:stripped_dark_oak_log":1,"graveyard:soul_fire_brazier":2,"quark:acacia_chest":1,"minecraft:smoker":1,"minecraft:warped_planks":29,"minecraft:apple":1,"minecraft:cracked_polished_blackstone_bricks":4,"minecraft:netherite_axe":5,"minecraft:bucket":32,"alexsmobs:animal_dictionary":2,"irons_spellbooks:inscription_table":1},"minecraft:dropped":{"minecraft:iron_sword":7,"minecraft:piston":1,"minecraft:porkchop":9,"chococraft:loverly_gysahl_green":1,"minecraft:glass_bottle":8,"minecraft:diamond":2,"irons_spellbooks:fireward_ring":2,"minecraft:cracked_stone_bricks":28,"minecraft:rail":3,"graveyard:corruption":6,"minecraft:red_mushroom":1,"minecraft:emerald":2,"minecraft:gold_block":1,"minecraft:dirt":52,"minecraft:dark_oak_fence":2,"minecraft:cracked_deepslate_tiles":1,"minecraft:mangrove_stairs":4,"iceandfire:armor_copper_metal_boots":1,"minecraft:gold_nugget":22,"minecraft:bone_meal":3,"minecraft:sand":14,"minecraft:iron_pickaxe":2,"rottencreatures:magma_rotten_flesh":1,"minecraft:bone":19,"minecraft:sugar_cane":7,"minecraft:diamond_block":1,"minecraft:iron_nugget":15,"minecraft:cobbled_deepslate":94,"minecraft:rotten_flesh":152,"minecraft:oak_planks":6,"minecraft:light_gray_carpet":3,"irons_spellbooks:blood_staff":5,"minecraft:dark_oak_fence_gate":2,"minecraft:warped_planks":5,"minecraft:salmon":1,"minecraft:chiseled_deepslate":3,"minecraft:deepslate_tiles":10,"minecraft:charcoal":2,"iceandfire:crackled_cobblestone":1,"minecraft:acacia_sapling":1,"minecraft:spruce_slab":2,"iceandfire:manuscript":6,"minecraft:enchanted_book":4,"minecraft:iron_ingot":2,"minecraft:wheat_seeds":15,"minecraft:tnt":54,"minecraft:dripstone_block":1,"minecraft:iron_helmet":4,"minecraft:cobblestone":251,"artifacts:whoopee_cushion":3,"minecraft:coal":11,"minecraft:golden_apple":1,"minecraft:lava_bucket":2,"minecraft:cobweb":4,"artifacts:plastic_drinking_hat":1,"minecraft:diamond_helmet":1,"minecraft:mud":4,"minecraft:string":8,"minecraft:trapped_chest":1,"minecraft:acacia_planks":1,"minecraft:moss_carpet":4,"minecraft:soul_torch":1,"minecraft:iron_boots":4,"minecraft:nether_bricks":14,"minecraft:polished_deepslate_stairs":1,"minecraft:cobblestone_slab":12,"minecraft:potato":2,"minecraft:hay_block":26,"minecraft:spruce_planks":1,"minecraft:diamond_pickaxe":2,"minecraft:stone_bricks":17,"minecraft:spider_eye":1,"minecraft:bow":1,"minecraft:crimson_hyphae":2,"minecraft:candle":1,"minecraft:moss_block":7,"minecraft:oak_log":6,"minecraft:golden_pickaxe":2,"minecraft:deepslate_tile_wall":1,"minecraft:jungle_planks":61,"minecraft:flint":2,"minecraft:dispenser":2,"born_in_chaos_v1:monster_skin":1,"minecraft:crimson_roots":7,"minecraft:polished_blackstone_bricks":5,"minecraft:cauldron":1,"minecraft:gravel":9,"minecraft:mangrove_roots":5,"born_in_chaos_v1:ethereal_spirit":1,"minecraft:carrot":1,"minecraft:chiseled_stone_bricks":1,"born_in_chaos_v1:corpse_maggot":28,"minecraft:stone_brick_wall":1,"minecraft:arrow":34,"minecraft:quartz":3,"minecraft:netherrack":434,"minecraft:water_bucket":1,"chococraft:gold_gysahl":1,"minecraft:mossy_cobblestone":1,"mowziesmobs:foliaath_seed":2,"minecraft:mangrove_propagule":3,"minecraft:stick":26,"minecraft:magenta_bed":2,"irons_spellbooks:scroll":5,"quark:blossom_log":7,"minecraft:torch":21,"minecraft:nether_wart_block":1,"minecraft:brown_wool":2,"born_in_chaos_v1:fused_bone":2,"minecraft:iron_door":1,"minecraft:fire_charge":2,"minecraft:iron_leggings":1,"minecraft:tripwire_hook":2,"minecraft:redstone_block":2,"minecraft:redstone":15,"minecraft:tuff":3,"iceandfire:witherbone":4,"minecraft:wither_skeleton_skull":1,"minecraft:flint_and_steel":1,"minecraft:deepslate_bricks":27,"minecraft:iron_chestplate":7,"minecraft:mossy_stone_bricks":20,"minecraft:magenta_candle":3,"minecraft:stone_pickaxe":2,"minecraft:wooden_pickaxe":4,"minecraft:cracked_deepslate_bricks":6}},"DataVersion":3120}