{"stats":{"minecraft:picked_up":{"irons_spellbooks:scroll":6,"minecraft:chiseled_deepslate":3,"minecraft:iron_chestplate":3,"chococraft:loverly_gysahl_green":4,"minecraft:redstone_block":3,"minecraft:anvil":1,"minecraft:enchanted_book":5,"minecraft:stone_brick_stairs":5,"minecraft:polished_deepslate":4,"minecraft:polished_blackstone_brick_stairs":1,"minecraft:string":13,"minecraft:raw_copper":24,"minecraft:iron_leggings":2,"irons_spellbooks:arcane_essence":79,"minecraft:deepslate_tiles":21,"minecraft:cobbled_deepslate":157,"minecraft:bucket":1,"minecraft:spruce_planks":7,"minecraft:iron_pickaxe":2,"minecraft:deepslate_tile_wall":4,"minecraft:melon_slice":169,"irons_spellbooks:inscription_table":1,"minecraft:mangrove_log":1,"minecraft:iron_boots":5,"minecraft:furnace":2,"minecraft:stick":6,"iceandfire:crackled_dirt":7,"minecraft:polished_deepslate_stairs":1,"minecraft:torch":17,"minecraft:acacia_log":5,"minecraft:spruce_stairs":3,"quark:blossom_log":7,"iceandfire:crackled_gravel":17,"minecraft:diorite":8,"minecraft:warped_planks":14,"minecraft:deepslate_tile_stairs":5,"minecraft:cauldron":1,"minecraft:mangrove_stairs":12,"minecraft:rotten_flesh":122,"iceandfire:crackled_grass":1,"minecraft:mangrove_roots":14,"minecraft:obsidian":1,"minecraft:iron_bars":1,"minecraft:cobblestone":362,"minecraft:enchanting_table":5,"minecraft:magma_block":2,"minecraft:iron_door":1,"minecraft:water_bucket":1,"minecraft:jungle_log":37,"minecraft:black_bed":1,"minecraft:brown_wool":2,"minecraft:smoker":1,"minecraft:potato":2,"minecraft:flint":2,"minecraft:tuff":18,"minecraft:magenta_bed":2,"minecraft:lapis_lazuli":99,"minecraft:dirt":79,"minecraft:polished_granite":1,"born_in_chaos_v1:monster_skin":1,"minecraft:bone":28,"minecraft:bow":1,"minecraft:wheat_seeds":23,"minecraft:mossy_stone_bricks":25,"minecraft:bamboo":132,"minecraft:moss_block":11,"minecraft:magenta_candle":3,"minecraft:oak_planks":75,"minecraft:black_terracotta":4,"minecraft:cooked_porkchop":2,"graveyard:bone_dagger":1,"minecraft:sand":14,"minecraft:jungle_planks":5,"minecraft:cyan_bed":2,"minecraft:trapped_chest":1,"minecraft:barrel":2,"minecraft:mossy_cobblestone":4,"minecraft:dispenser":3,"minecraft:yellow_carpet":1,"minecraft:diamond":22,"minecraft:slime_block":1,"minecraft:cracked_polished_blackstone_bricks":4,"minecraft:granite":10,"minecraft:bone_meal":2,"minecraft:golden_apple":7,"minecraft:emerald":3,"minecraft:bread":20,"minecraft:oak_sapling":1,"born_in_chaos_v1:rotten_fish":2,"minecraft:light_gray_carpet":8,"minecraft:dark_oak_fence":2,"relics:space_dissector":1,"minecraft:diamond_pickaxe":2,"rottencreatures:magma_rotten_flesh":1,"minecraft:mud":17,"minecraft:charcoal":2,"minecraft:crafting_table":6,"iceandfire:witherbone":4,"minecraft:chicken":1,"minecraft:stone_brick_wall":1,"minecraft:gold_block":1,"minecraft:chain":1,"minecraft:stripped_mangrove_log":3,"minecraft:red_bed":3,"minecraft:moss_carpet":8,"minecraft:iron_axe":1,"minecraft:flint_and_steel":1,"minecraft:iron_shovel":1,"graveyard:soul_fire_brazier":2,"graveyard:corruption":49,"minecraft:cracked_stone_bricks":82,"minecraft:candle":1,"minecraft:spruce_slab":8,"minecraft:chest":4,"minecraft:sugar_cane":26,"minecraft:piston":1,"minecraft:spruce_trapdoor":2,"minecraft:raw_iron":12,"minecraft:polished_deepslate_slab":1,"minecraft:fire_charge":2,"minecraft:polished_blackstone_bricks":3,"iceandfire:armor_copper_metal_boots":1,"minecraft:carrot":2,"minecraft:redstone":7,"minecraft:netherite_pickaxe":1,"minecraft:dark_oak_planks":10,"minecraft:tnt":135,"minecraft:arrow":28,"minecraft:pumpkin_pie":4,"minecraft:deepslate_bricks":118,"minecraft:hay_block":26,"minecraft:cracked_deepslate_bricks":29,"minecraft:polished_blackstone":9,"minecraft:brick_stairs":2,"minecraft:rail":3,"irons_spellbooks:ancient_knowledge_fragment":2,"minecraft:skeleton_skull":3,"born_in_chaos_v1:fused_bone":2,"minecraft:cracked_deepslate_tiles":1,"born_in_chaos_v1:corpse_maggot":35,"minecraft:golden_carrot":21,"minecraft:leather":6,"minecraft:red_mushroom":1,"minecraft:filled_map":2,"minecraft:packed_mud":1,"graveyard:small_light_gray_urn":1,"minecraft:oak_log":13,"minecraft:nether_wart_block":6,"minecraft:cobbled_deepslate_stairs":1,"minecraft:deepslate_tile_slab":9,"quark:limestone":27,"chococraft:chocobo_feather":1,"chococraft:gysahl_green":81,"minecraft:stone_bricks":137,"chococraft:gold_gysahl":3,"mowziesmobs:foliaath_seed":2,"minecraft:cobweb":4,"minecraft:glass_bottle":8,"minecraft:mangrove_planks":2,"minecraft:iron_sword":2,"minecraft:acacia_sapling":1,"iceandfire:crackled_cobblestone":1,"minecraft:book":27,"iceandfire:copper_nugget":28,"minecraft:chiseled_stone_bricks":1,"born_in_chaos_v1:ethereal_spirit":1,"minecraft:dripstone_block":1,"minecraft:gravel":9,"minecraft:lava_bucket":5,"born_in_chaos_v1:dark_rod":2,"irons_spellbooks:blood_staff":7,"minecraft:soul_torch":1,"chococraft:gysahl_green_seeds":26,"minecraft:spruce_log":5,"minecraft:orange_candle":3,"quark:oak_chest":1,"minecraft:dark_oak_fence_gate":3,"minecraft:spider_eye":1,"minecraft:dried_kelp_block":1,"minecraft:iron_helmet":3,"minecraft:waxed_oxidized_cut_copper_slab":5,"minecraft:stripped_dark_oak_log":18,"minecraft:mangrove_propagule":9,"minecraft:coal":125,"minecraft:ender_pearl":6},"minecraft:killed":{"minecraft:witch":2,"rottencreatures:burned":3,"minecraft:spider":3,"graveyard:wraith":7,"born_in_chaos_v1:siamese_skeletonsright":1,"naturalist:snail":1,"minecraft:skeleton":19,"graveyard:acolyte":49,"minecraft:chicken":1,"minecraft:silverfish":6,"irons_spellbooks:dead_king":1,"minecraft:zombie_villager":2,"irons_spellbooks:summoned_vex":2,"minecraft:zombie":89,"born_in_chaos_v1:dread_hound":3,"born_in_chaos_v1:corpse_fly":11,"minecraft:stray":1,"graveyard:corrupted_pillager":3,"born_in_chaos_v1:siamese_skeletonsleft":1,"graveyard:corrupted_vindicator":6,"born_in_chaos_v1:maggot":23,"alexsmobs:blue_jay":1,"minecraft:drowned":1,"born_in_chaos_v1:corpse_fish":4,"born_in_chaos_v1:swarmer":1,"minecraft:bat":2,"born_in_chaos_v1:decrepit_skeleton":2,"born_in_chaos_v1:dark_vortex":1,"minecraft:wither_skeleton":16,"minecraft:enderman":10},"minecraft:mined":{"minecraft:dark_oak_planks":12,"minecraft:large_amethyst_bud":1,"minecraft:spruce_planks":11,"minecraft:cobbled_deepslate_stairs":1,"minecraft:black_terracotta":6,"minecraft:jungle_leaves":6,"minecraft:obsidian":1,"minecraft:spruce_trapdoor":2,"minecraft:granite":24,"minecraft:deepslate_tile_wall":4,"minecraft:acacia_log":6,"minecraft:stone_brick_wall":7,"minecraft:grass_block":12,"minecraft:brown_wool":2,"minecraft:mangrove_fence":4,"minecraft:jungle_log":37,"minecraft:cracked_polished_blackstone_bricks":4,"minecraft:orange_candle":1,"minecraft:deepslate_bricks":133,"minecraft:deepslate_tile_stairs":9,"minecraft:polished_blackstone_pressure_plate":1,"minecraft:spawner":19,"iceandfire:crackled_cobblestone":1,"minecraft:polished_blackstone_bricks":4,"minecraft:iron_ore":14,"minecraft:barrel":2,"minecraft:cobbled_deepslate":16,"minecraft:moss_carpet":2,"minecraft:anvil":1,"minecraft:deepslate_lapis_ore":15,"iceandfire:crackled_dirt":7,"minecraft:enchanting_table":5,"chococraft:gysahl_green":26,"minecraft:skeleton_wall_skull":1,"minecraft:pointed_dripstone":3,"minecraft:cave_vines":1,"minecraft:flowering_azalea_leaves":1,"minecraft:polished_deepslate_slab":11,"minecraft:iron_bars":9,"quark:limestone":27,"minecraft:deepslate_brick_stairs":10,"graveyard:wither_skull_pile":1,"minecraft:spruce_slab":6,"minecraft:gray_terracotta":1,"minecraft:red_bed":3,"minecraft:polished_deepslate_stairs":10,"minecraft:crimson_nylium":1,"minecraft:smoker":1,"minecraft:deepslate_tile_slab":10,"minecraft:torch":1,"minecraft:note_block":1,"minecraft:melon":34,"minecraft:chest":5,"minecraft:dead_bush":2,"minecraft:white_stained_glass_pane":7,"quark:blossom_log":7,"minecraft:spruce_wall_sign":5,"minecraft:cobblestone":21,"minecraft:white_candle":1,"graveyard:skeleton_hand":2,"minecraft:slime_block":2,"minecraft:oak_planks":29,"minecraft:cyan_bed":2,"graveyard:lying_skeleton":2,"minecraft:sugar_cane":10,"minecraft:iron_door":2,"minecraft:wall_torch":1,"minecraft:cauldron":1,"minecraft:skeleton_skull":1,"minecraft:seagrass":1,"minecraft:chain":2,"minecraft:repeater":1,"minecraft:nether_wart_block":6,"minecraft:warped_planks":13,"minecraft:mud":17,"minecraft:magenta_bed":2,"minecraft:tnt":27,"minecraft:black_bed":1,"minecraft:stone_brick_stairs":16,"minecraft:infested_mossy_stone_bricks":1,"minecraft:grass":40,"minecraft:cracked_deepslate_tiles":7,"graveyard:creeper_skeleton":1,"minecraft:oak_log":11,"minecraft:sand":14,"minecraft:dirt":9,"minecraft:mangrove_log":2,"minecraft:dispenser":6,"minecraft:piston":1,"minecraft:oak_leaves":26,"minecraft:deepslate":136,"minecraft:emerald_block":1,"minecraft:deepslate_tiles":35,"minecraft:tuff":41,"minecraft:red_carpet":1,"minecraft:light_gray_stained_glass_pane":10,"minecraft:candle_cake":1,"minecraft:mossy_cobblestone":4,"minecraft:deepslate_diamond_ore":12,"minecraft:stripped_mangrove_log":3,"minecraft:candle":2,"minecraft:mangrove_roots":20,"iceandfire:crackled_gravel":5,"minecraft:dark_oak_fence":2,"minecraft:jungle_planks":4,"minecraft:brick_stairs":2,"graveyard:tg_deepslate":19,"minecraft:redstone_wire":2,"minecraft:spruce_leaves":3,"minecraft:moss_block":6,"minecraft:mangrove_propagule":2,"minecraft:hay_block":30,"minecraft:large_fern":2,"graveyard:soul_fire_brazier":2,"minecraft:deepslate_brick_slab":1,"minecraft:packed_mud":1,"minecraft:furnace":2,"graveyard:tg_moss_block":3,"minecraft:waxed_oxidized_cut_copper_slab":3,"iceandfire:crackled_grass":1,"minecraft:andesite":13,"minecraft:dark_oak_fence_gate":4,"minecraft:chiseled_deepslate":5,"minecraft:polished_deepslate":5,"minecraft:mossy_stone_brick_stairs":2,"minecraft:bookshelf":9,"minecraft:deepslate_iron_ore":2,"minecraft:vine":21,"minecraft:bamboo":14,"irons_spellbooks:inscription_table":1,"minecraft:stone":365,"minecraft:light_gray_carpet":5,"minecraft:acacia_leaves":2,"minecraft:mangrove_stairs":13,"minecraft:redstone_block":3,"quark:oak_chest":1,"minecraft:stripped_dark_oak_log":25,"minecraft:stone_brick_slab":11,"minecraft:polished_granite":1,"graveyard:small_light_gray_urn":1,"minecraft:crafting_table":6,"minecraft:campfire":1,"minecraft:copper_ore":13,"graveyard:tg_grass_block":3,"minecraft:dried_kelp_block":1,"minecraft:lapis_ore":3,"minecraft:polished_blackstone_brick_stairs":1,"minecraft:cracked_deepslate_bricks":34,"minecraft:diorite":17,"minecraft:spruce_stairs":3,"minecraft:purple_bed":1,"minecraft:trapped_chest":2,"graveyard:vase_block":3,"minecraft:spruce_log":5,"minecraft:birch_leaves":3,"minecraft:magenta_candle":1,"minecraft:mangrove_planks":10,"minecraft:mangrove_leaves":39,"minecraft:coal_ore":100,"minecraft:gravel":13,"graveyard:leaning_skeleton":2,"minecraft:dripstone_block":3,"minecraft:cobweb":24,"minecraft:cracked_stone_bricks":64,"minecraft:polished_andesite":1,"minecraft:polished_blackstone":9,"minecraft:stone_bricks":176,"minecraft:mossy_stone_bricks":9,"minecraft:deepslate_emerald_ore":1,"minecraft:fern":3},"minecraft:killed_by":{"minecraft:creeper":3,"graveyard:acolyte":7,"iceandfire:stymphalian_bird":2,"minecraft:silverfish":1,"alexsmobs:rhinoceros":1,"minecraft:zombie":6,"graveyard:wraith":2,"iceandfire:fire_dragon":1,"minecraft:player":4,"minecraft:stray":1,"born_in_chaos_v1:decaying_zombie":1,"irons_spellbooks:necromancer":2,"irons_spellbooks:dead_king":76,"minecraft:skeleton":3,"iceandfire:lightning_dragon":5,"graveyard:corrupted_vindicator":1},"minecraft:crafted":{"minecraft:oak_planks":28,"minecraft:smooth_stone":3,"minecraft:cobblestone_slab":12,"minecraft:stone":3,"minecraft:warped_planks":36,"minecraft:crafting_table":7,"minecraft:spruce_planks":8,"minecraft:wooden_pickaxe":3,"minecraft:copper_ingot":9,"minecraft:diamond_pickaxe":1,"minecraft:shield":1,"minecraft:stick":48,"quark:oak_chest":2,"minecraft:iron_ingot":2,"minecraft:iron_pickaxe":1,"minecraft:iron_block":7,"minecraft:stone_sword":2,"minecraft:wooden_sword":1,"minecraft:furnace":1,"minecraft:blast_furnace":1,"quark:acacia_chest":1,"minecraft:stone_pickaxe":5,"minecraft:dark_oak_planks":64,"minecraft:iron_sword":2,"minecraft:mangrove_planks":16,"minecraft:bread":10,"minecraft:jungle_planks":4,"minecraft:wooden_axe":3,"minecraft:iron_leggings":1,"minecraft:acacia_planks":20},"minecraft:broken":{"minecraft:iron_chestplate":1,"minecraft:stone_pickaxe":2,"minecraft:diamond_boots":1,"graveyard:bone_dagger":1,"minecraft:wooden_axe":1,"minecraft:netherite_helmet":1,"minecraft:stone_sword":2,"minecraft:wooden_pickaxe":1,"minecraft:shield":1},"minecraft:custom":{"minecraft:interact_with_crafting_table":40,"minecraft:open_barrel":105,"minecraft:leave_game":6,"minecraft:time_since_death":23608,"minecraft:damage_resisted":175,"minecraft:sprint_one_cm":1183242,"minecraft:damage_blocked_by_shield":3055,"minecraft:drop":281,"minecraft:play_noteblock":3,"minecraft:talked_to_villager":2,"minecraft:play_time":618980,"minecraft:deaths":117,"minecraft:jump":5394,"minecraft:walk_on_water_one_cm":139382,"minecraft:enchant_item":1,"minecraft:interact_with_furnace":7,"minecraft:interact_with_cartography_table":1,"minecraft:interact_with_loom":8,"minecraft:sleep_in_bed":14,"minecraft:damage_dealt":46500,"minecraft:player_kills":1,"minecraft:crouch_one_cm":141509,"minecraft:interact_with_smoker":1,"minecraft:inspect_dispenser":1,"minecraft:horse_one_cm":191,"minecraft:mob_kills":278,"minecraft:damage_dealt_resisted":1193,"minecraft:climb_one_cm":50225,"minecraft:walk_one_cm":2251056,"minecraft:damage_dealt_absorbed":32,"minecraft:sneak_time":56001,"minecraft:walk_under_water_one_cm":34616,"minecraft:interact_with_blast_furnace":11,"minecraft:total_world_time":618980,"minecraft:time_since_rest":22874,"minecraft:damage_absorbed":362,"minecraft:damage_taken":39752,"minecraft:trigger_trapped_chest":26,"minecraft:swim_one_cm":356581,"minecraft:fly_one_cm":228802,"minecraft:open_chest":237,"minecraft:fall_one_cm":76252},"minecraft:used":{"minecraft:polished_blackstone":9,"minecraft:chest":4,"minecraft:shield":213,"minecraft:iron_sword":315,"minecraft:iron_chestplate":3,"minecraft:jungle_planks":1,"minecraft:carrot":16,"minecraft:obsidian":1,"born_in_chaos_v1:corpse_maggot":7,"minecraft:lava_bucket":26,"iceandfire:crackled_gravel":16,"minecraft:packed_mud":1,"minecraft:iron_helmet":4,"minecraft:stone_bricks":34,"minecraft:mangrove_roots":4,"minecraft:oak_sapling":1,"minecraft:furnace":2,"minecraft:skeleton_skull":1,"minecraft:mossy_stone_bricks":1,"minecraft:diorite":8,"minecraft:mangrove_planks":1,"minecraft:oak_planks":230,"minecraft:stone_pickaxe":494,"minecraft:wooden_pickaxe":135,"minecraft:golden_apple":10,"minecraft:blast_furnace":1,"minecraft:black_bed":1,"minecraft:deepslate_tiles":1,"minecraft:brown_wool":1,"minecraft:melon_slice":88,"minecraft:bread":46,"minecraft:cyan_bed":2,"minecraft:polished_granite":1,"minecraft:stripped_warped_hyphae":6,"born_in_chaos_v1:rotten_fish":2,"chococraft:gysahl_green":60,"minecraft:netherite_sword":331,"minecraft:enchanting_table":4,"minecraft:stone_sword":295,"minecraft:flint_and_steel":1,"minecraft:cracked_deepslate_bricks":1,"minecraft:spruce_planks":6,"iceandfire:armor_copper_metal_boots":1,"minecraft:anvil":1,"minecraft:torch":64,"minecraft:dirt":5,"iceandfire:copper_sword":16,"minecraft:granite":10,"minecraft:dark_oak_planks":63,"minecraft:wooden_axe":100,"iceandfire:crackled_dirt":7,"minecraft:iron_boots":2,"minecraft:barrel":1,"minecraft:golden_carrot":3,"minecraft:cobbled_deepslate":42,"minecraft:enchanted_golden_apple":2,"minecraft:iron_leggings":5,"minecraft:water_bucket":5,"minecraft:deepslate_bricks":85,"minecraft:cracked_stone_bricks":24,"minecraft:polished_blackstone_bricks":1,"graveyard:bone_dagger":1,"minecraft:mossy_cobblestone":3,"minecraft:polished_deepslate_slab":1,"quark:acacia_chest":1,"minecraft:stripped_dark_oak_log":1,"minecraft:red_bed":3,"minecraft:tnt":3,"minecraft:crafting_table":13,"graveyard:soul_fire_brazier":2,"minecraft:dark_oak_fence_gate":1,"minecraft:warped_planks":29,"minecraft:smoker":1,"minecraft:mud":6,"minecraft:diamond_pickaxe":290,"chococraft:gysahl_green_seeds":2,"minecraft:cracked_polished_blackstone_bricks":4,"minecraft:iron_pickaxe":716,"minecraft:suspicious_stew":1,"minecraft:netherite_axe":5,"minecraft:cobblestone":135,"minecraft:cooked_porkchop":2,"minecraft:bucket":32,"quark:oak_chest":3,"alexsmobs:animal_dictionary":2,"irons_spellbooks:inscription_table":1},"minecraft:dropped":{"minecraft:iron_sword":4,"minecraft:piston":1,"minecraft:candle":1,"minecraft:moss_block":7,"chococraft:loverly_gysahl_green":1,"minecraft:oak_log":6,"minecraft:glass_bottle":8,"minecraft:diamond":2,"minecraft:deepslate_tile_wall":1,"minecraft:jungle_planks":58,"minecraft:cracked_stone_bricks":28,"graveyard:corruption":6,"minecraft:red_mushroom":1,"minecraft:flint":2,"minecraft:emerald":2,"minecraft:gold_block":1,"minecraft:dirt":52,"minecraft:dark_oak_fence":2,"born_in_chaos_v1:monster_skin":1,"minecraft:dispenser":2,"minecraft:cracked_deepslate_tiles":1,"minecraft:mangrove_stairs":4,"iceandfire:armor_copper_metal_boots":1,"minecraft:sand":14,"minecraft:polished_blackstone_bricks":1,"minecraft:iron_pickaxe":1,"rottencreatures:magma_rotten_flesh":1,"minecraft:cauldron":1,"minecraft:bone":7,"minecraft:gravel":9,"minecraft:mangrove_roots":4,"minecraft:sugar_cane":7,"minecraft:diamond_block":1,"minecraft:cobbled_deepslate":94,"born_in_chaos_v1:ethereal_spirit":1,"minecraft:rotten_flesh":140,"minecraft:oak_planks":6,"minecraft:light_gray_carpet":3,"irons_spellbooks:blood_staff":5,"minecraft:warped_planks":5,"minecraft:dark_oak_fence_gate":2,"minecraft:carrot":1,"minecraft:chiseled_deepslate":2,"minecraft:chiseled_stone_bricks":1,"minecraft:deepslate_tiles":9,"minecraft:charcoal":2,"minecraft:stone_brick_wall":1,"born_in_chaos_v1:corpse_maggot":21,"iceandfire:crackled_cobblestone":1,"minecraft:acacia_sapling":1,"minecraft:spruce_slab":2,"minecraft:arrow":20,"iceandfire:manuscript":6,"minecraft:enchanted_book":4,"minecraft:water_bucket":1,"minecraft:wheat_seeds":10,"minecraft:tnt":54,"chococraft:gold_gysahl":1,"minecraft:mossy_cobblestone":1,"minecraft:dripstone_block":1,"minecraft:mangrove_propagule":3,"minecraft:iron_helmet":3,"minecraft:cobblestone":56,"minecraft:golden_apple":1,"minecraft:coal":2,"minecraft:stick":16,"minecraft:magenta_bed":2,"irons_spellbooks:scroll":4,"minecraft:lava_bucket":2,"minecraft:cobweb":4,"quark:blossom_log":7,"minecraft:torch":21,"born_in_chaos_v1:fused_bone":2,"minecraft:iron_door":1,"minecraft:diamond_helmet":1,"minecraft:fire_charge":2,"minecraft:string":8,"minecraft:trapped_chest":1,"minecraft:acacia_planks":1,"minecraft:redstone_block":2,"minecraft:redstone":15,"minecraft:moss_carpet":4,"minecraft:soul_torch":1,"minecraft:tuff":3,"iceandfire:witherbone":4,"minecraft:iron_boots":3,"minecraft:polished_deepslate_stairs":1,"minecraft:flint_and_steel":1,"minecraft:deepslate_bricks":26,"minecraft:potato":2,"minecraft:cobblestone_slab":12,"minecraft:spruce_planks":1,"minecraft:iron_chestplate":4,"minecraft:diamond_pickaxe":2,"minecraft:mossy_stone_bricks":20,"minecraft:spider_eye":1,"minecraft:stone_bricks":17,"minecraft:stone_pickaxe":2,"minecraft:wooden_pickaxe":1,"minecraft:cracked_deepslate_bricks":6}},"DataVersion":3120}