{"stats":{"minecraft:mined":{"minecraft:hay_block":3,"minecraft:acacia_leaves":2,"minecraft:red_bed":1,"minecraft:mossy_cobblestone":1,"minecraft:smoker":1,"minecraft:birch_leaves":3,"minecraft:mangrove_leaves":3,"minecraft:crafting_table":2,"minecraft:grass":12,"minecraft:acacia_log":6,"chococraft:gysahl_green":22,"minecraft:oak_log":7,"minecraft:chest":1,"quark:blossom_log":7,"minecraft:orange_candle":1,"minecraft:cobblestone":3,"minecraft:cracked_stone_bricks":1,"minecraft:stone_bricks":10,"minecraft:stone":18,"minecraft:mossy_stone_bricks":1,"minecraft:oak_leaves":12},"minecraft:killed_by":{"alexsmobs:rhinoceros":1},"minecraft:crafted":{"minecraft:oak_planks":28,"quark:acacia_chest":1,"minecraft:shield":1,"minecraft:crafting_table":1,"minecraft:stick":8,"minecraft:wooden_pickaxe":1,"minecraft:wooden_axe":1,"minecraft:acacia_planks":20},"minecraft:used":{"minecraft:wooden_axe":29,"chococraft:gysahl_green_seeds":1,"minecraft:oak_planks":13,"minecraft:wooden_pickaxe":35,"minecraft:stone_bricks":10,"minecraft:cobblestone":3,"minecraft:crafting_table":3,"minecraft:red_bed":1,"quark:acacia_chest":1,"chococraft:gysahl_green":31,"alexsmobs:animal_dictionary":2},"minecraft:custom":{"minecraft:time_since_rest":12616,"minecraft:sprint_one_cm":93064,"minecraft:damage_taken":746,"minecraft:walk_one_cm":148911,"minecraft:mob_kills":3,"minecraft:drop":1,"minecraft:damage_dealt":363,"minecraft:swim_one_cm":20077,"minecraft:interact_with_crafting_table":9,"minecraft:fly_one_cm":24606,"minecraft:open_chest":17,"minecraft:crouch_one_cm":591,"minecraft:play_time":29871,"minecraft:deaths":1,"minecraft:sneak_time":191,"minecraft:walk_under_water_one_cm":1620,"minecraft:jump":373,"minecraft:walk_on_water_one_cm":7959,"minecraft:time_since_death":19940,"minecraft:sleep_in_bed":1,"minecraft:climb_one_cm":1168,"minecraft:interact_with_smoker":1,"minecraft:total_world_time":29871,"minecraft:fall_one_cm":6130},"minecraft:picked_up":{"chococraft:loverly_gysahl_green":2,"minecraft:stick":1,"minecraft:crafting_table":2,"minecraft:red_mushroom":1,"minecraft:acacia_log":5,"minecraft:smoker":1,"quark:blossom_log":7,"minecraft:oak_log":7,"chococraft:gysahl_green_seeds":22,"minecraft:orange_candle":3,"minecraft:red_bed":1,"minecraft:mossy_cobblestone":1,"minecraft:yellow_carpet":1,"minecraft:rotten_flesh":2,"chococraft:gysahl_green":70,"minecraft:stone_bricks":10,"chococraft:gold_gysahl":2,"minecraft:cracked_stone_bricks":1,"minecraft:wheat_seeds":4,"minecraft:hay_block":3,"minecraft:glass_bottle":8,"minecraft:emerald":1,"minecraft:mossy_stone_bricks":1,"minecraft:melon_slice":5,"minecraft:acacia_sapling":1,"minecraft:cobblestone":21},"minecraft:killed":{"naturalist:snail":1,"alexsmobs:blue_jay":1,"minecraft:zombie":1},"minecraft:dropped":{"quark:blossom_log":7}},"DataVersion":3120}