{"stats":{"minecraft:mined":{"minecraft:acacia_leaves":2,"minecraft:light_gray_stained_glass_pane":1,"minecraft:red_bed":3,"minecraft:mossy_cobblestone":1,"minecraft:smoker":1,"minecraft:mangrove_roots":5,"minecraft:crafting_table":2,"minecraft:acacia_log":6,"minecraft:grass_block":1,"minecraft:chest":1,"quark:blossom_log":7,"minecraft:orange_candle":1,"minecraft:cobblestone":3,"minecraft:moss_block":1,"minecraft:mangrove_propagule":1,"minecraft:hay_block":3,"minecraft:furnace":1,"minecraft:nether_wart_block":2,"minecraft:birch_leaves":3,"minecraft:mangrove_leaves":3,"minecraft:grass":13,"chococraft:gysahl_green":22,"minecraft:coal_ore":5,"minecraft:oak_log":7,"minecraft:vine":1,"graveyard:leaning_skeleton":1,"minecraft:cracked_stone_bricks":1,"minecraft:stone":21,"minecraft:stone_bricks":10,"minecraft:mossy_stone_bricks":1,"minecraft:oak_leaves":12,"minecraft:spruce_slab":1},"minecraft:killed_by":{"minecraft:creeper":1,"alexsmobs:rhinoceros":1},"minecraft:crafted":{"minecraft:oak_planks":28,"minecraft:crafting_table":1,"minecraft:wooden_pickaxe":1,"quark:acacia_chest":1,"minecraft:shield":1,"minecraft:stick":8,"minecraft:wooden_axe":1,"minecraft:acacia_planks":20},"minecraft:used":{"minecraft:oak_planks":13,"minecraft:wooden_pickaxe":52,"minecraft:iron_chestplate":1,"minecraft:dirt":1,"minecraft:crafting_table":3,"minecraft:red_bed":3,"quark:acacia_chest":1,"minecraft:wooden_axe":33,"chococraft:gysahl_green_seeds":1,"minecraft:iron_helmet":1,"minecraft:stone_bricks":10,"minecraft:cobblestone":4,"chococraft:gysahl_green":31,"alexsmobs:animal_dictionary":2,"minecraft:iron_leggings":1},"minecraft:custom":{"minecraft:mob_kills":3,"minecraft:interact_with_crafting_table":9,"minecraft:open_barrel":8,"minecraft:time_since_death":10015,"minecraft:sleep_in_bed":2,"minecraft:climb_one_cm":1483,"minecraft:time_since_rest":9590,"minecraft:sprint_one_cm":140747,"minecraft:damage_taken":1199,"minecraft:walk_one_cm":198791,"minecraft:drop":8,"minecraft:damage_dealt":363,"minecraft:swim_one_cm":25649,"minecraft:fly_one_cm":31131,"minecraft:open_chest":24,"minecraft:crouch_one_cm":591,"minecraft:play_time":41871,"minecraft:deaths":2,"minecraft:sneak_time":191,"minecraft:walk_under_water_one_cm":2928,"minecraft:jump":522,"minecraft:walk_on_water_one_cm":15674,"minecraft:total_world_time":41871,"minecraft:interact_with_smoker":1,"minecraft:fall_one_cm":8437},"minecraft:killed":{"naturalist:snail":1,"alexsmobs:blue_jay":1,"minecraft:zombie":1},"minecraft:picked_up":{"minecraft:crafting_table":2,"chococraft:loverly_gysahl_green":2,"minecraft:smoker":1,"minecraft:red_mushroom":1,"minecraft:oak_log":7,"minecraft:nether_wart_block":2,"minecraft:dirt":12,"minecraft:red_bed":3,"chococraft:chocobo_feather":1,"minecraft:bone":7,"chococraft:gysahl_green":70,"minecraft:stone_bricks":10,"minecraft:cracked_stone_bricks":1,"chococraft:gold_gysahl":2,"minecraft:wheat_seeds":5,"minecraft:mossy_stone_bricks":1,"minecraft:glass_bottle":8,"minecraft:moss_block":1,"minecraft:melon_slice":5,"minecraft:acacia_sapling":1,"minecraft:furnace":1,"minecraft:stick":1,"minecraft:acacia_log":5,"quark:blossom_log":7,"chococraft:gysahl_green_seeds":22,"minecraft:orange_candle":3,"minecraft:mossy_cobblestone":1,"minecraft:rotten_flesh":2,"minecraft:yellow_carpet":1,"minecraft:hay_block":3,"minecraft:mangrove_roots":1,"minecraft:emerald":1,"minecraft:coal":5,"minecraft:mangrove_propagule":3,"minecraft:skeleton_skull":1,"minecraft:cobblestone":24},"minecraft:dropped":{"minecraft:glass_bottle":8,"minecraft:mossy_cobblestone":1,"minecraft:cracked_stone_bricks":1,"minecraft:red_mushroom":1,"minecraft:stick":5,"minecraft:emerald":1,"quark:blossom_log":7,"minecraft:acacia_sapling":1}},"DataVersion":3120}