{"stats":{"minecraft:broken":{"minecraft:golden_boots":1,"minecraft:iron_boots":1,"minecraft:iron_chestplate":1,"minecraft:iron_leggings":1,"graveyard:bone_dagger":1,"minecraft:iron_sword":1,"minecraft:netherite_helmet":1,"minecraft:stone_sword":2,"minecraft:wooden_pickaxe":1,"minecraft:shield":1,"minecraft:iron_pickaxe":3,"minecraft:iron_helmet":2,"minecraft:stone_pickaxe":2,"minecraft:diamond_boots":1,"minecraft:wooden_axe":1},"minecraft:dropped":{"minecraft:iron_sword":8,"minecraft:piston":1,"minecraft:porkchop":9,"chococraft:loverly_gysahl_green":1,"minecraft:glass_bottle":8,"minecraft:diamond":2,"minecraft:red_sandstone":2,"irons_spellbooks:fireward_ring":2,"iceandfire:ectoplasm":2,"minecraft:cracked_stone_bricks":28,"minecraft:rail":4,"graveyard:corruption":6,"minecraft:red_mushroom":1,"minecraft:emerald":3,"minecraft:gold_block":3,"minecraft:dirt":53,"minecraft:dark_oak_fence":2,"minecraft:cracked_deepslate_tiles":1,"minecraft:mangrove_stairs":4,"iceandfire:armor_copper_metal_boots":2,"minecraft:gold_nugget":49,"minecraft:bone_meal":4,"minecraft:sand":39,"minecraft:iron_pickaxe":2,"rottencreatures:magma_rotten_flesh":1,"minecraft:fishing_rod":1,"minecraft:dark_oak_boat":1,"minecraft:bone":47,"minecraft:sugar_cane":7,"minecraft:diamond_block":1,"minecraft:iron_nugget":15,"minecraft:cobbled_deepslate":94,"minecraft:netherite_sword":2,"minecraft:wheat":2,"minecraft:rotten_flesh":171,"minecraft:oak_planks":16,"minecraft:light_gray_carpet":3,"alexsmobs:emu_egg":1,"irons_spellbooks:blood_staff":5,"minecraft:warped_planks":5,"minecraft:salmon":1,"minecraft:dark_oak_fence_gate":2,"minecraft:chiseled_deepslate":3,"minecraft:deepslate_tiles":10,"minecraft:charcoal":2,"iceandfire:crackled_cobblestone":1,"minecraft:acacia_sapling":1,"minecraft:spruce_slab":2,"iceandfire:manuscript":6,"minecraft:enchanted_book":4,"minecraft:iron_ingot":2,"born_in_chaos_v1:shattered_skull":2,"minecraft:wheat_seeds":21,"minecraft:cobbled_deepslate_stairs":2,"minecraft:tnt":54,"minecraft:dripstone_block":1,"minecraft:iron_helmet":4,"minecraft:feather":4,"minecraft:cobblestone":374,"artifacts:whoopee_cushion":4,"chococraft:gysahl_green_seeds":28,"minecraft:granite":4,"minecraft:coal":15,"minecraft:golden_apple":1,"minecraft:lava_bucket":2,"minecraft:cobweb":4,"artifacts:plastic_drinking_hat":1,"minecraft:diamond_helmet":1,"minecraft:white_banner":1,"minecraft:mud":4,"minecraft:string":8,"minecraft:smooth_sandstone":1,"minecraft:trapped_chest":1,"minecraft:acacia_planks":1,"minecraft:moss_carpet":4,"minecraft:soul_torch":1,"minecraft:smooth_stone_slab":1,"minecraft:green_bed":1,"born_in_chaos_v1:rotten_fish":2,"minecraft:iron_boots":4,"minecraft:red_sandstone_slab":2,"iceandfire:armor_copper_metal_helmet":3,"minecraft:nether_bricks":14,"minecraft:polished_deepslate_stairs":1,"minecraft:big_dripleaf":6,"minecraft:potato":2,"minecraft:cobblestone_slab":12,"minecraft:hay_block":26,"minecraft:spruce_planks":1,"minecraft:diamond_pickaxe":2,"minecraft:stone_pressure_plate":3,"minecraft:spider_eye":2,"minecraft:stone_bricks":17,"minecraft:bow":1,"minecraft:red_sand":5,"minecraft:crimson_hyphae":2,"minecraft:candle":1,"minecraft:moss_block":7,"minecraft:oak_log":6,"minecraft:golden_pickaxe":2,"minecraft:ender_pearl":2,"minecraft:deepslate_tile_wall":1,"minecraft:jungle_planks":75,"minecraft:red_wool":2,"minecraft:flint":2,"minecraft:dark_oak_log":1,"minecraft:dispenser":2,"born_in_chaos_v1:monster_skin":5,"minecraft:crimson_roots":7,"minecraft:polished_blackstone_bricks":5,"minecraft:cauldron":1,"minecraft:gravel":13,"minecraft:mangrove_roots":5,"irons_spellbooks:diamond_spell_book":1,"born_in_chaos_v1:ethereal_spirit":1,"iceandfire:fire_lily":2,"minecraft:carrot":1,"minecraft:chiseled_stone_bricks":1,"minecraft:gunpowder":13,"irons_spellbooks:magic_cloth":2,"minecraft:stone_brick_wall":1,"born_in_chaos_v1:corpse_maggot":41,"minecraft:iron_bars":1,"minecraft:arrow":39,"iceandfire:armor_copper_metal_leggings":2,"minecraft:quartz":3,"minecraft:netherrack":434,"minecraft:water_bucket":1,"chococraft:gold_gysahl":1,"minecraft:mossy_cobblestone":1,"mowziesmobs:foliaath_seed":2,"minecraft:mangrove_propagule":3,"minecraft:dark_oak_pressure_plate":1,"minecraft:copper_ingot":2,"minecraft:stick":76,"minecraft:magenta_bed":2,"irons_spellbooks:scroll":6,"minecraft:deepslate_brick_stairs":1,"minecraft:smooth_red_sandstone":6,"minecraft:diorite":5,"quark:blossom_log":7,"iceandfire:armor_copper_boots":1,"minecraft:torch":21,"minecraft:nether_wart_block":1,"minecraft:brown_wool":2,"born_in_chaos_v1:fused_bone":2,"minecraft:iron_door":1,"minecraft:fire_charge":2,"minecraft:iron_leggings":1,"minecraft:tripwire_hook":2,"minecraft:redstone_block":2,"minecraft:redstone":32,"minecraft:tuff":3,"iceandfire:witherbone":4,"minecraft:wither_skeleton_skull":1,"minecraft:light_gray_wool":4,"minecraft:red_terracotta":3,"minecraft:cut_red_sandstone":2,"minecraft:flint_and_steel":2,"minecraft:deepslate_bricks":27,"minecraft:filled_map":2,"iceandfire:copper_sword":1,"minecraft:iron_chestplate":8,"iceandfire:tide_bronze_boots":1,"minecraft:golden_leggings":1,"minecraft:mossy_stone_bricks":31,"minecraft:magenta_candle":3,"minecraft:stone_pickaxe":2,"minecraft:wooden_pickaxe":4,"minecraft:cracked_deepslate_bricks":6,"minecraft:nautilus_shell":2},"minecraft:killed":{"minecraft:cave_spider":29,"born_in_chaos_v1:restless_spirit":3,"born_in_chaos_v1:zombie_lumberjack":3,"graveyard:wraith":14,"born_in_chaos_v1:siamese_skeletonsright":3,"minecraft:skeleton":51,"graveyard:acolyte":49,"minecraft:chicken":4,"born_in_chaos_v1:skeleton_thrasher":1,"iceandfire:myrmex_worker":5,"minecraft:magma_cube":3,"minecraft:pillager":15,"irons_spellbooks:summoned_vex":2,"minecraft:zombie":152,"iceandfire:myrmex_queen":1,"born_in_chaos_v1:corpse_fly":17,"iceandfire:sea_serpent":4,"minecraft:cow":3,"mowziesmobs:naga":3,"graveyard:corrupted_vindicator":10,"minecraft:endermite":4,"minecraft:vindicator":9,"born_in_chaos_v1:thornshell_crab":1,"minecraft:zoglin":2,"naturalist:duck":3,"born_in_chaos_v1:firelight":4,"rottencreatures:undead_miner":1,"born_in_chaos_v1:spirit_guide":1,"minecraft:husk":23,"alexsmobs:guster":4,"graveyard:ghoul":4,"irons_spellbooks:citadel_keeper":1,"born_in_chaos_v1:decrepit_skeleton":12,"iceandfire:ghost":3,"aquaculture:synodontis":2,"born_in_chaos_v1:dark_vortex":1,"minecraft:enderman":18,"born_in_chaos_v1:zombie_clown":1,"graveyard:skeleton_creeper":2,"minecraft:witch":2,"rottencreatures:burned":4,"minecraft:spider":5,"naturalist:snail":1,"minecraft:silverfish":11,"born_in_chaos_v1:firelight_not_despawn":3,"artifacts:mimic":3,"born_in_chaos_v1:bonescaller":2,"minecraft:pig":6,"irons_spellbooks:dead_king":1,"minecraft:zombie_villager":5,"born_in_chaos_v1:diamond_termite":1,"minecraft:creeper":3,"alexsmobs:crimson_mosquito":9,"born_in_chaos_v1:dread_hound":8,"minecraft:stray":1,"graveyard:corrupted_pillager":8,"minecraft:blaze":1,"alexsmobs:jerboa":1,"born_in_chaos_v1:siamese_skeletonsleft":3,"born_in_chaos_v1:missioner":1,"graveyard:revenant":1,"alexsmobs:rattlesnake":1,"born_in_chaos_v1:zombie_bruiser":4,"born_in_chaos_v1:maggot":53,"alexsmobs:blue_jay":1,"minecraft:drowned":2,"born_in_chaos_v1:corpse_fish":11,"born_in_chaos_v1:siamese_skeletons":1,"born_in_chaos_v1:fallen_chaos_knight":1,"born_in_chaos_v1:swarmer":1,"born_in_chaos_v1:baby_skeleton":1,"born_in_chaos_v1:spirit_guide_assistant":4,"minecraft:bat":2,"iceandfire:myrmex_soldier":2,"born_in_chaos_v1:nightmare_stalker":2,"minecraft:wither_skeleton":16},"minecraft:mined":{"minecraft:dark_oak_planks":14,"minecraft:white_bed":1,"minecraft:black_terracotta":7,"minecraft:chiseled_red_sandstone":2,"minecraft:jungle_leaves":115,"minecraft:obsidian":2,"minecraft:granite":38,"minecraft:smooth_red_sandstone_stairs":1,"minecraft:red_sand":11,"minecraft:chiseled_polished_blackstone":7,"minecraft:acacia_log":7,"minecraft:deepslate_tile_wall":4,"minecraft:stone_brick_wall":7,"minecraft:brown_wool":2,"minecraft:jungle_log":72,"minecraft:orange_candle":1,"minecraft:deepslate_bricks":136,"minecraft:deepslate_tile_stairs":9,"minecraft:spawner":45,"minecraft:weeping_vines_plant":3,"minecraft:polished_blackstone_bricks":16,"minecraft:tall_seagrass":1,"minecraft:cobbled_deepslate":18,"minecraft:fire":3,"minecraft:barrel":2,"minecraft:moss_carpet":2,"minecraft:deepslate_lapis_ore":19,"minecraft:enchanting_table":7,"minecraft:sculk_shrieker":1,"minecraft:cave_vines":1,"minecraft:polished_deepslate_slab":11,"quark:limestone":27,"minecraft:deepslate_brick_stairs":11,"minecraft:green_carpet":2,"minecraft:smooth_sandstone_stairs":11,"minecraft:orange_bed":1,"minecraft:cut_sandstone":68,"minecraft:red_bed":3,"minecraft:crimson_nylium":1,"minecraft:smoker":2,"minecraft:deepslate_tile_slab":10,"minecraft:torch":1,"minecraft:note_block":1,"minecraft:blast_furnace":5,"minecraft:melon":34,"minecraft:dead_bush":11,"minecraft:white_stained_glass_pane":7,"quark:blossom_log":7,"minecraft:spruce_wall_sign":5,"minecraft:white_candle":1,"minecraft:cyan_bed":6,"minecraft:sugar_cane":35,"minecraft:smooth_sandstone_slab":4,"minecraft:skeleton_skull":1,"minecraft:white_terracotta":1,"minecraft:chain":3,"minecraft:repeater":1,"minecraft:mud":17,"minecraft:wheat":10,"minecraft:magenta_bed":5,"minecraft:stone_brick_stairs":16,"minecraft:black_bed":1,"born_in_chaos_v1:black_argillite_brick":2,"minecraft:infested_mossy_stone_bricks":1,"minecraft:grass":58,"minecraft:mangrove_log":2,"quark:indigo_corundum_cluster":4,"minecraft:cut_red_sandstone":26,"minecraft:piston":1,"minecraft:deepslate":235,"minecraft:yellow_terracotta":22,"minecraft:deepslate_tiles":36,"minecraft:light_gray_stained_glass_pane":10,"minecraft:mossy_cobblestone":12,"minecraft:dark_oak_log":10,"minecraft:purple_candle":1,"minecraft:nether_bricks":3,"minecraft:dark_oak_fence":4,"minecraft:jungle_planks":9,"born_in_chaos_v1:black_argillite":1,"minecraft:stripped_jungle_wood":1,"graveyard:tg_deepslate":19,"minecraft:crimson_roots":10,"minecraft:redstone_wire":2,"minecraft:red_sandstone_stairs":1,"minecraft:moss_block":7,"iceandfire:myrmex_desert_biolight":4,"minecraft:packed_mud":1,"graveyard:tg_moss_block":3,"minecraft:red_sandstone":23,"minecraft:acacia_wood":17,"minecraft:andesite":24,"minecraft:mossy_stone_brick_stairs":2,"minecraft:vine":24,"minecraft:rail":1,"minecraft:bamboo":14,"irons_spellbooks:inscription_table":6,"minecraft:white_wool":13,"minecraft:light_gray_carpet":5,"minecraft:mangrove_stairs":13,"minecraft:redstone_block":3,"minecraft:red_sandstone_slab":1,"minecraft:soul_sand":13,"quark:oak_chest":4,"minecraft:stone_brick_slab":11,"minecraft:smooth_sandstone":7,"graveyard:tg_rooted_dirt":2,"minecraft:campfire":1,"minecraft:copper_ore":15,"minecraft:tall_grass":1,"minecraft:dried_kelp_block":1,"minecraft:cracked_deepslate_bricks":35,"minecraft:diorite":21,"minecraft:red_terracotta":2,"minecraft:purple_bed":1,"minecraft:coarse_dirt":2,"minecraft:trapped_chest":2,"graveyard:vase_block":4,"minecraft:spruce_log":5,"quark:prismarine_chest":2,"minecraft:birch_leaves":3,"minecraft:magenta_candle":3,"minecraft:mangrove_leaves":39,"minecraft:gravel":20,"minecraft:dripstone_block":4,"minecraft:cobweb":80,"minecraft:brown_terracotta":4,"minecraft:acacia_planks":3,"minecraft:polished_blackstone":16,"quark:crimson_chest":2,"minecraft:stone_bricks":193,"minecraft:deepslate_emerald_ore":1,"minecraft:fern":4,"minecraft:large_amethyst_bud":1,"minecraft:spruce_planks":11,"minecraft:stone_pressure_plate":3,"graveyard:tg_coarse_dirt":1,"minecraft:cobbled_deepslate_stairs":2,"minecraft:mossy_stone_brick_slab":1,"minecraft:sculk_vein":1,"minecraft:cobblestone_stairs":1,"minecraft:spruce_trapdoor":2,"minecraft:stripped_crimson_hyphae":1,"minecraft:grass_block":32,"minecraft:cracked_polished_blackstone_bricks":17,"minecraft:mangrove_fence":4,"minecraft:soul_soil":1,"minecraft:frosted_ice":1,"minecraft:polished_blackstone_pressure_plate":1,"minecraft:gilded_blackstone":1,"iceandfire:crackled_cobblestone":1,"minecraft:smooth_stone":1,"minecraft:sculk_catalyst":3,"minecraft:glowstone":11,"born_in_chaos_v1:black_argillite_brick_slab":4,"minecraft:iron_ore":66,"minecraft:anvil":3,"iceandfire:crackled_dirt":7,"minecraft:brown_bed":2,"minecraft:pointed_dripstone":3,"chococraft:gysahl_green":43,"minecraft:skeleton_wall_skull":1,"minecraft:flowering_azalea_leaves":1,"minecraft:iron_bars":14,"quark:indigo_corundum":1,"quark:warped_chest":1,"minecraft:azalea":1,"graveyard:wither_skull_pile":1,"minecraft:spruce_slab":6,"minecraft:green_bed":5,"minecraft:deepslate_redstone_ore":6,"minecraft:gray_terracotta":1,"minecraft:cyan_terracotta":1,"minecraft:blackstone":8,"minecraft:polished_deepslate_stairs":10,"minecraft:orange_terracotta":2,"minecraft:chest":6,"iceandfire:fire_lily":1,"minecraft:cobblestone":53,"graveyard:skeleton_hand":2,"minecraft:slime_block":2,"graveyard:lying_skeleton":2,"minecraft:grindstone":1,"minecraft:oak_planks":54,"minecraft:iron_door":2,"minecraft:wall_torch":2,"minecraft:cauldron":1,"minecraft:seagrass":1,"minecraft:dark_oak_slab":1,"minecraft:nether_wart_block":11,"minecraft:warped_planks":13,"minecraft:light_gray_wool":11,"minecraft:tnt":121,"minecraft:smooth_stone_slab":3,"minecraft:cracked_deepslate_tiles":7,"graveyard:creeper_skeleton":1,"minecraft:oak_log":18,"minecraft:sand":230,"minecraft:dirt":86,"minecraft:crimson_planks":1,"structure_gel:dynamic_spawner":1,"minecraft:tripwire_hook":2,"minecraft:wither_skeleton_skull":1,"minecraft:dispenser":6,"minecraft:netherrack":57,"minecraft:oak_leaves":261,"minecraft:emerald_block":1,"minecraft:nether_gold_ore":1,"minecraft:red_carpet":1,"minecraft:tuff":41,"minecraft:candle_cake":1,"minecraft:candle":2,"minecraft:stripped_mangrove_log":3,"minecraft:deepslate_diamond_ore":14,"minecraft:mangrove_roots":20,"born_in_chaos_v1:infected_diamond_ore":1,"iceandfire:crackled_gravel":5,"minecraft:dark_oak_pressure_plate":2,"minecraft:purple_terracotta":3,"minecraft:black_banner":2,"minecraft:brick_stairs":2,"minecraft:weeping_vines":1,"minecraft:spruce_leaves":3,"minecraft:sandstone":40,"minecraft:mangrove_propagule":2,"minecraft:crimson_stem":21,"quark:jasper":10,"minecraft:large_fern":2,"minecraft:hay_block":69,"graveyard:soul_fire_brazier":4,"minecraft:deepslate_brick_slab":2,"minecraft:furnace":2,"minecraft:waxed_oxidized_cut_copper_slab":3,"iceandfire:crackled_grass":3,"minecraft:dark_oak_fence_gate":4,"minecraft:chiseled_deepslate":6,"minecraft:gold_block":1,"minecraft:polished_deepslate":5,"minecraft:bookshelf":9,"minecraft:deepslate_iron_ore":2,"minecraft:stone":537,"minecraft:acacia_leaves":2,"born_in_chaos_v1:marigolds":1,"minecraft:red_wool":10,"minecraft:infested_stone_bricks":3,"minecraft:polished_granite":3,"minecraft:stripped_dark_oak_log":25,"minecraft:basalt":3,"relics:researching_table":1,"graveyard:small_light_gray_urn":1,"minecraft:crafting_table":10,"minecraft:light_gray_wall_banner":1,"minecraft:sculk_sensor":7,"graveyard:tg_grass_block":3,"born_in_chaos_v1:chipped_black_argillite_brick":3,"minecraft:lapis_ore":16,"minecraft:sculk":2,"minecraft:polished_blackstone_brick_stairs":1,"minecraft:spruce_stairs":3,"minecraft:gray_wool":1,"minecraft:lime_bed":1,"minecraft:brick_slab":2,"minecraft:gray_bed":1,"iceandfire:ash":3,"minecraft:mangrove_planks":10,"minecraft:yellow_bed":2,"minecraft:warped_hyphae":1,"minecraft:coal_ore":151,"graveyard:leaning_skeleton":2,"minecraft:cracked_stone_bricks":73,"minecraft:terracotta":26,"minecraft:polished_andesite":6,"minecraft:mossy_stone_bricks":27,"minecraft:crimson_hyphae":4},"minecraft:killed_by":{"born_in_chaos_v1:nightmare_stalker":5,"minecraft:ravager":2,"graveyard:acolyte":7,"minecraft:vindicator":1,"irons_spellbooks:citadel_keeper":1,"alexsmobs:rhinoceros":1,"minecraft:zombie":7,"born_in_chaos_v1:scarlet_persecutor":1,"minecraft:vex":2,"rottencreatures:undead_miner":1,"minecraft:stray":1,"born_in_chaos_v1:zombie_lumberjack":1,"born_in_chaos_v1:firelight":5,"minecraft:warden":2,"iceandfire:ghost":2,"born_in_chaos_v1:dread_hound":1,"minecraft:creeper":5,"born_in_chaos_v1:zombie_bruiser":2,"minecraft:drowned":1,"graveyard:skeleton_creeper":2,"iceandfire:stymphalian_bird":2,"iceandfire:sea_serpent":7,"minecraft:piglin":2,"alexsmobs:crocodile":1,"minecraft:silverfish":1,"graveyard:wraith":2,"iceandfire:fire_dragon":1,"minecraft:player":4,"minecraft:spider":2,"minecraft:enderman":1,"born_in_chaos_v1:decaying_zombie":1,"irons_spellbooks:necromancer":2,"irons_spellbooks:dead_king":76,"minecraft:hoglin":2,"minecraft:skeleton":7,"iceandfire:lightning_dragon":16,"alexsmobs:crimson_mosquito":7,"graveyard:corrupted_vindicator":1},"minecraft:used":{"minecraft:polished_blackstone":9,"minecraft:chest":6,"minecraft:soul_sand":5,"minecraft:jungle_sapling":2,"minecraft:lava_bucket":35,"iceandfire:crackled_gravel":19,"minecraft:red_wool":2,"minecraft:bow":19,"minecraft:dark_oak_boat":4,"quark:prismarine_chest":1,"minecraft:oak_sapling":1,"minecraft:furnace":2,"minecraft:cooked_cod":4,"minecraft:egg":1,"minecraft:diorite":9,"minecraft:mossy_stone_bricks":3,"minecraft:leather_leggings":1,"minecraft:leather_chestplate":1,"minecraft:wooden_pickaxe":207,"minecraft:golden_apple":16,"minecraft:sand":214,"minecraft:blast_furnace":4,"minecraft:smooth_red_sandstone":6,"minecraft:deepslate_tiles":1,"minecraft:red_sandstone":20,"minecraft:polished_granite":1,"minecraft:diamond_sword":450,"minecraft:wooden_sword":35,"minecraft:oak_boat":1,"minecraft:stone_sword":295,"minecraft:acacia_log":1,"minecraft:enchanting_table":6,"minecraft:netherrack":356,"minecraft:orange_bed":1,"minecraft:anvil":2,"minecraft:torch":88,"iceandfire:copper_sword":26,"minecraft:jungle_log":21,"minecraft:barrel":1,"minecraft:glowstone":11,"minecraft:cobbled_deepslate":49,"minecraft:acacia_planks":4,"minecraft:water_bucket":17,"minecraft:smooth_sandstone_slab":1,"minecraft:cracked_stone_bricks":24,"minecraft:deepslate_bricks":85,"minecraft:polished_blackstone_bricks":1,"graveyard:bone_dagger":1,"minecraft:polished_deepslate_slab":1,"minecraft:mossy_cobblestone":5,"minecraft:tnt":97,"minecraft:crafting_table":29,"minecraft:red_bed":3,"minecraft:white_bed":2,"minecraft:dark_oak_fence_gate":1,"minecraft:mud":6,"minecraft:diamond_pickaxe":385,"chococraft:gysahl_green_seeds":2,"minecraft:iron_pickaxe":1636,"minecraft:suspicious_stew":1,"quark:crimson_chest":2,"minecraft:cobblestone":386,"minecraft:cooked_porkchop":24,"quark:oak_chest":3,"iceandfire:tide_trident":1,"minecraft:red_sand":4,"minecraft:shield":250,"minecraft:iron_sword":639,"minecraft:iron_chestplate":3,"minecraft:jungle_planks":164,"minecraft:carrot":16,"minecraft:obsidian":1,"born_in_chaos_v1:corpse_maggot":7,"minecraft:packed_mud":1,"minecraft:iron_helmet":4,"minecraft:stone_bricks":36,"minecraft:hay_block":3,"minecraft:mangrove_roots":4,"minecraft:gray_bed":1,"minecraft:skeleton_skull":1,"relics:researching_table":1,"minecraft:oak_planks":271,"minecraft:stone_pickaxe":494,"minecraft:mangrove_planks":1,"minecraft:ender_pearl":1,"minecraft:sandstone":35,"minecraft:sugar_cane":16,"minecraft:yellow_terracotta":19,"minecraft:light_gray_terracotta":5,"minecraft:crossbow":28,"minecraft:black_bed":1,"minecraft:melon_slice":154,"minecraft:bread":198,"minecraft:cyan_bed":6,"minecraft:brown_wool":1,"minecraft:stripped_warped_hyphae":6,"born_in_chaos_v1:rotten_fish":2,"naturalist:cooked_duck":3,"chococraft:gysahl_green":82,"minecraft:golden_pickaxe":4,"minecraft:experience_bottle":475,"minecraft:netherite_sword":387,"minecraft:cracked_deepslate_bricks":1,"minecraft:flint_and_steel":26,"minecraft:spruce_planks":6,"minecraft:cooked_chicken":3,"minecraft:spyglass":201,"iceandfire:armor_copper_metal_boots":1,"minecraft:dirt":83,"alexsmobs:cooked_kangaroo_meat":1,"minecraft:granite":24,"minecraft:brown_terracotta":20,"minecraft:dark_oak_planks":66,"minecraft:wooden_axe":108,"minecraft:smooth_sandstone":5,"iceandfire:crackled_dirt":7,"minecraft:iron_boots":2,"minecraft:crimson_planks":9,"minecraft:light_gray_wool":1,"minecraft:golden_carrot":13,"minecraft:cooked_beef":4,"minecraft:light_gray_bed":1,"minecraft:enchanted_golden_apple":5,"minecraft:iron_leggings":5,"minecraft:brown_bed":2,"minecraft:acacia_boat":3,"minecraft:polished_andesite":3,"minecraft:cut_sandstone":50,"minecraft:green_bed":5,"minecraft:stripped_dark_oak_log":1,"minecraft:terracotta":58,"quark:acacia_chest":1,"minecraft:lime_bed":1,"minecraft:magenta_bed":6,"graveyard:soul_fire_brazier":3,"minecraft:warped_planks":29,"minecraft:smoker":3,"minecraft:apple":5,"iceandfire:dragonbone_bow":142,"minecraft:cracked_polished_blackstone_bricks":4,"minecraft:netherite_axe":5,"minecraft:fishing_rod":21,"minecraft:bucket":54,"minecraft:yellow_bed":1,"alexsmobs:animal_dictionary":2,"irons_spellbooks:inscription_table":5,"alexsmobs:emu_egg":6},"minecraft:crafted":{"minecraft:smooth_stone":3,"irons_spellbooks:copper_spell_book":1,"minecraft:cooked_porkchop":13,"minecraft:copper_ingot":18,"minecraft:light_gray_bed":2,"quark:oak_chest":2,"minecraft:iron_pickaxe":2,"minecraft:iron_block":7,"minecraft:stone_pickaxe":5,"minecraft:dark_oak_planks":96,"minecraft:wheat":261,"quark:crimson_chest":2,"iceandfire:tide_bronze_chestplate":1,"minecraft:glowstone":12,"minecraft:orange_dye":1,"minecraft:wooden_axe":5,"minecraft:iron_leggings":2,"minecraft:white_bed":1,"irons_spellbooks:diamond_spell_book":1,"naturalist:cooked_duck":3,"minecraft:oak_planks":76,"minecraft:cobblestone_slab":12,"minecraft:dark_oak_boat":2,"minecraft:cooked_chicken":3,"minecraft:stone":3,"minecraft:warped_planks":36,"minecraft:bow":1,"minecraft:chest":1,"minecraft:crafting_table":19,"minecraft:spruce_planks":8,"minecraft:wooden_pickaxe":5,"minecraft:iron_chestplate":1,"minecraft:paper":6,"minecraft:diamond_pickaxe":1,"minecraft:shield":4,"minecraft:stick":80,"minecraft:iron_ingot":57,"minecraft:stone_sword":2,"irons_spellbooks:magic_cloth":4,"minecraft:wooden_sword":3,"minecraft:furnace":1,"minecraft:blast_furnace":1,"iceandfire:tide_bronze_boots":1,"iceandfire:tide_bronze_leggings":1,"quark:acacia_chest":1,"iceandfire:tide_bronze_helmet":1,"relics:researching_table":1,"minecraft:cooked_beef":4,"minecraft:cooked_cod":7,"minecraft:crimson_planks":80,"iceandfire:tide_trident":1,"minecraft:iron_sword":3,"minecraft:mangrove_planks":16,"minecraft:acacia_boat":1,"minecraft:bread":110,"minecraft:jungle_planks":212,"minecraft:oak_boat":1,"minecraft:gold_nugget":27,"minecraft:acacia_planks":36},"minecraft:custom":{"minecraft:interact_with_crafting_table":102,"minecraft:open_barrel":140,"minecraft:bell_ring":2,"minecraft:leave_game":13,"minecraft:time_since_death":178446,"minecraft:damage_blocked_by_shield":4745,"minecraft:play_time":1760797,"minecraft:deaths":193,"minecraft:jump":16216,"minecraft:enchant_item":17,"minecraft:interact_with_furnace":17,"minecraft:interact_with_cartography_table":1,"minecraft:sleep_in_bed":48,"minecraft:waystone_activated":2,"minecraft:damage_dealt":86995,"minecraft:interact_with_smoker":12,"minecraft:inspect_dispenser":2,"minecraft:horse_one_cm":191,"minecraft:interact_with_anvil":10,"minecraft:damage_dealt_absorbed":64,"minecraft:sneak_time":126312,"minecraft:interact_with_blast_furnace":27,"minecraft:total_world_time":1760797,"minecraft:time_since_rest":9523,"minecraft:swim_one_cm":748218,"minecraft:fly_one_cm":1560233,"minecraft:open_chest":545,"minecraft:fish_caught":16,"minecraft:fall_one_cm":312903,"minecraft:damage_resisted":488,"minecraft:sprint_one_cm":3791825,"minecraft:drop":820,"minecraft:play_noteblock":3,"minecraft:talked_to_villager":17,"minecraft:interact_with_brewingstand":2,"minecraft:walk_on_water_one_cm":240962,"minecraft:interact_with_loom":8,"minecraft:player_kills":2,"minecraft:crouch_one_cm":322718,"minecraft:mob_kills":693,"minecraft:interact_with_campfire":9,"minecraft:damage_dealt_resisted":4376,"minecraft:climb_one_cm":93208,"minecraft:walk_one_cm":6095924,"minecraft:walk_under_water_one_cm":156838,"minecraft:boat_one_cm":10549,"minecraft:damage_taken":74835,"minecraft:damage_absorbed":677,"minecraft:trigger_trapped_chest":37},"minecraft:picked_up":{"minecraft:wooden_axe":1,"minecraft:iron_chestplate":5,"minecraft:red_sandstone_stairs":1,"minecraft:anvil":3,"minecraft:diamond_sword":1,"minecraft:brown_bed":2,"minecraft:enchanted_book":7,"minecraft:polished_blackstone_brick_stairs":1,"minecraft:polished_deepslate":4,"minecraft:string":111,"alexsmobs:blood_sprayer":1,"minecraft:dark_oak_pressure_plate":1,"minecraft:diamond_leggings":1,"minecraft:gold_nugget":49,"minecraft:cobbled_deepslate":237,"minecraft:spruce_planks":7,"iceandfire:myrmex_desert_resin":12,"minecraft:melon_slice":169,"minecraft:mangrove_log":1,"born_in_chaos_v1:shattered_skull":4,"minecraft:big_dripleaf":12,"minecraft:green_bed":7,"minecraft:acacia_log":7,"quark:blossom_log":7,"iceandfire:lightning_dragon_flesh":9,"minecraft:warped_planks":14,"minecraft:deepslate_tile_stairs":5,"minecraft:cauldron":1,"minecraft:orange_bed":1,"minecraft:cyan_terracotta":1,"minecraft:iron_bars":4,"iceandfire:dragonscales_black":13,"minecraft:magma_block":2,"iceandfire:tide_bronze_boots":1,"minecraft:feather":6,"relics:holy_locket":1,"minecraft:iron_door":1,"minecraft:water_bucket":1,"minecraft:jungle_log":74,"minecraft:brown_wool":3,"minecraft:dark_oak_boat":3,"minecraft:copper_block":1,"minecraft:smoker":3,"quark:warped_chest":1,"minecraft:flint":2,"alexsmobs:cooked_kangaroo_meat":2,"minecraft:magenta_bed":7,"born_in_chaos_v1:marigolds":1,"artifacts:antidote_vessel":1,"minecraft:glowstone_dust":78,"minecraft:moss_block":11,"minecraft:magenta_candle":9,"irons_spellbooks:frostward_ring":1,"alexsmobs:shark_tooth":1,"iceandfire:dragon_skull_fire":2,"iceandfire:myrmex_stinger":1,"iceandfire:lightning_dragon_heart":2,"minecraft:trapped_chest":2,"minecraft:dark_oak_log":10,"minecraft:red_terracotta":5,"minecraft:barrel":2,"naturalist:duck_egg":2,"quark:jasper":7,"minecraft:polished_andesite":3,"minecraft:dispenser":3,"alexsmobs:guster_eye":1,"iceandfire:myrmex_desert_egg":3,"minecraft:granite":28,"iceandfire:dragonbone_bow":1,"minecraft:bread":50,"minecraft:dark_oak_fence":2,"born_in_chaos_v1:rotten_fish":4,"minecraft:light_gray_carpet":8,"minecraft:crimson_roots":13,"minecraft:diamond_pickaxe":3,"minecraft:crafting_table":10,"iceandfire:dragon_skull_lightning":2,"minecraft:mud":19,"minecraft:coarse_dirt":1,"iceandfire:witherbone":4,"minecraft:clay_ball":19,"born_in_chaos_v1:seedof_chaos":1,"iceandfire:dragonbone_arrow":4,"minecraft:stripped_mangrove_log":3,"iceandfire:sea_serpent_scales_blue":6,"irons_spellbooks:diamond_spell_book":1,"minecraft:red_bed":3,"minecraft:flint_and_steel":2,"born_in_chaos_v1:intoxicating_decoction":1,"minecraft:iron_shovel":1,"graveyard:soul_fire_brazier":4,"minecraft:cracked_stone_bricks":83,"minecraft:netherite_sword":3,"minecraft:beef":4,"born_in_chaos_v1:gnawed_bones":3,"minecraft:jungle_sapling":3,"minecraft:iron_nugget":15,"minecraft:spruce_slab":8,"minecraft:chest":5,"minecraft:piston":1,"minecraft:egg":2,"minecraft:polished_deepslate_slab":1,"minecraft:sandstone":35,"naturalist:duck":3,"minecraft:fire_charge":2,"iceandfire:armor_copper_metal_boots":3,"minecraft:carrot":9,"minecraft:redstone":24,"minecraft:netherite_pickaxe":1,"minecraft:tnt":223,"minecraft:deepslate_bricks":119,"minecraft:hay_block":65,"minecraft:cracked_deepslate_bricks":29,"minecraft:yellow_terracotta":19,"born_in_chaos_v1:spiny_shell":8,"quark:indigo_corundum_cluster":5,"minecraft:polished_blackstone":9,"minecraft:white_wool":11,"irons_spellbooks:ancient_knowledge_fragment":2,"minecraft:rail":4,"minecraft:lime_bed":1,"born_in_chaos_v1:monster_flesh":1,"iceandfire:sea_serpent_fang":28,"minecraft:smooth_red_sandstone":12,"minecraft:tripwire_hook":2,"minecraft:red_mushroom":1,"minecraft:acacia_wood":17,"minecraft:filled_map":3,"minecraft:packed_mud":1,"graveyard:small_light_gray_urn":1,"minecraft:oak_log":25,"minecraft:golden_boots":2,"iceandfire:armor_copper_metal_helmet":3,"relics:spore_sack":1,"quark:limestone":27,"alexsmobs:mosquito_proboscis":3,"minecraft:white_banner":1,"chococraft:chocobo_feather":1,"chococraft:gysahl_green":122,"minecraft:apple":2,"minecraft:stone_bricks":145,"mowziesmobs:foliaath_seed":2,"minecraft:cobweb":20,"minecraft:gray_bed":1,"minecraft:glass_bottle":8,"minecraft:mangrove_planks":2,"iceandfire:armor_copper_boots":2,"minecraft:iron_sword":4,"iceandfire:copper_nugget":54,"minecraft:dark_oak_slab":1,"iceandfire:dragonbone_sword":1,"minecraft:red_wool":10,"born_in_chaos_v1:ethereal_spirit":8,"minecraft:gravel":18,"aquaculture:red_grouper":6,"minecraft:orange_candle":3,"minecraft:spruce_log":7,"minecraft:crying_obsidian":1,"minecraft:dragon_egg":1,"aquaculture:boulti":1,"minecraft:melon_seeds":1,"minecraft:stripped_dark_oak_log":18,"minecraft:mangrove_propagule":9,"minecraft:ender_pearl":33,"irons_spellbooks:scroll":11,"minecraft:chiseled_deepslate":4,"chococraft:loverly_gysahl_green":6,"minecraft:wheat":26,"aquaculture:synodontis":2,"minecraft:redstone_block":3,"iceandfire:armor_copper_metal_chestplate":1,"minecraft:stone_brick_stairs":5,"minecraft:crimson_planks":1,"minecraft:raw_copper":56,"minecraft:smooth_stone_slab":1,"minecraft:iron_leggings":2,"minecraft:tnt_minecart":1,"minecraft:experience_bottle":365,"minecraft:deepslate_tiles":23,"iceandfire:sea_serpent_scales_bronze":42,"irons_spellbooks:arcane_essence":79,"alexsmobs:blood_sac":12,"minecraft:red_sand":37,"minecraft:bucket":1,"artifacts:aqua_dashers":1,"minecraft:azalea":1,"minecraft:iron_pickaxe":4,"minecraft:deepslate_tile_wall":4,"irons_spellbooks:inscription_table":6,"minecraft:iron_boots":6,"minecraft:furnace":2,"minecraft:stick":80,"iceandfire:crackled_dirt":7,"iceandfire:armor_copper_metal_leggings":2,"minecraft:brown_terracotta":21,"minecraft:polished_deepslate_stairs":1,"minecraft:torch":40,"minecraft:spruce_stairs":3,"minecraft:porkchop":22,"iceandfire:crackled_gravel":20,"minecraft:pointed_dripstone":2,"minecraft:diorite":14,"born_in_chaos_v1:nightmare_claw":2,"minecraft:light_gray_banner":1,"quark:ancient_tome":2,"quark:prismarine_chest":2,"minecraft:mangrove_stairs":12,"minecraft:rotten_flesh":230,"minecraft:red_sandstone_slab":3,"iceandfire:crackled_grass":3,"alexsmobs:emu_egg":9,"minecraft:mangrove_roots":14,"minecraft:deepslate_brick_stairs":1,"minecraft:obsidian":1,"minecraft:cod":4,"minecraft:cobblestone":741,"minecraft:nautilus_shell":3,"minecraft:crimson_hyphae":2,"minecraft:enchanting_table":7,"minecraft:black_bed":1,"minecraft:golden_leggings":1,"minecraft:potato":2,"minecraft:tuff":18,"minecraft:wither_skeleton_skull":1,"minecraft:acacia_boat":2,"minecraft:lapis_lazuli":181,"minecraft:dirt":170,"minecraft:polished_granite":1,"born_in_chaos_v1:monster_skin":12,"irons_spellbooks:hogskin":16,"minecraft:bone":106,"minecraft:acacia_planks":3,"minecraft:bow":3,"minecraft:wheat_seeds":51,"minecraft:raw_gold":2,"minecraft:grindstone":1,"minecraft:mossy_stone_bricks":39,"minecraft:bamboo":132,"minecraft:oak_planks":121,"minecraft:black_terracotta":5,"irons_spellbooks:fireward_ring":2,"minecraft:cooked_porkchop":11,"graveyard:bone_dagger":1,"minecraft:sand":269,"minecraft:jungle_planks":45,"minecraft:cyan_bed":6,"minecraft:mossy_cobblestone":6,"artifacts:plastic_drinking_hat":2,"minecraft:light_gray_terracotta":18,"minecraft:yellow_carpet":1,"born_in_chaos_v1:fire_dust":6,"minecraft:diamond":29,"minecraft:slime_block":1,"minecraft:crossbow":1,"minecraft:cracked_polished_blackstone_bricks":4,"minecraft:bone_meal":68,"minecraft:golden_apple":7,"relics:researching_table":1,"minecraft:emerald":6,"minecraft:oak_sapling":7,"minecraft:netherrack":1469,"relics:space_dissector":4,"rottencreatures:magma_rotten_flesh":1,"quark:crimson_chest":1,"minecraft:fishing_rod":1,"minecraft:charcoal":2,"minecraft:chicken":4,"iceandfire:fire_lily":2,"minecraft:wooden_pickaxe":3,"alexsmobs:roadrunner_feather":1,"minecraft:stone_brick_wall":1,"minecraft:gold_block":4,"minecraft:chain":1,"minecraft:shield":1,"minecraft:moss_carpet":8,"minecraft:iron_axe":3,"graveyard:corruption":60,"quark:indigo_corundum":1,"minecraft:candle":1,"minecraft:light_gray_wool":15,"minecraft:sugar_cane":86,"minecraft:spruce_trapdoor":2,"minecraft:raw_iron":81,"iceandfire:dragonbone":36,"minecraft:end_stone":1,"iceandfire:deathworm_chitin_red":4,"minecraft:copper_ingot":2,"minecraft:bowl":1,"minecraft:polished_blackstone_bricks":9,"minecraft:stone_pressure_plate":4,"minecraft:purple_terracotta":3,"minecraft:dark_oak_planks":10,"minecraft:smooth_sandstone_slab":4,"artifacts:snorkel":1,"minecraft:arrow":77,"iceandfire:sea_serpent_scales_purple":5,"minecraft:weeping_vines":3,"minecraft:pumpkin_pie":4,"minecraft:nether_bricks":14,"relics:spatial_sign":1,"minecraft:black_banner":1,"minecraft:brick_stairs":2,"relics:reflection_necklace":2,"minecraft:skeleton_skull":3,"born_in_chaos_v1:fused_bone":2,"minecraft:cracked_deepslate_tiles":1,"born_in_chaos_v1:corpse_maggot":61,"minecraft:golden_carrot":21,"minecraft:glow_ink_sac":5,"minecraft:crimson_stem":20,"minecraft:salmon":3,"minecraft:cut_sandstone":50,"minecraft:leather":7,"iceandfire:ectoplasm":2,"minecraft:chainmail_chestplate":2,"minecraft:yellow_bed":2,"minecraft:nether_wart_block":14,"minecraft:cobbled_deepslate_stairs":3,"minecraft:gunpowder":29,"minecraft:deepslate_tile_slab":9,"minecraft:smooth_sandstone":6,"chococraft:gold_gysahl":3,"minecraft:red_sandstone":22,"minecraft:iron_ingot":23,"artifacts:whoopee_cushion":4,"iceandfire:sea_serpent_scales_deepblue":8,"minecraft:acacia_sapling":1,"minecraft:soul_sand":8,"iceandfire:crackled_cobblestone":1,"sophisticatedbackpacks:diamond_backpack":2,"minecraft:book":33,"minecraft:oak_slab":6,"minecraft:chiseled_stone_bricks":1,"iceandfire:ash":3,"minecraft:quartz":3,"minecraft:dripstone_block":1,"minecraft:lava_bucket":5,"born_in_chaos_v1:dark_rod":2,"irons_spellbooks:blood_staff":7,"chococraft:gysahl_green_seeds":68,"minecraft:soul_torch":1,"minecraft:blast_furnace":5,"minecraft:white_bed":1,"quark:oak_chest":4,"minecraft:dark_oak_fence_gate":3,"minecraft:green_carpet":2,"minecraft:mossy_stone_brick_slab":1,"minecraft:spider_eye":2,"minecraft:cut_red_sandstone":21,"mowziesmobs:naga_fang":1,"minecraft:dried_kelp_block":1,"minecraft:iron_helmet":5,"minecraft:stripped_jungle_wood":1,"minecraft:waxed_oxidized_cut_copper_slab":5,"minecraft:terracotta":58,"minecraft:coal":249}},"DataVersion":3120}