{"stats":{"minecraft:mined":{"minecraft:grass":2,"chococraft:gysahl_green":8,"minecraft:oak_log":7,"minecraft:stone":8,"minecraft:cracked_stone_bricks":1,"minecraft:stone_bricks":10,"minecraft:birch_leaves":3,"minecraft:mossy_stone_bricks":1,"minecraft:oak_leaves":12,"minecraft:crafting_table":2},"minecraft:crafted":{"minecraft:oak_planks":28,"minecraft:crafting_table":1,"minecraft:stick":8,"minecraft:wooden_pickaxe":1,"minecraft:wooden_axe":1},"minecraft:used":{"minecraft:wooden_axe":2,"minecraft:crafting_table":2,"minecraft:oak_planks":10,"minecraft:wooden_pickaxe":20},"minecraft:custom":{"minecraft:time_since_rest":5871,"minecraft:sprint_one_cm":474,"minecraft:play_time":5871,"minecraft:damage_taken":20,"minecraft:walk_one_cm":22400,"minecraft:jump":64,"minecraft:time_since_death":5871,"minecraft:walk_on_water_one_cm":20,"minecraft:total_world_time":5871,"minecraft:interact_with_crafting_table":4,"minecraft:fall_one_cm":1227},"minecraft:picked_up":{"minecraft:crafting_table":2,"minecraft:stick":1,"chococraft:gysahl_green":20,"minecraft:stone_bricks":10,"minecraft:cracked_stone_bricks":1,"minecraft:mossy_stone_bricks":1,"minecraft:oak_log":7,"chococraft:gysahl_green_seeds":8,"minecraft:cobblestone":8}},"DataVersion":3120}