{
  "betterdungeons:root": {
    "criteria": {
      "always": "2024-10-23 01:14:25 +0000"
    },
    "done": true
  },
  "iceandfire:iceandfire/root": {
    "criteria": {
      "tick": "2024-10-23 01:14:25 +0000"
    },
    "done": true
  },
  "minecraft:husbandry/root": {
    "criteria": {
      "consumed_item": "2024-10-23 01:19:24 +0000"
    },
    "done": true
  },
  "minecraft:story/iron_tools": {
    "criteria": {
      "iron_pickaxe": "2024-10-27 20:21:37 +0000"
    },
    "done": true
  },
  "minecraft:adventure/kill_a_mob": {
    "criteria": {
      "minecraft:zombie": "2024-10-23 01:25:56 +0000"
    },
    "done": true
  },
  "cataclysm:root": {
    "criteria": {
      "custom_test_name": "2024-10-23 01:14:25 +0000"
    },
    "done": true
  },
  "minecraft:adventure/kill_all_mobs": {
    "criteria": {
      "minecraft:witch": "2024-10-27 20:12:31 +0000",
      "minecraft:zombie": "2024-10-23 01:25:56 +0000"
    },
    "done": false
  },
  "minecraft:story/upgrade_tools": {
    "criteria": {
      "stone_pickaxe": "2024-10-23 01:16:47 +0000"
    },
    "done": true
  },
  "irons_spellbooks:grant_patchouli": {
    "criteria": {
      "tick": "2024-10-23 01:14:25 +0000"
    },
    "done": true
  },
  "minecraft:story/root": {
    "criteria": {
      "crafting_table": "2024-10-23 01:14:54 +0000"
    },
    "done": true
  },
  "dungeons_enhanced:root": {
    "criteria": {
      "entered_witch_tower": "2024-10-27 20:11:10 +0000"
    },
    "done": true
  },
  "minecraft:story/obtain_armor": {
    "criteria": {
      "iron_helmet": "2024-10-27 20:49:19 +0000"
    },
    "done": true
  },
  "minecraft:husbandry/balanced_diet": {
    "criteria": {
      "cooked_porkchop": "2024-10-27 20:50:51 +0000",
      "chicken": "2024-10-23 01:34:55 +0000",
      "cooked_beef": "2024-10-23 01:28:35 +0000",
      "beef": "2024-10-27 20:38:18 +0000",
      "porkchop": "2024-10-27 20:30:57 +0000",
      "beetroot_soup": "2024-10-27 20:12:37 +0000",
      "potato": "2024-10-27 20:39:47 +0000",
      "bread": "2024-10-27 20:06:25 +0000",
      "golden_apple": "2024-10-27 20:28:41 +0000"
    },
    "done": false
  },
  "minecraft:story/smelt_iron": {
    "criteria": {
      "iron": "2024-10-27 20:21:26 +0000"
    },
    "done": true
  },
  "minecraft:adventure/trade": {
    "criteria": {
      "traded": "2024-10-23 01:24:09 +0000"
    },
    "done": true
  },
  "minecraft:story/mine_stone": {
    "criteria": {
      "get_stone": "2024-10-23 01:16:16 +0000"
    },
    "done": true
  },
  "minecraft:adventure/root": {
    "criteria": {
      "killed_by_something": "2024-10-23 01:20:02 +0000"
    },
    "done": true
  },
  "dungeons_enhanced:ambitious_explorer": {
    "criteria": {
      "entered_witch_tower": "2024-10-27 20:11:10 +0000"
    },
    "done": false
  },
  "mowziesmobs:root": {
    "criteria": {
      "custom_test_name": "2024-10-23 01:14:25 +0000"
    },
    "done": true
  },
  "repurposed_structures:root": {
    "criteria": {
      "always": "2024-10-23 01:14:25 +0000"
    },
    "done": true
  },
  "minecraft:adventure/adventuring_time": {
    "criteria": {
      "minecraft:taiga": "2024-10-27 20:04:38 +0000",
      "minecraft:birch_forest": "2024-10-23 01:18:12 +0000",
      "minecraft:beach": "2024-10-27 20:02:39 +0000",
      "minecraft:dark_forest": "2024-10-27 20:00:55 +0000",
      "minecraft:sparse_jungle": "2024-10-23 01:30:49 +0000",
      "minecraft:river": "2024-10-23 01:21:29 +0000",
      "minecraft:forest": "2024-10-23 01:14:26 +0000",
      "minecraft:old_growth_spruce_taiga": "2024-10-27 20:05:11 +0000",
      "minecraft:windswept_savanna": "2024-10-23 01:29:43 +0000",
      "minecraft:old_growth_birch_forest": "2024-10-23 01:18:28 +0000",
      "minecraft:savanna": "2024-10-23 01:19:34 +0000",
      "minecraft:plains": "2024-10-23 01:19:09 +0000"
    },
    "done": false
  },
  "DataVersion": 3120
}