{
  "betterdungeons:all_dungeons": {
    "criteria": {
      "in_better_spider_dungeon": "2024-10-22 03:04:28 +0000"
    },
    "done": false
  },
  "betterdungeons:root": {
    "criteria": {
      "always": "2024-10-22 01:55:53 +0000"
    },
    "done": true
  },
  "minecraft:adventure/kill_a_mob": {
    "criteria": {
      "minecraft:zombie": "2024-10-22 02:07:47 +0000"
    },
    "done": true
  },
  "cataclysm:root": {
    "criteria": {
      "custom_test_name": "2024-10-22 01:55:53 +0000"
    },
    "done": true
  },
  "minecraft:adventure/kill_all_mobs": {
    "criteria": {
      "minecraft:pillager": "2024-10-22 02:57:33 +0000",
      "minecraft:skeleton": "2024-10-22 02:48:43 +0000",
      "minecraft:vindicator": "2024-10-22 03:11:27 +0000",
      "minecraft:spider": "2024-10-22 02:48:47 +0000",
      "minecraft:zombie": "2024-10-22 02:07:47 +0000"
    },
    "done": false
  },
  "graveyard:graveyard/dead_tree": {
    "criteria": {
      "dead_tree": "2024-10-22 02:21:12 +0000"
    },
    "done": true
  },
  "irons_spellbooks:grant_patchouli": {
    "criteria": {
      "tick": "2024-10-22 01:55:53 +0000"
    },
    "done": true
  },
  "minecraft:husbandry/balanced_diet": {
    "criteria": {
      "cooked_porkchop": "2024-10-22 02:39:28 +0000",
      "cooked_beef": "2024-10-22 03:10:46 +0000",
      "beef": "2024-10-22 02:57:06 +0000",
      "porkchop": "2024-10-22 02:04:08 +0000",
      "apple": "2024-10-22 03:12:22 +0000",
      "bread": "2024-10-22 02:49:34 +0000",
      "rotten_flesh": "2024-10-22 02:44:57 +0000",
      "glow_berries": "2024-10-22 02:51:20 +0000",
      "melon_slice": "2024-10-22 02:10:31 +0000"
    },
    "done": false
  },
  "minecraft:story/mine_stone": {
    "criteria": {
      "get_stone": "2024-10-22 01:59:34 +0000"
    },
    "done": true
  },
  "iceandfire:iceandfire/bestiary": {
    "criteria": {
      "bestiary": "2024-10-22 03:01:45 +0000"
    },
    "done": true
  },
  "minecraft:adventure/adventuring_time": {
    "criteria": {
      "minecraft:beach": "2024-10-22 03:09:20 +0000",
      "minecraft:mangrove_swamp": "2024-10-22 02:19:18 +0000",
      "minecraft:sparse_jungle": "2024-10-22 02:47:17 +0000",
      "minecraft:river": "2024-10-22 02:06:24 +0000",
      "minecraft:forest": "2024-10-22 01:55:54 +0000",
      "minecraft:desert": "2024-10-22 02:26:43 +0000",
      "minecraft:windswept_savanna": "2024-10-22 02:15:04 +0000",
      "minecraft:savanna": "2024-10-22 02:02:54 +0000",
      "minecraft:plains": "2024-10-22 02:00:05 +0000"
    },
    "done": false
  },
  "minecraft:adventure/sleep_in_bed": {
    "criteria": {
      "slept_in_bed": "2024-10-22 02:09:42 +0000"
    },
    "done": true
  },
  "minecraft:adventure/voluntary_exile": {
    "criteria": {
      "voluntary_exile": "2024-10-22 03:00:48 +0000"
    },
    "done": true
  },
  "iceandfire:iceandfire/root": {
    "criteria": {
      "tick": "2024-10-22 01:55:53 +0000"
    },
    "done": true
  },
  "minecraft:husbandry/root": {
    "criteria": {
      "consumed_item": "2024-10-22 02:04:08 +0000"
    },
    "done": true
  },
  "minecraft:story/iron_tools": {
    "criteria": {
      "iron_pickaxe": "2024-10-22 02:50:14 +0000"
    },
    "done": true
  },
  "minecraft:story/mine_diamond": {
    "criteria": {
      "diamond": "2024-10-22 02:50:20 +0000"
    },
    "done": true
  },
  "minecraft:story/upgrade_tools": {
    "criteria": {
      "stone_pickaxe": "2024-10-22 02:00:19 +0000"
    },
    "done": true
  },
  "minecraft:story/root": {
    "criteria": {
      "crafting_table": "2024-10-22 02:00:11 +0000"
    },
    "done": true
  },
  "minecraft:story/smelt_iron": {
    "criteria": {
      "iron": "2024-10-22 02:42:35 +0000"
    },
    "done": true
  },
  "betterdungeons:spider_dungeon": {
    "criteria": {
      "in_better_spider_dungeon": "2024-10-22 03:04:28 +0000"
    },
    "done": true
  },
  "artifacts:amateur_archaeologist": {
    "criteria": {
      "find_artifact": "2024-10-22 02:41:37 +0000"
    },
    "done": true
  },
  "minecraft:adventure/root": {
    "criteria": {
      "killed_something": "2024-10-22 02:01:12 +0000"
    },
    "done": true
  },
  "mowziesmobs:root": {
    "criteria": {
      "custom_test_name": "2024-10-22 01:55:53 +0000"
    },
    "done": true
  },
  "minecraft:story/deflect_arrow": {
    "criteria": {
      "deflected_projectile": "2024-10-22 03:11:00 +0000"
    },
    "done": true
  },
  "repurposed_structures:root": {
    "criteria": {
      "always": "2024-10-22 01:55:53 +0000"
    },
    "done": true
  },
  "DataVersion": 3120
}