{
  "irons_spellbooks:irons_spellbooks/spell_book_equip": {
    "criteria": {
      "requirement": "2024-10-22 22:58:10 +0000"
    },
    "done": true
  },
  "betterdungeons:root": {
    "criteria": {
      "always": "2024-10-22 01:55:53 +0000"
    },
    "done": true
  },
  "graveyard:graveyard/wraith_dim_light": {
    "criteria": {
      "dim_light": "2024-10-23 00:45:50 +0000"
    },
    "done": true
  },
  "minecraft:nether/get_wither_skull": {
    "criteria": {
      "wither_skull": "2024-10-23 00:49:11 +0000"
    },
    "done": true
  },
  "repurposed_structures:pyramids": {
    "criteria": {
      "in_pyramid_nether": "2024-10-25 23:29:24 +0000"
    },
    "done": false
  },
  "minecraft:adventure/kill_a_mob": {
    "criteria": {
      "minecraft:zombie": "2024-10-22 02:07:47 +0000"
    },
    "done": true
  },
  "minecraft:nether/obtain_crying_obsidian": {
    "criteria": {
      "crying_obsidian": "2024-10-22 21:33:36 +0000"
    },
    "done": true
  },
  "graveyard:graveyard/kill_wraith": {
    "criteria": {
      "wraith": "2024-10-23 00:45:01 +0000"
    },
    "done": true
  },
  "alexsmobs:alexsmobs/seagull_steal": {
    "criteria": {
      "ex": "2024-10-26 12:21:18 +0000"
    },
    "done": true
  },
  "irons_spellbooks:make_inscription_table": {
    "criteria": {
      "inscription_table": "2024-10-22 22:56:40 +0000"
    },
    "done": true
  },
  "repurposed_structures:villages": {
    "criteria": {
      "in_village_giant_taiga": "2024-10-26 12:11:05 +0000"
    },
    "done": false
  },
  "minecraft:story/obtain_armor": {
    "criteria": {
      "iron_chestplate": "2024-10-22 21:28:46 +0000"
    },
    "done": true
  },
  "graveyard:graveyard/dark_iron": {
    "criteria": {
      "dark_iron": "2024-10-23 00:48:43 +0000"
    },
    "done": true
  },
  "graveyard:graveyard/crypt": {
    "criteria": {
      "crypt": "2024-10-23 00:41:58 +0000"
    },
    "done": true
  },
  "minecraft:nether/obtain_blaze_rod": {
    "criteria": {
      "blaze_rod": "2024-10-26 12:24:15 +0000"
    },
    "done": true
  },
  "minecraft:story/mine_stone": {
    "criteria": {
      "get_stone": "2024-10-22 01:59:34 +0000"
    },
    "done": true
  },
  "graveyard:graveyard/middle_bone_staff": {
    "criteria": {
      "middle_bone_staff": "2024-10-26 12:13:23 +0000"
    },
    "done": true
  },
  "minecraft:nether/root": {
    "criteria": {
      "entered_nether": "2024-10-25 22:10:06 +0000"
    },
    "done": true
  },
  "iceandfire:iceandfire/bestiary": {
    "criteria": {
      "bestiary": "2024-10-22 03:01:45 +0000"
    },
    "done": true
  },
  "minecraft:adventure/adventuring_time": {
    "criteria": {
      "minecraft:old_growth_pine_taiga": "2024-10-26 12:02:10 +0000",
      "minecraft:taiga": "2024-10-26 12:20:09 +0000",
      "minecraft:birch_forest": "2024-10-26 11:44:25 +0000",
      "minecraft:bamboo_jungle": "2024-10-22 21:11:47 +0000",
      "minecraft:beach": "2024-10-22 03:09:20 +0000",
      "minecraft:dark_forest": "2024-10-26 11:35:02 +0000",
      "minecraft:mangrove_swamp": "2024-10-22 02:19:18 +0000",
      "minecraft:sparse_jungle": "2024-10-22 02:47:17 +0000",
      "minecraft:river": "2024-10-22 02:06:24 +0000",
      "minecraft:lukewarm_ocean": "2024-10-22 21:11:19 +0000",
      "minecraft:dripstone_caves": "2024-10-22 21:44:54 +0000",
      "minecraft:cold_ocean": "2024-10-26 13:01:44 +0000",
      "minecraft:forest": "2024-10-22 01:55:54 +0000",
      "minecraft:lush_caves": "2024-10-22 21:27:50 +0000",
      "minecraft:desert": "2024-10-22 02:26:43 +0000",
      "minecraft:jungle": "2024-10-22 21:10:11 +0000",
      "minecraft:ocean": "2024-10-26 11:35:13 +0000",
      "minecraft:old_growth_spruce_taiga": "2024-10-26 12:00:24 +0000",
      "minecraft:windswept_savanna": "2024-10-22 02:15:04 +0000",
      "minecraft:old_growth_birch_forest": "2024-10-26 11:34:30 +0000",
      "minecraft:savanna": "2024-10-22 02:02:54 +0000",
      "minecraft:plains": "2024-10-22 02:00:05 +0000"
    },
    "done": false
  },
  "minecraft:adventure/sleep_in_bed": {
    "criteria": {
      "slept_in_bed": "2024-10-22 02:09:42 +0000"
    },
    "done": true
  },
  "alexsmobs:alexsmobs/blood_sprayer": {
    "criteria": {
      "blood_sprayer": "2024-10-26 00:18:31 +0000"
    },
    "done": true
  },
  "irons_spellbooks:irons_spellbooks/spell_book_rotten": {
    "criteria": {
      "requirement": "2024-10-22 22:48:32 +0000"
    },
    "done": true
  },
  "minecraft:story/lava_bucket": {
    "criteria": {
      "lava_bucket": "2024-10-22 21:28:47 +0000"
    },
    "done": true
  },
  "iceandfire:iceandfire/root": {
    "criteria": {
      "tick": "2024-10-22 01:55:53 +0000"
    },
    "done": true
  },
  "minecraft:husbandry/root": {
    "criteria": {
      "consumed_item": "2024-10-22 02:04:08 +0000"
    },
    "done": true
  },
  "minecraft:story/shiny_gear": {
    "criteria": {
      "diamond_helmet": "2024-10-22 21:28:43 +0000"
    },
    "done": true
  },
  "irons_spellbooks:irons_spellbooks/enter_catacombs": {
    "criteria": {
      "in_catacombs": "2024-10-22 22:34:12 +0000"
    },
    "done": true
  },
  "minecraft:nether/obtain_ancient_debris": {
    "criteria": {
      "ancient_debris": "2024-10-25 23:24:40 +0000"
    },
    "done": true
  },
  "repurposed_structures:witch_huts": {
    "criteria": {
      "in_witch_hut_giant_tree_taiga": "2024-10-26 12:10:41 +0000"
    },
    "done": false
  },
  "repurposed_structures:ruins": {
    "criteria": {
      "in_ruins_nether": "2024-10-25 23:57:32 +0000"
    },
    "done": false
  },
  "minecraft:nether/loot_bastion": {
    "criteria": {
      "loot_bastion_treasure": "2024-10-25 23:13:22 +0000"
    },
    "done": true
  },
  "minecraft:adventure/root": {
    "criteria": {
      "killed_something": "2024-10-22 02:01:12 +0000"
    },
    "done": true
  },
  "mowziesmobs:root": {
    "criteria": {
      "custom_test_name": "2024-10-22 01:55:53 +0000"
    },
    "done": true
  },
  "irons_spellbooks:irons_spellbooks/staff_root": {
    "criteria": {
      "requirement": "2024-10-23 00:04:59 +0000"
    },
    "done": true
  },
  "repurposed_structures:mineshafts": {
    "criteria": {
      "in_mineshaft_jungle": "2024-10-25 20:38:55 +0000"
    },
    "done": false
  },
  "minecraft:nether/find_bastion": {
    "criteria": {
      "bastion": "2024-10-25 23:00:32 +0000"
    },
    "done": true
  },
  "irons_spellbooks:irons_spellbooks/make_inscription_table": {
    "criteria": {
      "inscription_table": "2024-10-22 22:56:40 +0000"
    },
    "done": true
  },
  "minecraft:husbandry/axolotl_in_a_bucket": {
    "criteria": {
      "axolotl_bucket": "2024-10-22 21:50:26 +0000"
    },
    "done": true
  },
  "minecraft:story/deflect_arrow": {
    "criteria": {
      "deflected_projectile": "2024-10-22 03:11:00 +0000"
    },
    "done": true
  },
  "quark:get_all_corundum": {
    "criteria": {
      "indigo": "2024-10-25 20:49:01 +0000"
    },
    "done": false
  },
  "minecraft:adventure/shoot_arrow": {
    "criteria": {
      "shot_arrow": "2024-10-25 22:26:22 +0000"
    },
    "done": true
  },
  "betterdungeons:all_dungeons": {
    "criteria": {
      "in_better_spider_dungeon": "2024-10-22 03:04:28 +0000"
    },
    "done": false
  },
  "iceandfire:iceandfire/kill_ghost": {
    "criteria": {
      "killed_fire_dragon": "2024-10-26 11:37:54 +0000"
    },
    "done": true
  },
  "cataclysm:root": {
    "criteria": {
      "custom_test_name": "2024-10-22 01:55:53 +0000"
    },
    "done": true
  },
  "minecraft:adventure/kill_all_mobs": {
    "criteria": {
      "minecraft:pillager": "2024-10-22 02:57:33 +0000",
      "minecraft:blaze": "2024-10-26 16:45:50 +0000",
      "minecraft:skeleton": "2024-10-22 02:48:43 +0000",
      "minecraft:zoglin": "2024-10-25 22:38:17 +0000",
      "minecraft:hoglin": "2024-10-25 22:37:31 +0000",
      "minecraft:vindicator": "2024-10-22 03:11:27 +0000",
      "minecraft:magma_cube": "2024-10-25 22:30:25 +0000",
      "minecraft:spider": "2024-10-22 02:48:47 +0000",
      "minecraft:piglin_brute": "2024-10-25 23:12:26 +0000",
      "minecraft:creeper": "2024-10-22 22:31:39 +0000",
      "minecraft:witch": "2024-10-23 00:30:14 +0000",
      "minecraft:wither_skeleton": "2024-10-22 21:28:11 +0000",
      "minecraft:cave_spider": "2024-10-25 21:47:50 +0000",
      "minecraft:piglin": "2024-10-25 22:39:43 +0000",
      "minecraft:enderman": "2024-10-25 21:55:51 +0000",
      "minecraft:zombie": "2024-10-22 02:07:47 +0000",
      "minecraft:zombie_villager": "2024-10-23 00:31:46 +0000"
    },
    "done": false
  },
  "graveyard:graveyard/dead_tree": {
    "criteria": {
      "dead_tree": "2024-10-22 02:21:12 +0000"
    },
    "done": true
  },
  "minecraft:story/enter_the_nether": {
    "criteria": {
      "entered_nether": "2024-10-25 22:10:06 +0000"
    },
    "done": true
  },
  "irons_spellbooks:grant_patchouli": {
    "criteria": {
      "tick": "2024-10-22 01:55:53 +0000"
    },
    "done": true
  },
  "repurposed_structures:temples": {
    "criteria": {
      "in_temple_nether_crimson": "2024-10-25 22:37:48 +0000"
    },
    "done": false
  },
  "minecraft:story/enchant_item": {
    "criteria": {
      "enchanted_item": "2024-10-23 00:28:44 +0000"
    },
    "done": true
  },
  "alexsmobs:alexsmobs/skelewag": {
    "criteria": {
      "killed_by": "2024-10-26 11:37:27 +0000"
    },
    "done": true
  },
  "minecraft:husbandry/balanced_diet": {
    "criteria": {
      "cooked_porkchop": "2024-10-22 02:39:28 +0000",
      "cooked_beef": "2024-10-22 03:10:46 +0000",
      "beef": "2024-10-22 02:57:06 +0000",
      "baked_potato": "2024-10-22 23:15:14 +0000",
      "porkchop": "2024-10-22 02:04:08 +0000",
      "apple": "2024-10-22 03:12:22 +0000",
      "potato": "2024-10-25 21:58:05 +0000",
      "pumpkin_pie": "2024-10-26 00:45:40 +0000",
      "bread": "2024-10-22 02:49:34 +0000",
      "golden_apple": "2024-10-22 21:54:50 +0000",
      "rotten_flesh": "2024-10-22 02:44:57 +0000",
      "glow_berries": "2024-10-22 02:51:20 +0000",
      "melon_slice": "2024-10-22 02:10:31 +0000",
      "golden_carrot": "2024-10-22 22:37:53 +0000",
      "mushroom_stew": "2024-10-26 00:29:40 +0000",
      "carrot": "2024-10-22 21:20:56 +0000"
    },
    "done": false
  },
  "irons_spellbooks:irons_spellbooks/ink_root": {
    "criteria": {
      "requirement": "2024-10-23 00:04:59 +0000"
    },
    "done": true
  },
  "minecraft:adventure/trade": {
    "criteria": {
      "traded": "2024-10-26 12:14:57 +0000"
    },
    "done": true
  },
  "minecraft:nether/explore_nether": {
    "criteria": {
      "minecraft:crimson_forest": "2024-10-25 22:10:06 +0000",
      "minecraft:nether_wastes": "2024-10-25 22:13:14 +0000",
      "minecraft:soul_sand_valley": "2024-10-25 23:59:54 +0000",
      "minecraft:warped_forest": "2024-10-26 13:09:59 +0000",
      "minecraft:basalt_deltas": "2024-10-26 16:52:01 +0000"
    },
    "done": true
  },
  "unstructured:temple_dungeon": {
    "criteria": {
      "in_temple_dungeon": "2024-10-22 21:25:34 +0000"
    },
    "done": true
  },
  "minecraft:adventure/voluntary_exile": {
    "criteria": {
      "voluntary_exile": "2024-10-22 03:00:48 +0000"
    },
    "done": true
  },
  "minecraft:story/iron_tools": {
    "criteria": {
      "iron_pickaxe": "2024-10-22 02:50:14 +0000"
    },
    "done": true
  },
  "minecraft:story/mine_diamond": {
    "criteria": {
      "diamond": "2024-10-22 02:50:20 +0000"
    },
    "done": true
  },
  "minecraft:story/upgrade_tools": {
    "criteria": {
      "stone_pickaxe": "2024-10-22 02:00:19 +0000"
    },
    "done": true
  },
  "irons_spellbooks:irons_spellbooks/staff_blood_staff": {
    "criteria": {
      "requirement": "2024-10-23 00:04:59 +0000"
    },
    "done": true
  },
  "irons_spellbooks:irons_spellbooks/ink_legendary": {
    "criteria": {
      "requirement": "2024-10-23 00:04:59 +0000"
    },
    "done": true
  },
  "minecraft:story/root": {
    "criteria": {
      "crafting_table": "2024-10-22 02:00:11 +0000"
    },
    "done": true
  },
  "graveyard:graveyard/corruption": {
    "criteria": {
      "corruption": "2024-10-23 00:44:11 +0000"
    },
    "done": true
  },
  "minecraft:story/smelt_iron": {
    "criteria": {
      "iron": "2024-10-22 02:42:35 +0000"
    },
    "done": true
  },
  "irons_spellbooks:irons_spellbooks/root": {
    "criteria": {
      "inscription_table": "2024-10-22 22:56:40 +0000"
    },
    "done": true
  },
  "betterdungeons:spider_dungeon": {
    "criteria": {
      "in_better_spider_dungeon": "2024-10-22 03:04:28 +0000"
    },
    "done": true
  },
  "alexsmobs:alexsmobs/crimson_mosquito": {
    "criteria": {
      "killed_by": "2024-10-25 22:11:03 +0000"
    },
    "done": true
  },
  "artifacts:amateur_archaeologist": {
    "criteria": {
      "find_artifact": "2024-10-22 02:41:37 +0000"
    },
    "done": true
  },
  "minecraft:story/form_obsidian": {
    "criteria": {
      "obsidian": "2024-10-22 21:33:23 +0000"
    },
    "done": true
  },
  "artifacts:chest_slayer": {
    "criteria": {
      "kill_mimic": "2024-10-25 20:57:28 +0000"
    },
    "done": true
  },
  "repurposed_structures:root": {
    "criteria": {
      "always": "2024-10-22 01:55:53 +0000"
    },
    "done": true
  },
  "DataVersion": 3120
}