{
  "betterdungeons:root": {
    "criteria": {
      "always": "2024-10-22 00:25:18 +0000"
    },
    "done": true
  },
  "iceandfire:iceandfire/root": {
    "criteria": {
      "tick": "2024-10-22 00:25:18 +0000"
    },
    "done": true
  },
  "minecraft:husbandry/root": {
    "criteria": {
      "consumed_item": "2024-10-22 00:28:24 +0000"
    },
    "done": true
  },
  "mowziesmobs:root": {
    "criteria": {
      "custom_test_name": "2024-10-22 00:25:18 +0000"
    },
    "done": true
  },
  "cataclysm:root": {
    "criteria": {
      "custom_test_name": "2024-10-22 00:25:18 +0000"
    },
    "done": true
  },
  "minecraft:adventure/adventuring_time": {
    "criteria": {
      "minecraft:mangrove_swamp": "2024-10-22 00:27:03 +0000",
      "minecraft:river": "2024-10-22 00:27:01 +0000",
      "minecraft:desert": "2024-10-22 00:26:50 +0000",
      "minecraft:windswept_savanna": "2024-10-22 00:25:20 +0000",
      "minecraft:warm_ocean": "2024-10-22 00:28:00 +0000",
      "minecraft:savanna": "2024-10-22 00:27:07 +0000"
    },
    "done": false
  },
  "irons_spellbooks:grant_patchouli": {
    "criteria": {
      "tick": "2024-10-22 00:25:18 +0000"
    },
    "done": true
  },
  "repurposed_structures:root": {
    "criteria": {
      "always": "2024-10-22 00:25:18 +0000"
    },
    "done": true
  },
  "DataVersion": 3120
}