{
  "dungeons_arise:wda_root": {
    "criteria": {
      "WDA": "2024-11-04 22:41:48 +0000"
    },
    "done": true
  },
  "rpg_classes:root": {
    "criteria": {
      "always": "2024-11-04 22:41:48 +0000"
    },
    "done": true
  },
  "incendium:technical/using/ragnarok": {
    "criteria": {
      "log_spam_fixer": "2024-11-04 22:41:49 +0000"
    },
    "done": false
  },
  "simplyswords:grant_book_on_first_join": {
    "criteria": {
      "tick": "2024-11-04 22:41:48 +0000"
    },
    "done": true
  },
  "incendium:technical/using/trailblazer": {
    "criteria": {
      "log_spam_fixer": "2024-11-04 22:41:49 +0000"
    },
    "done": false
  },
  "incendium:technical/using/shield": {
    "criteria": {
      "log_spam_fixer": "2024-11-04 22:41:49 +0000"
    },
    "done": false
  },
  "incendium:technical/new_player": {
    "criteria": {
      "requirement": "2024-11-04 22:41:48 +0000"
    },
    "done": true
  },
  "incendium:technical/scroll_of_returning": {
    "criteria": {
      "log_spam_fixer": "2024-11-04 22:41:49 +0000"
    },
    "done": false
  },
  "minecraft:adventure/adventuring_time": {
    "criteria": {
      "minecraft:plains": "2024-11-04 22:41:49 +0000"
    },
    "done": false
  },
  "DataVersion": 3120
}