{
  "betterdungeons:root": {
    "criteria": {
      "always": "2024-10-22 01:55:41 +0000"
    },
    "done": true
  },
  "minecraft:nether/get_wither_skull": {
    "criteria": {
      "wither_skull": "2024-10-22 02:32:15 +0000"
    },
    "done": true
  },
  "repurposed_structures:pyramids": {
    "criteria": {
      "in_pyramid_jungle": "2024-10-22 04:06:04 +0000"
    },
    "done": false
  },
  "minecraft:adventure/kill_a_mob": {
    "criteria": {
      "minecraft:zombie": "2024-10-22 02:08:11 +0000"
    },
    "done": true
  },
  "cataclysm:root": {
    "criteria": {
      "custom_test_name": "2024-10-22 01:55:41 +0000"
    },
    "done": true
  },
  "minecraft:adventure/kill_all_mobs": {
    "criteria": {
      "minecraft:skeleton": "2024-10-22 03:34:37 +0000",
      "minecraft:wither_skeleton": "2024-10-22 04:35:09 +0000",
      "minecraft:enderman": "2024-10-22 03:50:00 +0000",
      "minecraft:silverfish": "2024-10-22 04:09:28 +0000",
      "minecraft:stray": "2024-10-22 04:35:59 +0000",
      "minecraft:zombie": "2024-10-22 02:08:11 +0000",
      "minecraft:zombie_villager": "2024-10-22 03:50:22 +0000"
    },
    "done": false
  },
  "graveyard:graveyard/dead_tree": {
    "criteria": {
      "dead_tree": "2024-10-22 02:21:15 +0000"
    },
    "done": true
  },
  "irons_spellbooks:grant_patchouli": {
    "criteria": {
      "tick": "2024-10-22 01:55:41 +0000"
    },
    "done": true
  },
  "minecraft:story/obtain_armor": {
    "criteria": {
      "iron_boots": "2024-10-22 02:21:53 +0000"
    },
    "done": true
  },
  "minecraft:husbandry/balanced_diet": {
    "criteria": {
      "bread": "2024-10-22 03:28:03 +0000",
      "golden_apple": "2024-10-22 02:35:42 +0000",
      "melon_slice": "2024-10-22 04:04:36 +0000",
      "carrot": "2024-10-22 02:59:05 +0000"
    },
    "done": false
  },
  "minecraft:story/mine_stone": {
    "criteria": {
      "get_stone": "2024-10-22 02:00:23 +0000"
    },
    "done": true
  },
  "minecraft:adventure/adventuring_time": {
    "criteria": {
      "minecraft:bamboo_jungle": "2024-10-22 04:05:27 +0000",
      "minecraft:mangrove_swamp": "2024-10-22 02:18:11 +0000",
      "minecraft:sparse_jungle": "2024-10-22 04:29:23 +0000",
      "minecraft:river": "2024-10-22 02:05:34 +0000",
      "minecraft:forest": "2024-10-22 01:55:43 +0000",
      "minecraft:lush_caves": "2024-10-22 03:48:33 +0000",
      "minecraft:jungle": "2024-10-22 03:54:23 +0000",
      "minecraft:windswept_savanna": "2024-10-22 02:15:23 +0000",
      "minecraft:savanna": "2024-10-22 02:03:14 +0000",
      "minecraft:plains": "2024-10-22 02:00:38 +0000"
    },
    "done": false
  },
  "unstructured:temple_dungeon": {
    "criteria": {
      "in_temple_dungeon": "2024-10-22 04:30:15 +0000"
    },
    "done": true
  },
  "minecraft:adventure/sleep_in_bed": {
    "criteria": {
      "slept_in_bed": "2024-10-22 02:09:59 +0000"
    },
    "done": true
  },
  "minecraft:story/lava_bucket": {
    "criteria": {
      "lava_bucket": "2024-10-22 20:28:42 +0000"
    },
    "done": true
  },
  "iceandfire:iceandfire/root": {
    "criteria": {
      "tick": "2024-10-22 01:55:41 +0000"
    },
    "done": true
  },
  "minecraft:husbandry/root": {
    "criteria": {
      "consumed_item": "2024-10-22 02:01:27 +0000"
    },
    "done": true
  },
  "repurposed_structures:outposts": {
    "criteria": {
      "in_outpost_mangrove": "2024-10-22 03:57:22 +0000"
    },
    "done": false
  },
  "minecraft:story/iron_tools": {
    "criteria": {
      "iron_pickaxe": "2024-10-22 04:33:46 +0000"
    },
    "done": true
  },
  "graveyard:graveyard/haunted_house": {
    "criteria": {
      "haunted_house": "2024-10-22 02:27:38 +0000"
    },
    "done": true
  },
  "minecraft:story/shiny_gear": {
    "criteria": {
      "diamond_boots": "2024-10-22 04:33:10 +0000"
    },
    "done": true
  },
  "minecraft:story/mine_diamond": {
    "criteria": {
      "diamond": "2024-10-22 04:34:13 +0000"
    },
    "done": true
  },
  "minecraft:story/upgrade_tools": {
    "criteria": {
      "stone_pickaxe": "2024-10-22 02:34:44 +0000"
    },
    "done": true
  },
  "alexsmobs:alexsmobs/root": {
    "criteria": {
      "useitem": "2024-10-22 02:01:27 +0000"
    },
    "done": true
  },
  "minecraft:story/root": {
    "criteria": {
      "crafting_table": "2024-10-22 01:57:21 +0000"
    },
    "done": true
  },
  "graveyard:graveyard/corruption": {
    "criteria": {
      "corruption": "2024-10-22 02:42:26 +0000"
    },
    "done": true
  },
  "repurposed_structures:fortress_jungle": {
    "criteria": {
      "in_jungle_fortress": "2024-10-22 04:09:03 +0000"
    },
    "done": true
  },
  "minecraft:story/smelt_iron": {
    "criteria": {
      "iron": "2024-10-22 02:02:50 +0000"
    },
    "done": true
  },
  "minecraft:adventure/root": {
    "criteria": {
      "killed_something": "2024-10-22 02:02:12 +0000"
    },
    "done": true
  },
  "mowziesmobs:root": {
    "criteria": {
      "custom_test_name": "2024-10-22 01:55:41 +0000"
    },
    "done": true
  },
  "minecraft:story/deflect_arrow": {
    "criteria": {
      "deflected_projectile": "2024-10-22 04:06:49 +0000"
    },
    "done": true
  },
  "repurposed_structures:root": {
    "criteria": {
      "always": "2024-10-22 01:55:41 +0000"
    },
    "done": true
  },
  "DataVersion": 3120
}